[2026-06-11 07:56:08Z INFO HostContext] No proxy settings were found based on environmental variables (http_proxy/https_proxy/HTTP_PROXY/HTTPS_PROXY)
[2026-06-11 07:56:08Z INFO HostContext] Well known directory 'Bin': 'C:\Users\highf\Downloads\hfs\actions-runner\actions-runner\bin'
[2026-06-11 07:56:08Z INFO HostContext] Well known directory 'Root': 'C:\Users\highf\Downloads\hfs\actions-runner\actions-runner'
[2026-06-11 07:56:08Z INFO HostContext] Well known config file 'Credentials': 'C:\Users\highf\Downloads\hfs\actions-runner\actions-runner\.credentials'
[2026-06-11 07:56:08Z INFO HostContext] Well known directory 'Bin': 'C:\Users\highf\Downloads\hfs\actions-runner\actions-runner\bin'
[2026-06-11 07:56:08Z INFO HostContext] Well known directory 'Root': 'C:\Users\highf\Downloads\hfs\actions-runner\actions-runner'
[2026-06-11 07:56:08Z INFO HostContext] Well known config file 'Runner': 'C:\Users\highf\Downloads\hfs\actions-runner\actions-runner\.runner'
[2026-06-11 07:56:08Z INFO Listener] Runner is built for Windows (X64) - win-x64.
[2026-06-11 07:56:08Z INFO Listener] RuntimeInformation: Microsoft Windows 10.0.26200.
[2026-06-11 07:56:08Z INFO Listener] Version: 2.334.0
[2026-06-11 07:56:08Z INFO Listener] Commit: f1995ede5d885c997d13d8eca5467c4ce97fe69c
[2026-06-11 07:56:08Z INFO Listener] Culture: ja-JP
[2026-06-11 07:56:08Z INFO Listener] UI Culture: ja-JP
[2026-06-11 07:56:08Z INFO HostContext] Well known directory 'Bin': 'C:\Users\highf\Downloads\hfs\actions-runner\actions-runner\bin'
[2026-06-11 07:56:08Z INFO HostContext] Well known directory 'Root': 'C:\Users\highf\Downloads\hfs\actions-runner\actions-runner'
[2026-06-11 07:56:08Z INFO Listener] Validating directory permissions for: 'C:\Users\highf\Downloads\hfs\actions-runner\actions-runner'
[2026-06-11 07:56:08Z INFO CommandLineParser] Parse
[2026-06-11 07:56:08Z INFO CommandLineParser] Parsing 1 args
[2026-06-11 07:56:08Z INFO CommandLineParser] parsing argument
[2026-06-11 07:56:08Z INFO CommandLineParser] HasArgs: False
[2026-06-11 07:56:08Z INFO CommandLineParser] Adding Command: run
[2026-06-11 07:56:08Z INFO Listener] Arguments parsed
[2026-06-11 07:56:08Z INFO Runner] ExecuteCommand
[2026-06-11 07:56:08Z INFO ConfigurationStore] currentAssemblyLocation: C:\Users\highf\Downloads\hfs\actions-runner\actions-runner\bin\Runner.Listener.dll
[2026-06-11 07:56:08Z INFO HostContext] Well known directory 'Bin': 'C:\Users\highf\Downloads\hfs\actions-runner\actions-runner\bin'
[2026-06-11 07:56:08Z INFO ConfigurationStore] binPath: C:\Users\highf\Downloads\hfs\actions-runner\actions-runner\bin
[2026-06-11 07:56:08Z INFO HostContext] Well known directory 'Bin': 'C:\Users\highf\Downloads\hfs\actions-runner\actions-runner\bin'
[2026-06-11 07:56:08Z INFO HostContext] Well known directory 'Root': 'C:\Users\highf\Downloads\hfs\actions-runner\actions-runner'
[2026-06-11 07:56:08Z INFO ConfigurationStore] RootFolder: C:\Users\highf\Downloads\hfs\actions-runner\actions-runner
[2026-06-11 07:56:08Z INFO HostContext] Well known directory 'Bin': 'C:\Users\highf\Downloads\hfs\actions-runner\actions-runner\bin'
[2026-06-11 07:56:08Z INFO HostContext] Well known directory 'Root': 'C:\Users\highf\Downloads\hfs\actions-runner\actions-runner'
[2026-06-11 07:56:08Z INFO HostContext] Well known config file 'Runner': 'C:\Users\highf\Downloads\hfs\actions-runner\actions-runner\.runner'
[2026-06-11 07:56:08Z INFO ConfigurationStore] ConfigFilePath: C:\Users\highf\Downloads\hfs\actions-runner\actions-runner\.runner
[2026-06-11 07:56:08Z INFO HostContext] Well known directory 'Bin': 'C:\Users\highf\Downloads\hfs\actions-runner\actions-runner\bin'
[2026-06-11 07:56:08Z INFO HostContext] Well known directory 'Root': 'C:\Users\highf\Downloads\hfs\actions-runner\actions-runner'
[2026-06-11 07:56:08Z INFO HostContext] Well known config file 'MigratedRunner': 'C:\Users\highf\Downloads\hfs\actions-runner\actions-runner\.runner_migrated'
[2026-06-11 07:56:08Z INFO ConfigurationStore] MigratedConfigFilePath: C:\Users\highf\Downloads\hfs\actions-runner\actions-runner\.runner_migrated
[2026-06-11 07:56:08Z INFO HostContext] Well known directory 'Bin': 'C:\Users\highf\Downloads\hfs\actions-runner\actions-runner\bin'
[2026-06-11 07:56:08Z INFO HostContext] Well known directory 'Root': 'C:\Users\highf\Downloads\hfs\actions-runner\actions-runner'
[2026-06-11 07:56:08Z INFO HostContext] Well known config file 'Credentials': 'C:\Users\highf\Downloads\hfs\actions-runner\actions-runner\.credentials'
[2026-06-11 07:56:08Z INFO ConfigurationStore] CredFilePath: C:\Users\highf\Downloads\hfs\actions-runner\actions-runner\.credentials
[2026-06-11 07:56:08Z INFO HostContext] Well known directory 'Bin': 'C:\Users\highf\Downloads\hfs\actions-runner\actions-runner\bin'
[2026-06-11 07:56:08Z INFO HostContext] Well known directory 'Root': 'C:\Users\highf\Downloads\hfs\actions-runner\actions-runner'
[2026-06-11 07:56:08Z INFO HostContext] Well known config file 'MigratedCredentials': 'C:\Users\highf\Downloads\hfs\actions-runner\actions-runner\.credentials_migrated'
[2026-06-11 07:56:08Z INFO ConfigurationStore] MigratedCredFilePath: C:\Users\highf\Downloads\hfs\actions-runner\actions-runner\.credentials_migrated
[2026-06-11 07:56:08Z INFO HostContext] Well known directory 'Bin': 'C:\Users\highf\Downloads\hfs\actions-runner\actions-runner\bin'
[2026-06-11 07:56:08Z INFO HostContext] Well known directory 'Root': 'C:\Users\highf\Downloads\hfs\actions-runner\actions-runner'
[2026-06-11 07:56:08Z INFO HostContext] Well known config file 'Service': 'C:\Users\highf\Downloads\hfs\actions-runner\actions-runner\.service'
[2026-06-11 07:56:08Z INFO ConfigurationStore] ServiceConfigFilePath: C:\Users\highf\Downloads\hfs\actions-runner\actions-runner\.service
[2026-06-11 07:56:08Z INFO CommandSettings] Flag 'help': 'False'
[2026-06-11 07:56:08Z INFO CommandSettings] Flag 'version': 'False'
[2026-06-11 07:56:08Z INFO CommandSettings] Flag 'commit': 'False'
[2026-06-11 07:56:08Z INFO CommandSettings] Flag 'check': 'False'
[2026-06-11 07:56:08Z INFO CommandSettings] Command 'configure': 'False'
[2026-06-11 07:56:08Z INFO CommandSettings] Command 'remove': 'False'
[2026-06-11 07:56:08Z INFO CommandSettings] Command 'warmup': 'False'
[2026-06-11 07:56:08Z INFO ConfigurationManager] LoadSettings
[2026-06-11 07:56:08Z INFO ConfigurationStore] IsConfigured()
[2026-06-11 07:56:08Z INFO ConfigurationStore] IsConfigured: True
[2026-06-11 07:56:08Z INFO ConfigurationManager] Is configured: True
[2026-06-11 07:56:08Z INFO ConfigurationStore] Read setting file: 401 chars
[2026-06-11 07:56:08Z INFO ConfigurationManager] Settings Loaded
[2026-06-11 07:56:08Z INFO ConfigurationStore] IsServiceConfigured()
[2026-06-11 07:56:08Z INFO ConfigurationStore] IsServiceConfigured: False
[2026-06-11 07:56:08Z INFO CommandSettings] Command 'run': 'True'
[2026-06-11 07:56:08Z INFO ConfigurationStore] IsConfigured()
[2026-06-11 07:56:08Z INFO ConfigurationStore] IsConfigured: True
[2026-06-11 07:56:08Z INFO ConfigurationManager] Is configured: True
[2026-06-11 07:56:08Z INFO Runner] Could not parse the argument value '' for StartupType. Defaulting to Manual
[2026-06-11 07:56:08Z INFO Runner] Set runner startup type - Manual
[2026-06-11 07:56:08Z INFO CommandSettings] Flag 'once': 'False'
[2026-06-11 07:56:08Z INFO CommandSettings] Flag 'once': 'False'
[2026-06-11 07:56:08Z INFO Runner] RunAsync
[2026-06-11 07:56:08Z INFO HostContext] Well known directory 'Bin': 'C:\Users\highf\Downloads\hfs\actions-runner\actions-runner\bin'
[2026-06-11 07:56:08Z INFO HostContext] Well known directory 'Root': 'C:\Users\highf\Downloads\hfs\actions-runner\actions-runner'
[2026-06-11 07:56:08Z INFO HostContext] Well known directory 'Work': 'C:\Users\highf\Downloads\hfs\actions-runner\actions-runner\_work'
[2026-06-11 07:56:08Z INFO Runner] Validating directory permissions for: 'C:\Users\highf\Downloads\hfs\actions-runner\actions-runner\_work'
[2026-06-11 07:56:08Z INFO ConfigurationManager] LoadMigratedSettings
[2026-06-11 07:56:08Z INFO ConfigurationStore] IsMigratedConfigured()
[2026-06-11 07:56:08Z INFO ConfigurationStore] IsMigratedConfigured: False
[2026-06-11 07:56:08Z INFO Runner] Failed to load migrated settings: No migrated configuration found.
[2026-06-11 07:56:08Z INFO Runner] Falling back to original .runner settings
[2026-06-11 07:56:08Z INFO Runner] Using BrokerMessageListener
[2026-06-11 07:56:08Z INFO BrokerMessageListener] Using provided settings
[2026-06-11 07:56:08Z INFO BrokerMessageListener] {
  "AgentId": 26,
  "AgentName": "HIGHFIVESALAD",
  "PoolId": 1,
  "PoolName": "Default",
  "ServerUrl": "https://pipelinesghubeus8.actions.githubusercontent.com/T27dm1oo1vVbbW7Joieg9XHLkdhSlKdo9VaKMuZ3I9naEyan9h/",
  "GitHubUrl": "https://github.com/sitaramm25/hfs-uber-sync",
  "WorkFolder": "_work",
  "UseV2Flow": true,
  "ServerUrlV2": "https://broker.actions.githubusercontent.com/"
}
[2026-06-11 07:56:08Z INFO BrokerMessageListener] Loading Credentials
[2026-06-11 07:56:08Z INFO ConfigurationStore] HasCredentials()
[2026-06-11 07:56:08Z INFO ConfigurationStore] stored True
[2026-06-11 07:56:08Z INFO CredentialManager] GetCredentialProvider
[2026-06-11 07:56:08Z INFO CredentialManager] Creating type OAuth
[2026-06-11 07:56:08Z INFO CredentialManager] Creating credential type: OAuth
[2026-06-11 07:56:08Z INFO HostContext] Well known directory 'Bin': 'C:\Users\highf\Downloads\hfs\actions-runner\actions-runner\bin'
[2026-06-11 07:56:08Z INFO HostContext] Well known directory 'Root': 'C:\Users\highf\Downloads\hfs\actions-runner\actions-runner'
[2026-06-11 07:56:08Z INFO HostContext] Well known config file 'RSACredentials': 'C:\Users\highf\Downloads\hfs\actions-runner\actions-runner\.credentials_rsaparams'
[2026-06-11 07:56:08Z INFO RSAEncryptedFileKeyManager] Loading RSA key parameters from file C:\Users\highf\Downloads\hfs\actions-runner\actions-runner\.credentials_rsaparams
[2026-06-11 07:56:08Z INFO BrokerMessageListener] Attempt to create session.
[2026-06-11 07:56:08Z INFO BrokerMessageListener] Connecting to the Broker Server...
[2026-06-11 07:56:08Z INFO ConfigurationStore] HasCredentials()
[2026-06-11 07:56:08Z INFO ConfigurationStore] stored True
[2026-06-11 07:56:08Z INFO CredentialManager] GetCredentialProvider
[2026-06-11 07:56:08Z INFO CredentialManager] Creating type OAuth
[2026-06-11 07:56:08Z INFO CredentialManager] Creating credential type: OAuth
[2026-06-11 07:56:08Z INFO RSAEncryptedFileKeyManager] Loading RSA key parameters from file C:\Users\highf\Downloads\hfs\actions-runner\actions-runner\.credentials_rsaparams
[2026-06-11 07:56:08Z INFO BrokerMessageListener] VssConnection created
[2026-06-11 07:56:08Z INFO BrokerMessageListener] Connecting to the Runner server...
[2026-06-11 07:56:08Z INFO RunnerServer] EstablishVssConnection
[2026-06-11 07:56:08Z INFO RunnerServer] Establish connection with 100 seconds timeout.
[2026-06-11 07:56:08Z INFO GitHubActionsService] Starting operation Location.GetConnectionData
[2026-06-11 07:56:08Z INFO RunnerServer] EstablishVssConnection
[2026-06-11 07:56:08Z INFO RunnerServer] Establish connection with 60 seconds timeout.
[2026-06-11 07:56:08Z INFO GitHubActionsService] Starting operation Location.GetConnectionData
[2026-06-11 07:56:08Z INFO RunnerServer] EstablishVssConnection
[2026-06-11 07:56:08Z INFO RunnerServer] Establish connection with 60 seconds timeout.
[2026-06-11 07:56:08Z INFO GitHubActionsService] Starting operation Location.GetConnectionData
[2026-06-11 07:56:09Z INFO GitHubActionsService] Finished operation Location.GetConnectionData
[2026-06-11 07:56:09Z INFO GitHubActionsService] Finished operation Location.GetConnectionData
[2026-06-11 07:56:09Z INFO GitHubActionsService] Finished operation Location.GetConnectionData
[2026-06-11 07:56:09Z INFO BrokerMessageListener] VssConnection created
[2026-06-11 07:56:09Z INFO Terminal] WRITE LINE: 
[2026-06-11 07:56:09Z INFO Terminal] WRITE LINE: 
[2026-06-11 07:56:09Z INFO RSAEncryptedFileKeyManager] Loading RSA key parameters from file C:\Users\highf\Downloads\hfs\actions-runner\actions-runner\.credentials_rsaparams
[2026-06-11 07:56:09Z INFO RSAEncryptedFileKeyManager] Loading RSA key parameters from file C:\Users\highf\Downloads\hfs\actions-runner\actions-runner\.credentials_rsaparams
[2026-06-11 07:56:11Z INFO GitHubActionsService] AAD Correlation ID for this token request: Unknown
[2026-06-11 07:56:11Z INFO BrokerMessageListener] Session created.
[2026-06-11 07:56:11Z INFO Terminal] WRITE LINE: Current runner version: '2.334.0'
[2026-06-11 07:56:11Z INFO Terminal] WRITE LINE: 2026-06-11 07:56:11Z: Listening for Jobs
[2026-06-11 07:56:11Z INFO JobDispatcher] Set runner/worker IPC timeout to 30 seconds.
[2026-06-11 07:56:13Z INFO BrokerMessageListener] Acknowledging runner request '18201acf-000b-549d-96c2-105b99dd671e'.
[2026-06-11 07:56:13Z INFO ConfigurationStore] HasCredentials()
[2026-06-11 07:56:13Z INFO ConfigurationStore] stored True
[2026-06-11 07:56:13Z INFO CredentialManager] GetCredentialProvider
[2026-06-11 07:56:13Z INFO CredentialManager] Creating type OAuth
[2026-06-11 07:56:13Z INFO CredentialManager] Creating credential type: OAuth
[2026-06-11 07:56:13Z INFO RSAEncryptedFileKeyManager] Loading RSA key parameters from file C:\Users\highf\Downloads\hfs\actions-runner\actions-runner\.credentials_rsaparams
[2026-06-11 07:56:13Z INFO RSAEncryptedFileKeyManager] Loading RSA key parameters from file C:\Users\highf\Downloads\hfs\actions-runner\actions-runner\.credentials_rsaparams
[2026-06-11 07:56:13Z INFO RSAEncryptedFileKeyManager] Loading RSA key parameters from file C:\Users\highf\Downloads\hfs\actions-runner\actions-runner\.credentials_rsaparams
[2026-06-11 07:56:14Z INFO GitHubActionsService] AAD Correlation ID for this token request: Unknown
[2026-06-11 07:56:16Z INFO JobDispatcher] Job request 0 for plan 10be32a6-2cc1-47b3-84e6-20ee33b92f0b job 18201acf-000b-549d-96c2-105b99dd671e received.
[2026-06-11 07:56:16Z INFO JobDispatcher] Pull OrchestrationId 10be32a6-2cc1-47b3-84e6-20ee33b92f0b.menu-sync.__default from JWT claims
[2026-06-11 07:56:16Z INFO BrokerMessageListener] Received job status event. JobState: Busy
[2026-06-11 07:56:16Z INFO BrokerMessageListener] _getMessagesTokenSource is already disposed.
[2026-06-11 07:56:16Z INFO Terminal] WRITE LINE: 2026-06-11 07:56:16Z: Running job: menu-sync
[2026-06-11 07:56:16Z INFO JobDispatcher] Start renew job request 0 for job 18201acf-000b-549d-96c2-105b99dd671e.
[2026-06-11 07:56:16Z INFO JobDispatcher] Successfully renew job 18201acf-000b-549d-96c2-105b99dd671e, job is valid till 2026/06/11 8:06:16
[2026-06-11 07:56:16Z INFO HostContext] Well known directory 'Bin': 'C:\Users\highf\Downloads\hfs\actions-runner\actions-runner\bin'
[2026-06-11 07:56:16Z INFO ProcessInvokerWrapper] Starting process:
[2026-06-11 07:56:16Z INFO ProcessInvokerWrapper]   File name: 'C:\Users\highf\Downloads\hfs\actions-runner\actions-runner\bin\Runner.Worker.exe'
[2026-06-11 07:56:16Z INFO ProcessInvokerWrapper]   Arguments: 'spawnclient 2256 2268'
[2026-06-11 07:56:16Z INFO ProcessInvokerWrapper]   Working directory: 'C:\Users\highf\Downloads\hfs\actions-runner\actions-runner\bin'
[2026-06-11 07:56:16Z INFO ProcessInvokerWrapper]   Require exit code zero: 'False'
[2026-06-11 07:56:16Z INFO ProcessInvokerWrapper]   Encoding web name:  ; code page: ''
[2026-06-11 07:56:16Z INFO ProcessInvokerWrapper]   Force kill process on cancellation: 'True'
[2026-06-11 07:56:16Z INFO ProcessInvokerWrapper]   Redirected STDIN: 'False'
[2026-06-11 07:56:16Z INFO ProcessInvokerWrapper]   Persist current code page: 'False'
[2026-06-11 07:56:16Z INFO ProcessInvokerWrapper]   Keep redirected STDIN open: 'False'
[2026-06-11 07:56:16Z INFO ProcessInvokerWrapper]   High priority process: 'True'
[2026-06-11 07:56:16Z INFO ProcessInvokerWrapper] Process started with process id 22092, waiting for process exit.
[2026-06-11 07:56:16Z INFO JobDispatcher] Send job request message to worker for job 18201acf-000b-549d-96c2-105b99dd671e.
[2026-06-11 07:56:16Z INFO ProcessChannel] Sending message of length 22462, with hash '2f550f7d89321a0053f691b701038c2b0891ca94bd22e8c38f5d8d80682c8b28'
[2026-06-11 07:56:17Z INFO JobNotification] Entering JobStarted Notification
[2026-06-11 07:56:17Z INFO JobNotification] Entering StartMonitor
[2026-06-11 07:57:13Z INFO ProcessInvokerWrapper] STDOUT/STDERR stream read finished.
[2026-06-11 07:57:13Z INFO ProcessInvokerWrapper] STDOUT/STDERR stream read finished.
[2026-06-11 07:57:13Z INFO ProcessInvokerWrapper] Finished process 22092 with exit code 102, and elapsed time 00:00:56.3723600.
[2026-06-11 07:57:13Z INFO JobDispatcher] Worker finished for job 18201acf-000b-549d-96c2-105b99dd671e. Code: 102
[2026-06-11 07:57:13Z INFO JobDispatcher] finish job request for job 18201acf-000b-549d-96c2-105b99dd671e with result: Failed
[2026-06-11 07:57:13Z INFO Terminal] WRITE LINE: 2026-06-11 07:57:13Z: Job menu-sync completed with result: Failed
[2026-06-11 07:57:13Z INFO JobDispatcher] Stop renew job request for job 18201acf-000b-549d-96c2-105b99dd671e.
[2026-06-11 07:57:13Z INFO JobDispatcher] job renew has been cancelled, stop renew job 18201acf-000b-549d-96c2-105b99dd671e.
[2026-06-11 07:57:13Z INFO JobNotification] Entering JobCompleted Notification
[2026-06-11 07:57:13Z INFO JobNotification] Entering EndMonitor
[2026-06-11 07:57:13Z INFO BrokerMessageListener] Received job status event. JobState: Online
[2026-06-11 07:57:13Z WARN GitHubActionsService] GET request to https://broker.actions.githubusercontent.com/message?sessionId=393c48ed-25e9-4d03-9191-9fc5f283b690&status=Busy&runnerVersion=2.334.0&os=Windows&architecture=X64&disableUpdate=false has been cancelled.
[2026-06-11 07:57:13Z ERR  BrokerServer] Catch exception during request
[2026-06-11 07:57:13Z ERR  BrokerServer] System.Threading.Tasks.TaskCanceledException: The operation was canceled.
 ---> System.Threading.Tasks.TaskCanceledException: The operation was canceled.
 ---> System.IO.IOException: Unable to read data from the transport connection: スレッドの終了またはアプリケーションの要求によって、I/O 処理は中止されました。.
 ---> System.Net.Sockets.SocketException (995): スレッドの終了またはアプリケーションの要求によって、I/O 処理は中止されました。
   --- End of inner exception stack trace ---
   at System.Net.Sockets.Socket.AwaitableSocketAsyncEventArgs.ThrowException(SocketError error, CancellationToken cancellationToken)
   at System.Net.Sockets.Socket.AwaitableSocketAsyncEventArgs.System.Threading.Tasks.Sources.IValueTaskSource<System.Int32>.GetResult(Int16 token)
   at System.Net.Security.SslStream.EnsureFullTlsFrameAsync[TIOAdapter](CancellationToken cancellationToken, Int32 estimatedSize)
   at System.Runtime.CompilerServices.PoolingAsyncValueTaskMethodBuilder`1.StateMachineBox`1.System.Threading.Tasks.Sources.IValueTaskSource<TResult>.GetResult(Int16 token)
   at System.Net.Security.SslStream.ReadAsyncInternal[TIOAdapter](Memory`1 buffer, CancellationToken cancellationToken)
   at System.Runtime.CompilerServices.PoolingAsyncValueTaskMethodBuilder`1.StateMachineBox`1.System.Threading.Tasks.Sources.IValueTaskSource<TResult>.GetResult(Int16 token)
   at System.Net.Http.HttpConnection.SendAsync(HttpRequestMessage request, Boolean async, CancellationToken cancellationToken)
   --- End of inner exception stack trace ---
   at System.Net.Http.HttpConnection.SendAsync(HttpRequestMessage request, Boolean async, CancellationToken cancellationToken)
   at System.Net.Http.AuthenticationHelper.SendWithNtAuthAsync(HttpRequestMessage request, Uri authUri, Boolean async, ICredentials credentials, Boolean isProxyAuth, HttpConnection connection, HttpConnectionPool connectionPool, CancellationToken cancellationToken)
   at System.Net.Http.HttpConnectionPool.SendWithVersionDetectionAndRetryAsync(HttpRequestMessage request, Boolean async, Boolean doRequestAuth, CancellationToken cancellationToken)
   at System.Net.Http.AuthenticationHelper.SendWithAuthAsync(HttpRequestMessage request, Uri authUri, Boolean async, ICredentials credentials, Boolean preAuthenticate, Boolean isProxyAuth, Boolean doRequestAuth, HttpConnectionPool pool, CancellationToken cancellationToken)
   at System.Net.Http.RedirectHandler.SendAsync(HttpRequestMessage request, Boolean async, CancellationToken cancellationToken)
   at GitHub.Services.Common.RawHttpMessageHandler.SendAsync(HttpRequestMessage request, CancellationToken cancellationToken)
   at GitHub.Services.Common.VssHttpRetryMessageHandler.SendAsync(HttpRequestMessage request, CancellationToken cancellationToken)
   at System.Net.Http.HttpClient.<SendAsync>g__Core|83_0(HttpRequestMessage request, HttpCompletionOption completionOption, CancellationTokenSource cts, Boolean disposeCts, CancellationTokenSource pendingRequestsCts, CancellationToken originalCancellationToken)
   --- End of inner exception stack trace ---
   at System.Net.Http.HttpClient.HandleFailure(Exception e, Boolean telemetryStarted, HttpResponseMessage response, CancellationTokenSource cts, CancellationToken cancellationToken, CancellationTokenSource pendingRequestsCts)
   at System.Net.Http.HttpClient.<SendAsync>g__Core|83_0(HttpRequestMessage request, HttpCompletionOption completionOption, CancellationTokenSource cts, Boolean disposeCts, CancellationTokenSource pendingRequestsCts, CancellationToken originalCancellationToken)
   at Sdk.WebApi.WebApi.RawHttpClientBase.SendAsync(HttpRequestMessage message, HttpCompletionOption completionOption, Object userState, CancellationToken cancellationToken)
   at Sdk.WebApi.WebApi.RawHttpClientBase.SendAsync[T](HttpRequestMessage message, Boolean readErrorBody, Object userState, CancellationToken cancellationToken)
   at Sdk.WebApi.WebApi.RawHttpClientBase.SendAsync[T](HttpMethod method, IEnumerable`1 additionalHeaders, Uri requestUri, HttpContent content, IEnumerable`1 queryParameters, Boolean readErrorBody, Object userState, CancellationToken cancellationToken)
   at GitHub.Actions.RunService.WebApi.BrokerHttpClient.GetRunnerMessageAsync(Nullable`1 sessionId, String runnerVersion, Nullable`1 status, String os, String architecture, Nullable`1 disableUpdate, CancellationToken cancellationToken)
   at GitHub.Runner.Common.BrokerServer.<>c__DisplayClass7_0.<<GetRunnerMessageAsync>b__0>d.MoveNext()
--- End of stack trace from previous location ---
   at GitHub.Runner.Common.RunnerService.RetryRequest[T](Func`1 func, CancellationToken cancellationToken, Int32 maxAttempts, Func`2 shouldRetry)
[2026-06-11 07:57:13Z ERR  BrokerServer] #####################################################
[2026-06-11 07:57:13Z ERR  BrokerServer] System.Threading.Tasks.TaskCanceledException: The operation was canceled.
 ---> System.IO.IOException: Unable to read data from the transport connection: スレッドの終了またはアプリケーションの要求によって、I/O 処理は中止されました。.
 ---> System.Net.Sockets.SocketException (995): スレッドの終了またはアプリケーションの要求によって、I/O 処理は中止されました。
   --- End of inner exception stack trace ---
   at System.Net.Sockets.Socket.AwaitableSocketAsyncEventArgs.ThrowException(SocketError error, CancellationToken cancellationToken)
   at System.Net.Sockets.Socket.AwaitableSocketAsyncEventArgs.System.Threading.Tasks.Sources.IValueTaskSource<System.Int32>.GetResult(Int16 token)
   at System.Net.Security.SslStream.EnsureFullTlsFrameAsync[TIOAdapter](CancellationToken cancellationToken, Int32 estimatedSize)
   at System.Runtime.CompilerServices.PoolingAsyncValueTaskMethodBuilder`1.StateMachineBox`1.System.Threading.Tasks.Sources.IValueTaskSource<TResult>.GetResult(Int16 token)
   at System.Net.Security.SslStream.ReadAsyncInternal[TIOAdapter](Memory`1 buffer, CancellationToken cancellationToken)
   at System.Runtime.CompilerServices.PoolingAsyncValueTaskMethodBuilder`1.StateMachineBox`1.System.Threading.Tasks.Sources.IValueTaskSource<TResult>.GetResult(Int16 token)
   at System.Net.Http.HttpConnection.SendAsync(HttpRequestMessage request, Boolean async, CancellationToken cancellationToken)
   --- End of inner exception stack trace ---
   at System.Net.Http.HttpConnection.SendAsync(HttpRequestMessage request, Boolean async, CancellationToken cancellationToken)
   at System.Net.Http.AuthenticationHelper.SendWithNtAuthAsync(HttpRequestMessage request, Uri authUri, Boolean async, ICredentials credentials, Boolean isProxyAuth, HttpConnection connection, HttpConnectionPool connectionPool, CancellationToken cancellationToken)
   at System.Net.Http.HttpConnectionPool.SendWithVersionDetectionAndRetryAsync(HttpRequestMessage request, Boolean async, Boolean doRequestAuth, CancellationToken cancellationToken)
   at System.Net.Http.AuthenticationHelper.SendWithAuthAsync(HttpRequestMessage request, Uri authUri, Boolean async, ICredentials credentials, Boolean preAuthenticate, Boolean isProxyAuth, Boolean doRequestAuth, HttpConnectionPool pool, CancellationToken cancellationToken)
   at System.Net.Http.RedirectHandler.SendAsync(HttpRequestMessage request, Boolean async, CancellationToken cancellationToken)
   at GitHub.Services.Common.RawHttpMessageHandler.SendAsync(HttpRequestMessage request, CancellationToken cancellationToken)
   at GitHub.Services.Common.VssHttpRetryMessageHandler.SendAsync(HttpRequestMessage request, CancellationToken cancellationToken)
   at System.Net.Http.HttpClient.<SendAsync>g__Core|83_0(HttpRequestMessage request, HttpCompletionOption completionOption, CancellationTokenSource cts, Boolean disposeCts, CancellationTokenSource pendingRequestsCts, CancellationToken originalCancellationToken)
[2026-06-11 07:57:13Z ERR  BrokerServer] #####################################################
[2026-06-11 07:57:13Z ERR  BrokerServer] System.IO.IOException: Unable to read data from the transport connection: スレッドの終了またはアプリケーションの要求によって、I/O 処理は中止されました。.
 ---> System.Net.Sockets.SocketException (995): スレッドの終了またはアプリケーションの要求によって、I/O 処理は中止されました。
   --- End of inner exception stack trace ---
   at System.Net.Sockets.Socket.AwaitableSocketAsyncEventArgs.ThrowException(SocketError error, CancellationToken cancellationToken)
   at System.Net.Sockets.Socket.AwaitableSocketAsyncEventArgs.System.Threading.Tasks.Sources.IValueTaskSource<System.Int32>.GetResult(Int16 token)
   at System.Net.Security.SslStream.EnsureFullTlsFrameAsync[TIOAdapter](CancellationToken cancellationToken, Int32 estimatedSize)
   at System.Runtime.CompilerServices.PoolingAsyncValueTaskMethodBuilder`1.StateMachineBox`1.System.Threading.Tasks.Sources.IValueTaskSource<TResult>.GetResult(Int16 token)
   at System.Net.Security.SslStream.ReadAsyncInternal[TIOAdapter](Memory`1 buffer, CancellationToken cancellationToken)
   at System.Runtime.CompilerServices.PoolingAsyncValueTaskMethodBuilder`1.StateMachineBox`1.System.Threading.Tasks.Sources.IValueTaskSource<TResult>.GetResult(Int16 token)
   at System.Net.Http.HttpConnection.SendAsync(HttpRequestMessage request, Boolean async, CancellationToken cancellationToken)
[2026-06-11 07:57:13Z ERR  BrokerServer] #####################################################
[2026-06-11 07:57:13Z ERR  BrokerServer] System.Net.Sockets.SocketException (995): スレッドの終了またはアプリケーションの要求によって、I/O 処理は中止されました。
[2026-06-11 07:57:13Z WARN BrokerServer] Back off 13.207 seconds before next retry. 4 attempt left.
[2026-06-11 07:57:13Z INFO BrokerMessageListener] Get messages has been cancelled using local token source. Continue to get messages with new status.
[2026-06-11 07:57:14Z INFO BrokerMessageListener] Acknowledging runner request '5189d109-c39d-54d7-9df1-627225fc9aaa'.
[2026-06-11 07:57:14Z INFO ConfigurationStore] HasCredentials()
[2026-06-11 07:57:14Z INFO ConfigurationStore] stored True
[2026-06-11 07:57:14Z INFO CredentialManager] GetCredentialProvider
[2026-06-11 07:57:14Z INFO CredentialManager] Creating type OAuth
[2026-06-11 07:57:14Z INFO CredentialManager] Creating credential type: OAuth
[2026-06-11 07:57:14Z INFO RSAEncryptedFileKeyManager] Loading RSA key parameters from file C:\Users\highf\Downloads\hfs\actions-runner\actions-runner\.credentials_rsaparams
[2026-06-11 07:57:14Z INFO RSAEncryptedFileKeyManager] Loading RSA key parameters from file C:\Users\highf\Downloads\hfs\actions-runner\actions-runner\.credentials_rsaparams
[2026-06-11 07:57:14Z INFO RSAEncryptedFileKeyManager] Loading RSA key parameters from file C:\Users\highf\Downloads\hfs\actions-runner\actions-runner\.credentials_rsaparams
[2026-06-11 07:57:15Z INFO GitHubActionsService] AAD Correlation ID for this token request: Unknown
[2026-06-11 07:57:16Z INFO JobDispatcher] Job request 0 for plan 55b6da12-716e-419f-9032-40946decd325 job 5189d109-c39d-54d7-9df1-627225fc9aaa received.
[2026-06-11 07:57:16Z INFO JobDispatcher] Pull OrchestrationId 55b6da12-716e-419f-9032-40946decd325.rocket-sync.__default from JWT claims
[2026-06-11 07:57:16Z INFO BrokerMessageListener] Received job status event. JobState: Busy
[2026-06-11 07:57:16Z INFO BrokerMessageListener] _getMessagesTokenSource is already disposed.
[2026-06-11 07:57:16Z INFO JobDispatcher] Job request 18201acf-000b-549d-96c2-105b99dd671e processed succeed.
[2026-06-11 07:57:16Z INFO Terminal] WRITE LINE: 2026-06-11 07:57:16Z: Running job: rocket-sync
[2026-06-11 07:57:16Z INFO JobDispatcher] Start renew job request 0 for job 5189d109-c39d-54d7-9df1-627225fc9aaa.
[2026-06-11 07:57:17Z INFO JobDispatcher] Successfully renew job 5189d109-c39d-54d7-9df1-627225fc9aaa, job is valid till 2026/06/11 8:07:17
[2026-06-11 07:57:17Z INFO HostContext] Well known directory 'Bin': 'C:\Users\highf\Downloads\hfs\actions-runner\actions-runner\bin'
[2026-06-11 07:57:17Z INFO ProcessInvokerWrapper] Starting process:
[2026-06-11 07:57:17Z INFO ProcessInvokerWrapper]   File name: 'C:\Users\highf\Downloads\hfs\actions-runner\actions-runner\bin\Runner.Worker.exe'
[2026-06-11 07:57:17Z INFO ProcessInvokerWrapper]   Arguments: 'spawnclient 2160 2256'
[2026-06-11 07:57:17Z INFO ProcessInvokerWrapper]   Working directory: 'C:\Users\highf\Downloads\hfs\actions-runner\actions-runner\bin'
[2026-06-11 07:57:17Z INFO ProcessInvokerWrapper]   Require exit code zero: 'False'
[2026-06-11 07:57:17Z INFO ProcessInvokerWrapper]   Encoding web name:  ; code page: ''
[2026-06-11 07:57:17Z INFO ProcessInvokerWrapper]   Force kill process on cancellation: 'True'
[2026-06-11 07:57:17Z INFO ProcessInvokerWrapper]   Redirected STDIN: 'False'
[2026-06-11 07:57:17Z INFO ProcessInvokerWrapper]   Persist current code page: 'False'
[2026-06-11 07:57:17Z INFO ProcessInvokerWrapper]   Keep redirected STDIN open: 'False'
[2026-06-11 07:57:17Z INFO ProcessInvokerWrapper]   High priority process: 'True'
[2026-06-11 07:57:17Z INFO ProcessInvokerWrapper] Process started with process id 19812, waiting for process exit.
[2026-06-11 07:57:17Z INFO JobDispatcher] Send job request message to worker for job 5189d109-c39d-54d7-9df1-627225fc9aaa.
[2026-06-11 07:57:17Z INFO ProcessChannel] Sending message of length 22491, with hash '3b3fe949521769bb72e25fd6c0b943b0950f31c8d80836d67236ea0ef5a96f29'
[2026-06-11 07:57:17Z INFO JobNotification] Entering JobStarted Notification
[2026-06-11 07:57:17Z INFO JobNotification] Entering StartMonitor
[2026-06-11 07:58:17Z INFO JobDispatcher] Successfully renew job 5189d109-c39d-54d7-9df1-627225fc9aaa, job is valid till 2026/06/11 8:08:17
[2026-06-11 07:58:46Z INFO ProcessInvokerWrapper] STDOUT/STDERR stream read finished.
[2026-06-11 07:58:46Z INFO ProcessInvokerWrapper] STDOUT/STDERR stream read finished.
[2026-06-11 07:58:46Z INFO ProcessInvokerWrapper] Finished process 19812 with exit code 102, and elapsed time 00:01:28.8999547.
[2026-06-11 07:58:46Z INFO JobDispatcher] Worker finished for job 5189d109-c39d-54d7-9df1-627225fc9aaa. Code: 102
[2026-06-11 07:58:46Z INFO JobDispatcher] finish job request for job 5189d109-c39d-54d7-9df1-627225fc9aaa with result: Failed
[2026-06-11 07:58:46Z INFO Terminal] WRITE LINE: 2026-06-11 07:58:46Z: Job rocket-sync completed with result: Failed
[2026-06-11 07:58:46Z INFO JobDispatcher] Stop renew job request for job 5189d109-c39d-54d7-9df1-627225fc9aaa.
[2026-06-11 07:58:46Z INFO JobDispatcher] job renew has been cancelled, stop renew job 5189d109-c39d-54d7-9df1-627225fc9aaa.
[2026-06-11 07:58:46Z INFO JobNotification] Entering JobCompleted Notification
[2026-06-11 07:58:46Z INFO JobNotification] Entering EndMonitor
[2026-06-11 07:58:46Z INFO BrokerMessageListener] Received job status event. JobState: Online
[2026-06-11 07:58:46Z WARN GitHubActionsService] GET request to https://broker.actions.githubusercontent.com/message?sessionId=393c48ed-25e9-4d03-9191-9fc5f283b690&status=Busy&runnerVersion=2.334.0&os=Windows&architecture=X64&disableUpdate=false has been cancelled.
[2026-06-11 07:58:46Z ERR  BrokerServer] Catch exception during request
[2026-06-11 07:58:46Z ERR  BrokerServer] System.Threading.Tasks.TaskCanceledException: The operation was canceled.
 ---> System.Threading.Tasks.TaskCanceledException: The operation was canceled.
 ---> System.IO.IOException: Unable to read data from the transport connection: スレッドの終了またはアプリケーションの要求によって、I/O 処理は中止されました。.
 ---> System.Net.Sockets.SocketException (995): スレッドの終了またはアプリケーションの要求によって、I/O 処理は中止されました。
   --- End of inner exception stack trace ---
   at System.Net.Sockets.Socket.AwaitableSocketAsyncEventArgs.ThrowException(SocketError error, CancellationToken cancellationToken)
   at System.Net.Sockets.Socket.AwaitableSocketAsyncEventArgs.System.Threading.Tasks.Sources.IValueTaskSource<System.Int32>.GetResult(Int16 token)
   at System.Net.Security.SslStream.EnsureFullTlsFrameAsync[TIOAdapter](CancellationToken cancellationToken, Int32 estimatedSize)
   at System.Runtime.CompilerServices.PoolingAsyncValueTaskMethodBuilder`1.StateMachineBox`1.System.Threading.Tasks.Sources.IValueTaskSource<TResult>.GetResult(Int16 token)
   at System.Net.Security.SslStream.ReadAsyncInternal[TIOAdapter](Memory`1 buffer, CancellationToken cancellationToken)
   at System.Runtime.CompilerServices.PoolingAsyncValueTaskMethodBuilder`1.StateMachineBox`1.System.Threading.Tasks.Sources.IValueTaskSource<TResult>.GetResult(Int16 token)
   at System.Net.Http.HttpConnection.SendAsync(HttpRequestMessage request, Boolean async, CancellationToken cancellationToken)
   --- End of inner exception stack trace ---
   at System.Net.Http.HttpConnection.SendAsync(HttpRequestMessage request, Boolean async, CancellationToken cancellationToken)
   at System.Net.Http.AuthenticationHelper.SendWithNtAuthAsync(HttpRequestMessage request, Uri authUri, Boolean async, ICredentials credentials, Boolean isProxyAuth, HttpConnection connection, HttpConnectionPool connectionPool, CancellationToken cancellationToken)
   at System.Net.Http.HttpConnectionPool.SendWithVersionDetectionAndRetryAsync(HttpRequestMessage request, Boolean async, Boolean doRequestAuth, CancellationToken cancellationToken)
   at System.Net.Http.AuthenticationHelper.SendWithAuthAsync(HttpRequestMessage request, Uri authUri, Boolean async, ICredentials credentials, Boolean preAuthenticate, Boolean isProxyAuth, Boolean doRequestAuth, HttpConnectionPool pool, CancellationToken cancellationToken)
   at System.Net.Http.RedirectHandler.SendAsync(HttpRequestMessage request, Boolean async, CancellationToken cancellationToken)
   at GitHub.Services.Common.RawHttpMessageHandler.SendAsync(HttpRequestMessage request, CancellationToken cancellationToken)
   at GitHub.Services.Common.VssHttpRetryMessageHandler.SendAsync(HttpRequestMessage request, CancellationToken cancellationToken)
   at System.Net.Http.HttpClient.<SendAsync>g__Core|83_0(HttpRequestMessage request, HttpCompletionOption completionOption, CancellationTokenSource cts, Boolean disposeCts, CancellationTokenSource pendingRequestsCts, CancellationToken originalCancellationToken)
   --- End of inner exception stack trace ---
   at System.Net.Http.HttpClient.HandleFailure(Exception e, Boolean telemetryStarted, HttpResponseMessage response, CancellationTokenSource cts, CancellationToken cancellationToken, CancellationTokenSource pendingRequestsCts)
   at System.Net.Http.HttpClient.<SendAsync>g__Core|83_0(HttpRequestMessage request, HttpCompletionOption completionOption, CancellationTokenSource cts, Boolean disposeCts, CancellationTokenSource pendingRequestsCts, CancellationToken originalCancellationToken)
   at Sdk.WebApi.WebApi.RawHttpClientBase.SendAsync(HttpRequestMessage message, HttpCompletionOption completionOption, Object userState, CancellationToken cancellationToken)
   at Sdk.WebApi.WebApi.RawHttpClientBase.SendAsync[T](HttpRequestMessage message, Boolean readErrorBody, Object userState, CancellationToken cancellationToken)
   at Sdk.WebApi.WebApi.RawHttpClientBase.SendAsync[T](HttpMethod method, IEnumerable`1 additionalHeaders, Uri requestUri, HttpContent content, IEnumerable`1 queryParameters, Boolean readErrorBody, Object userState, CancellationToken cancellationToken)
   at GitHub.Actions.RunService.WebApi.BrokerHttpClient.GetRunnerMessageAsync(Nullable`1 sessionId, String runnerVersion, Nullable`1 status, String os, String architecture, Nullable`1 disableUpdate, CancellationToken cancellationToken)
   at GitHub.Runner.Common.BrokerServer.<>c__DisplayClass7_0.<<GetRunnerMessageAsync>b__0>d.MoveNext()
--- End of stack trace from previous location ---
   at GitHub.Runner.Common.RunnerService.RetryRequest[T](Func`1 func, CancellationToken cancellationToken, Int32 maxAttempts, Func`2 shouldRetry)
[2026-06-11 07:58:46Z ERR  BrokerServer] #####################################################
[2026-06-11 07:58:46Z ERR  BrokerServer] System.Threading.Tasks.TaskCanceledException: The operation was canceled.
 ---> System.IO.IOException: Unable to read data from the transport connection: スレッドの終了またはアプリケーションの要求によって、I/O 処理は中止されました。.
 ---> System.Net.Sockets.SocketException (995): スレッドの終了またはアプリケーションの要求によって、I/O 処理は中止されました。
   --- End of inner exception stack trace ---
   at System.Net.Sockets.Socket.AwaitableSocketAsyncEventArgs.ThrowException(SocketError error, CancellationToken cancellationToken)
   at System.Net.Sockets.Socket.AwaitableSocketAsyncEventArgs.System.Threading.Tasks.Sources.IValueTaskSource<System.Int32>.GetResult(Int16 token)
   at System.Net.Security.SslStream.EnsureFullTlsFrameAsync[TIOAdapter](CancellationToken cancellationToken, Int32 estimatedSize)
   at System.Runtime.CompilerServices.PoolingAsyncValueTaskMethodBuilder`1.StateMachineBox`1.System.Threading.Tasks.Sources.IValueTaskSource<TResult>.GetResult(Int16 token)
   at System.Net.Security.SslStream.ReadAsyncInternal[TIOAdapter](Memory`1 buffer, CancellationToken cancellationToken)
   at System.Runtime.CompilerServices.PoolingAsyncValueTaskMethodBuilder`1.StateMachineBox`1.System.Threading.Tasks.Sources.IValueTaskSource<TResult>.GetResult(Int16 token)
   at System.Net.Http.HttpConnection.SendAsync(HttpRequestMessage request, Boolean async, CancellationToken cancellationToken)
   --- End of inner exception stack trace ---
   at System.Net.Http.HttpConnection.SendAsync(HttpRequestMessage request, Boolean async, CancellationToken cancellationToken)
   at System.Net.Http.AuthenticationHelper.SendWithNtAuthAsync(HttpRequestMessage request, Uri authUri, Boolean async, ICredentials credentials, Boolean isProxyAuth, HttpConnection connection, HttpConnectionPool connectionPool, CancellationToken cancellationToken)
   at System.Net.Http.HttpConnectionPool.SendWithVersionDetectionAndRetryAsync(HttpRequestMessage request, Boolean async, Boolean doRequestAuth, CancellationToken cancellationToken)
   at System.Net.Http.AuthenticationHelper.SendWithAuthAsync(HttpRequestMessage request, Uri authUri, Boolean async, ICredentials credentials, Boolean preAuthenticate, Boolean isProxyAuth, Boolean doRequestAuth, HttpConnectionPool pool, CancellationToken cancellationToken)
   at System.Net.Http.RedirectHandler.SendAsync(HttpRequestMessage request, Boolean async, CancellationToken cancellationToken)
   at GitHub.Services.Common.RawHttpMessageHandler.SendAsync(HttpRequestMessage request, CancellationToken cancellationToken)
   at GitHub.Services.Common.VssHttpRetryMessageHandler.SendAsync(HttpRequestMessage request, CancellationToken cancellationToken)
   at System.Net.Http.HttpClient.<SendAsync>g__Core|83_0(HttpRequestMessage request, HttpCompletionOption completionOption, CancellationTokenSource cts, Boolean disposeCts, CancellationTokenSource pendingRequestsCts, CancellationToken originalCancellationToken)
[2026-06-11 07:58:46Z ERR  BrokerServer] #####################################################
[2026-06-11 07:58:46Z ERR  BrokerServer] System.IO.IOException: Unable to read data from the transport connection: スレッドの終了またはアプリケーションの要求によって、I/O 処理は中止されました。.
 ---> System.Net.Sockets.SocketException (995): スレッドの終了またはアプリケーションの要求によって、I/O 処理は中止されました。
   --- End of inner exception stack trace ---
   at System.Net.Sockets.Socket.AwaitableSocketAsyncEventArgs.ThrowException(SocketError error, CancellationToken cancellationToken)
   at System.Net.Sockets.Socket.AwaitableSocketAsyncEventArgs.System.Threading.Tasks.Sources.IValueTaskSource<System.Int32>.GetResult(Int16 token)
   at System.Net.Security.SslStream.EnsureFullTlsFrameAsync[TIOAdapter](CancellationToken cancellationToken, Int32 estimatedSize)
   at System.Runtime.CompilerServices.PoolingAsyncValueTaskMethodBuilder`1.StateMachineBox`1.System.Threading.Tasks.Sources.IValueTaskSource<TResult>.GetResult(Int16 token)
   at System.Net.Security.SslStream.ReadAsyncInternal[TIOAdapter](Memory`1 buffer, CancellationToken cancellationToken)
   at System.Runtime.CompilerServices.PoolingAsyncValueTaskMethodBuilder`1.StateMachineBox`1.System.Threading.Tasks.Sources.IValueTaskSource<TResult>.GetResult(Int16 token)
   at System.Net.Http.HttpConnection.SendAsync(HttpRequestMessage request, Boolean async, CancellationToken cancellationToken)
[2026-06-11 07:58:46Z ERR  BrokerServer] #####################################################
[2026-06-11 07:58:46Z ERR  BrokerServer] System.Net.Sockets.SocketException (995): スレッドの終了またはアプリケーションの要求によって、I/O 処理は中止されました。
[2026-06-11 07:58:46Z WARN BrokerServer] Back off 14.271 seconds before next retry. 4 attempt left.
[2026-06-11 07:58:46Z INFO BrokerMessageListener] Get messages has been cancelled using local token source. Continue to get messages with new status.
[2026-06-11 07:59:37Z INFO BrokerMessageListener] Acknowledging runner request 'bf6df2e0-46ed-58cb-aa9e-d11b1eaf13d4'.
[2026-06-11 07:59:38Z INFO ConfigurationStore] HasCredentials()
[2026-06-11 07:59:38Z INFO ConfigurationStore] stored True
[2026-06-11 07:59:38Z INFO CredentialManager] GetCredentialProvider
[2026-06-11 07:59:38Z INFO CredentialManager] Creating type OAuth
[2026-06-11 07:59:38Z INFO CredentialManager] Creating credential type: OAuth
[2026-06-11 07:59:38Z INFO RSAEncryptedFileKeyManager] Loading RSA key parameters from file C:\Users\highf\Downloads\hfs\actions-runner\actions-runner\.credentials_rsaparams
[2026-06-11 07:59:38Z INFO RSAEncryptedFileKeyManager] Loading RSA key parameters from file C:\Users\highf\Downloads\hfs\actions-runner\actions-runner\.credentials_rsaparams
[2026-06-11 07:59:38Z INFO RSAEncryptedFileKeyManager] Loading RSA key parameters from file C:\Users\highf\Downloads\hfs\actions-runner\actions-runner\.credentials_rsaparams
[2026-06-11 07:59:38Z INFO GitHubActionsService] AAD Correlation ID for this token request: Unknown
[2026-06-11 07:59:40Z INFO JobDispatcher] Job request 0 for plan e60f704f-1e97-49bc-8fb6-0e026c4fa541 job bf6df2e0-46ed-58cb-aa9e-d11b1eaf13d4 received.
[2026-06-11 07:59:40Z INFO JobDispatcher] Pull OrchestrationId e60f704f-1e97-49bc-8fb6-0e026c4fa541.uber-sync.__default from JWT claims
[2026-06-11 07:59:40Z INFO BrokerMessageListener] Received job status event. JobState: Busy
[2026-06-11 07:59:40Z INFO BrokerMessageListener] _getMessagesTokenSource is already disposed.
[2026-06-11 07:59:40Z INFO JobDispatcher] Job request 5189d109-c39d-54d7-9df1-627225fc9aaa processed succeed.
[2026-06-11 07:59:40Z INFO Terminal] WRITE LINE: 2026-06-11 07:59:40Z: Running job: uber-sync
[2026-06-11 07:59:40Z INFO JobDispatcher] Start renew job request 0 for job bf6df2e0-46ed-58cb-aa9e-d11b1eaf13d4.
[2026-06-11 07:59:41Z INFO JobDispatcher] Successfully renew job bf6df2e0-46ed-58cb-aa9e-d11b1eaf13d4, job is valid till 2026/06/11 8:09:41
[2026-06-11 07:59:41Z INFO HostContext] Well known directory 'Bin': 'C:\Users\highf\Downloads\hfs\actions-runner\actions-runner\bin'
[2026-06-11 07:59:41Z INFO ProcessInvokerWrapper] Starting process:
[2026-06-11 07:59:41Z INFO ProcessInvokerWrapper]   File name: 'C:\Users\highf\Downloads\hfs\actions-runner\actions-runner\bin\Runner.Worker.exe'
[2026-06-11 07:59:41Z INFO ProcessInvokerWrapper]   Arguments: 'spawnclient 2444 2456'
[2026-06-11 07:59:41Z INFO ProcessInvokerWrapper]   Working directory: 'C:\Users\highf\Downloads\hfs\actions-runner\actions-runner\bin'
[2026-06-11 07:59:41Z INFO ProcessInvokerWrapper]   Require exit code zero: 'False'
[2026-06-11 07:59:41Z INFO ProcessInvokerWrapper]   Encoding web name:  ; code page: ''
[2026-06-11 07:59:41Z INFO ProcessInvokerWrapper]   Force kill process on cancellation: 'True'
[2026-06-11 07:59:41Z INFO ProcessInvokerWrapper]   Redirected STDIN: 'False'
[2026-06-11 07:59:41Z INFO ProcessInvokerWrapper]   Persist current code page: 'False'
[2026-06-11 07:59:41Z INFO ProcessInvokerWrapper]   Keep redirected STDIN open: 'False'
[2026-06-11 07:59:41Z INFO ProcessInvokerWrapper]   High priority process: 'True'
[2026-06-11 07:59:41Z INFO ProcessInvokerWrapper] Process started with process id 928, waiting for process exit.
[2026-06-11 07:59:41Z INFO JobDispatcher] Send job request message to worker for job bf6df2e0-46ed-58cb-aa9e-d11b1eaf13d4.
[2026-06-11 07:59:41Z INFO ProcessChannel] Sending message of length 21206, with hash 'd494b322809dbdc99ea3a2603241492a57ffcc15064c6b94dedb05ea4f1123ab'
[2026-06-11 07:59:41Z INFO JobNotification] Entering JobStarted Notification
[2026-06-11 07:59:41Z INFO JobNotification] Entering StartMonitor
[2026-06-11 08:00:31Z INFO ProcessInvokerWrapper] STDOUT/STDERR stream read finished.
[2026-06-11 08:00:31Z INFO ProcessInvokerWrapper] STDOUT/STDERR stream read finished.
[2026-06-11 08:00:31Z INFO ProcessInvokerWrapper] Finished process 928 with exit code 102, and elapsed time 00:00:50.7367607.
[2026-06-11 08:00:31Z INFO JobDispatcher] Worker finished for job bf6df2e0-46ed-58cb-aa9e-d11b1eaf13d4. Code: 102
[2026-06-11 08:00:31Z INFO JobDispatcher] finish job request for job bf6df2e0-46ed-58cb-aa9e-d11b1eaf13d4 with result: Failed
[2026-06-11 08:00:31Z INFO Terminal] WRITE LINE: 2026-06-11 08:00:31Z: Job uber-sync completed with result: Failed
[2026-06-11 08:00:31Z INFO JobDispatcher] Stop renew job request for job bf6df2e0-46ed-58cb-aa9e-d11b1eaf13d4.
[2026-06-11 08:00:31Z INFO JobDispatcher] job renew has been cancelled, stop renew job bf6df2e0-46ed-58cb-aa9e-d11b1eaf13d4.
[2026-06-11 08:00:31Z INFO JobNotification] Entering JobCompleted Notification
[2026-06-11 08:00:31Z INFO JobNotification] Entering EndMonitor
[2026-06-11 08:00:31Z INFO BrokerMessageListener] Received job status event. JobState: Online
[2026-06-11 08:00:31Z WARN GitHubActionsService] GET request to https://broker.actions.githubusercontent.com/message?sessionId=393c48ed-25e9-4d03-9191-9fc5f283b690&status=Busy&runnerVersion=2.334.0&os=Windows&architecture=X64&disableUpdate=false has been cancelled.
[2026-06-11 08:00:31Z ERR  BrokerServer] Catch exception during request
[2026-06-11 08:00:31Z ERR  BrokerServer] System.Threading.Tasks.TaskCanceledException: The operation was canceled.
 ---> System.Threading.Tasks.TaskCanceledException: The operation was canceled.
 ---> System.IO.IOException: Unable to read data from the transport connection: スレッドの終了またはアプリケーションの要求によって、I/O 処理は中止されました。.
 ---> System.Net.Sockets.SocketException (995): スレッドの終了またはアプリケーションの要求によって、I/O 処理は中止されました。
   --- End of inner exception stack trace ---
   at System.Net.Sockets.Socket.AwaitableSocketAsyncEventArgs.System.Threading.Tasks.Sources.IValueTaskSource<System.Int32>.GetResult(Int16 token)
   at System.Net.Security.SslStream.EnsureFullTlsFrameAsync[TIOAdapter](CancellationToken cancellationToken, Int32 estimatedSize)
   at System.Runtime.CompilerServices.PoolingAsyncValueTaskMethodBuilder`1.StateMachineBox`1.System.Threading.Tasks.Sources.IValueTaskSource<TResult>.GetResult(Int16 token)
   at System.Net.Security.SslStream.ReadAsyncInternal[TIOAdapter](Memory`1 buffer, CancellationToken cancellationToken)
   at System.Runtime.CompilerServices.PoolingAsyncValueTaskMethodBuilder`1.StateMachineBox`1.System.Threading.Tasks.Sources.IValueTaskSource<TResult>.GetResult(Int16 token)
   at System.Net.Http.HttpConnection.SendAsync(HttpRequestMessage request, Boolean async, CancellationToken cancellationToken)
   --- End of inner exception stack trace ---
   at System.Net.Http.HttpConnection.SendAsync(HttpRequestMessage request, Boolean async, CancellationToken cancellationToken)
   at System.Net.Http.AuthenticationHelper.SendWithNtAuthAsync(HttpRequestMessage request, Uri authUri, Boolean async, ICredentials credentials, Boolean isProxyAuth, HttpConnection connection, HttpConnectionPool connectionPool, CancellationToken cancellationToken)
   at System.Net.Http.HttpConnectionPool.SendWithVersionDetectionAndRetryAsync(HttpRequestMessage request, Boolean async, Boolean doRequestAuth, CancellationToken cancellationToken)
   at System.Net.Http.AuthenticationHelper.SendWithAuthAsync(HttpRequestMessage request, Uri authUri, Boolean async, ICredentials credentials, Boolean preAuthenticate, Boolean isProxyAuth, Boolean doRequestAuth, HttpConnectionPool pool, CancellationToken cancellationToken)
   at System.Net.Http.RedirectHandler.SendAsync(HttpRequestMessage request, Boolean async, CancellationToken cancellationToken)
   at GitHub.Services.Common.RawHttpMessageHandler.SendAsync(HttpRequestMessage request, CancellationToken cancellationToken)
   at GitHub.Services.Common.VssHttpRetryMessageHandler.SendAsync(HttpRequestMessage request, CancellationToken cancellationToken)
   at System.Net.Http.HttpClient.<SendAsync>g__Core|83_0(HttpRequestMessage request, HttpCompletionOption completionOption, CancellationTokenSource cts, Boolean disposeCts, CancellationTokenSource pendingRequestsCts, CancellationToken originalCancellationToken)
   --- End of inner exception stack trace ---
   at System.Net.Http.HttpClient.HandleFailure(Exception e, Boolean telemetryStarted, HttpResponseMessage response, CancellationTokenSource cts, CancellationToken cancellationToken, CancellationTokenSource pendingRequestsCts)
   at System.Net.Http.HttpClient.<SendAsync>g__Core|83_0(HttpRequestMessage request, HttpCompletionOption completionOption, CancellationTokenSource cts, Boolean disposeCts, CancellationTokenSource pendingRequestsCts, CancellationToken originalCancellationToken)
   at Sdk.WebApi.WebApi.RawHttpClientBase.SendAsync(HttpRequestMessage message, HttpCompletionOption completionOption, Object userState, CancellationToken cancellationToken)
   at Sdk.WebApi.WebApi.RawHttpClientBase.SendAsync[T](HttpRequestMessage message, Boolean readErrorBody, Object userState, CancellationToken cancellationToken)
   at Sdk.WebApi.WebApi.RawHttpClientBase.SendAsync[T](HttpMethod method, IEnumerable`1 additionalHeaders, Uri requestUri, HttpContent content, IEnumerable`1 queryParameters, Boolean readErrorBody, Object userState, CancellationToken cancellationToken)
   at GitHub.Actions.RunService.WebApi.BrokerHttpClient.GetRunnerMessageAsync(Nullable`1 sessionId, String runnerVersion, Nullable`1 status, String os, String architecture, Nullable`1 disableUpdate, CancellationToken cancellationToken)
   at GitHub.Runner.Common.BrokerServer.<>c__DisplayClass7_0.<<GetRunnerMessageAsync>b__0>d.MoveNext()
--- End of stack trace from previous location ---
   at GitHub.Runner.Common.RunnerService.RetryRequest[T](Func`1 func, CancellationToken cancellationToken, Int32 maxAttempts, Func`2 shouldRetry)
[2026-06-11 08:00:31Z ERR  BrokerServer] #####################################################
[2026-06-11 08:00:31Z ERR  BrokerServer] System.Threading.Tasks.TaskCanceledException: The operation was canceled.
 ---> System.IO.IOException: Unable to read data from the transport connection: スレッドの終了またはアプリケーションの要求によって、I/O 処理は中止されました。.
 ---> System.Net.Sockets.SocketException (995): スレッドの終了またはアプリケーションの要求によって、I/O 処理は中止されました。
   --- End of inner exception stack trace ---
   at System.Net.Sockets.Socket.AwaitableSocketAsyncEventArgs.System.Threading.Tasks.Sources.IValueTaskSource<System.Int32>.GetResult(Int16 token)
   at System.Net.Security.SslStream.EnsureFullTlsFrameAsync[TIOAdapter](CancellationToken cancellationToken, Int32 estimatedSize)
   at System.Runtime.CompilerServices.PoolingAsyncValueTaskMethodBuilder`1.StateMachineBox`1.System.Threading.Tasks.Sources.IValueTaskSource<TResult>.GetResult(Int16 token)
   at System.Net.Security.SslStream.ReadAsyncInternal[TIOAdapter](Memory`1 buffer, CancellationToken cancellationToken)
   at System.Runtime.CompilerServices.PoolingAsyncValueTaskMethodBuilder`1.StateMachineBox`1.System.Threading.Tasks.Sources.IValueTaskSource<TResult>.GetResult(Int16 token)
   at System.Net.Http.HttpConnection.SendAsync(HttpRequestMessage request, Boolean async, CancellationToken cancellationToken)
   --- End of inner exception stack trace ---
   at System.Net.Http.HttpConnection.SendAsync(HttpRequestMessage request, Boolean async, CancellationToken cancellationToken)
   at System.Net.Http.AuthenticationHelper.SendWithNtAuthAsync(HttpRequestMessage request, Uri authUri, Boolean async, ICredentials credentials, Boolean isProxyAuth, HttpConnection connection, HttpConnectionPool connectionPool, CancellationToken cancellationToken)
   at System.Net.Http.HttpConnectionPool.SendWithVersionDetectionAndRetryAsync(HttpRequestMessage request, Boolean async, Boolean doRequestAuth, CancellationToken cancellationToken)
   at System.Net.Http.AuthenticationHelper.SendWithAuthAsync(HttpRequestMessage request, Uri authUri, Boolean async, ICredentials credentials, Boolean preAuthenticate, Boolean isProxyAuth, Boolean doRequestAuth, HttpConnectionPool pool, CancellationToken cancellationToken)
   at System.Net.Http.RedirectHandler.SendAsync(HttpRequestMessage request, Boolean async, CancellationToken cancellationToken)
   at GitHub.Services.Common.RawHttpMessageHandler.SendAsync(HttpRequestMessage request, CancellationToken cancellationToken)
   at GitHub.Services.Common.VssHttpRetryMessageHandler.SendAsync(HttpRequestMessage request, CancellationToken cancellationToken)
   at System.Net.Http.HttpClient.<SendAsync>g__Core|83_0(HttpRequestMessage request, HttpCompletionOption completionOption, CancellationTokenSource cts, Boolean disposeCts, CancellationTokenSource pendingRequestsCts, CancellationToken originalCancellationToken)
[2026-06-11 08:00:31Z ERR  BrokerServer] #####################################################
[2026-06-11 08:00:31Z ERR  BrokerServer] System.IO.IOException: Unable to read data from the transport connection: スレッドの終了またはアプリケーションの要求によって、I/O 処理は中止されました。.
 ---> System.Net.Sockets.SocketException (995): スレッドの終了またはアプリケーションの要求によって、I/O 処理は中止されました。
   --- End of inner exception stack trace ---
   at System.Net.Sockets.Socket.AwaitableSocketAsyncEventArgs.System.Threading.Tasks.Sources.IValueTaskSource<System.Int32>.GetResult(Int16 token)
   at System.Net.Security.SslStream.EnsureFullTlsFrameAsync[TIOAdapter](CancellationToken cancellationToken, Int32 estimatedSize)
   at System.Runtime.CompilerServices.PoolingAsyncValueTaskMethodBuilder`1.StateMachineBox`1.System.Threading.Tasks.Sources.IValueTaskSource<TResult>.GetResult(Int16 token)
   at System.Net.Security.SslStream.ReadAsyncInternal[TIOAdapter](Memory`1 buffer, CancellationToken cancellationToken)
   at System.Runtime.CompilerServices.PoolingAsyncValueTaskMethodBuilder`1.StateMachineBox`1.System.Threading.Tasks.Sources.IValueTaskSource<TResult>.GetResult(Int16 token)
   at System.Net.Http.HttpConnection.SendAsync(HttpRequestMessage request, Boolean async, CancellationToken cancellationToken)
[2026-06-11 08:00:31Z ERR  BrokerServer] #####################################################
[2026-06-11 08:00:31Z ERR  BrokerServer] System.Net.Sockets.SocketException (995): スレッドの終了またはアプリケーションの要求によって、I/O 処理は中止されました。
[2026-06-11 08:00:31Z WARN BrokerServer] Back off 8.906 seconds before next retry. 4 attempt left.
[2026-06-11 08:00:31Z INFO BrokerMessageListener] Get messages has been cancelled using local token source. Continue to get messages with new status.
[2026-06-11 08:13:15Z INFO BrokerMessageListener] Acknowledging runner request '5f6fa358-e879-5701-b620-cc3ac40743ea'.
[2026-06-11 08:13:16Z INFO ConfigurationStore] HasCredentials()
[2026-06-11 08:13:16Z INFO ConfigurationStore] stored True
[2026-06-11 08:13:16Z INFO CredentialManager] GetCredentialProvider
[2026-06-11 08:13:16Z INFO CredentialManager] Creating type OAuth
[2026-06-11 08:13:16Z INFO CredentialManager] Creating credential type: OAuth
[2026-06-11 08:13:16Z INFO RSAEncryptedFileKeyManager] Loading RSA key parameters from file C:\Users\highf\Downloads\hfs\actions-runner\actions-runner\.credentials_rsaparams
[2026-06-11 08:13:16Z INFO RSAEncryptedFileKeyManager] Loading RSA key parameters from file C:\Users\highf\Downloads\hfs\actions-runner\actions-runner\.credentials_rsaparams
[2026-06-11 08:13:16Z INFO RSAEncryptedFileKeyManager] Loading RSA key parameters from file C:\Users\highf\Downloads\hfs\actions-runner\actions-runner\.credentials_rsaparams
[2026-06-11 08:13:17Z INFO GitHubActionsService] AAD Correlation ID for this token request: Unknown
[2026-06-11 08:13:18Z INFO JobDispatcher] Job request 0 for plan be90b34b-551a-43b8-aa4c-6816c4282f18 job 5f6fa358-e879-5701-b620-cc3ac40743ea received.
[2026-06-11 08:13:18Z INFO JobDispatcher] Pull OrchestrationId be90b34b-551a-43b8-aa4c-6816c4282f18.menu-sync.__default from JWT claims
[2026-06-11 08:13:18Z INFO BrokerMessageListener] Received job status event. JobState: Busy
[2026-06-11 08:13:18Z INFO BrokerMessageListener] _getMessagesTokenSource is already disposed.
[2026-06-11 08:13:18Z INFO JobDispatcher] Job request bf6df2e0-46ed-58cb-aa9e-d11b1eaf13d4 processed succeed.
[2026-06-11 08:13:18Z INFO Terminal] WRITE LINE: 2026-06-11 08:13:18Z: Running job: menu-sync
[2026-06-11 08:13:18Z INFO JobDispatcher] Start renew job request 0 for job 5f6fa358-e879-5701-b620-cc3ac40743ea.
[2026-06-11 08:13:19Z INFO JobDispatcher] Successfully renew job 5f6fa358-e879-5701-b620-cc3ac40743ea, job is valid till 2026/06/11 8:23:19
[2026-06-11 08:13:19Z INFO HostContext] Well known directory 'Bin': 'C:\Users\highf\Downloads\hfs\actions-runner\actions-runner\bin'
[2026-06-11 08:13:19Z INFO ProcessInvokerWrapper] Starting process:
[2026-06-11 08:13:19Z INFO ProcessInvokerWrapper]   File name: 'C:\Users\highf\Downloads\hfs\actions-runner\actions-runner\bin\Runner.Worker.exe'
[2026-06-11 08:13:19Z INFO ProcessInvokerWrapper]   Arguments: 'spawnclient 2596 2608'
[2026-06-11 08:13:19Z INFO ProcessInvokerWrapper]   Working directory: 'C:\Users\highf\Downloads\hfs\actions-runner\actions-runner\bin'
[2026-06-11 08:13:19Z INFO ProcessInvokerWrapper]   Require exit code zero: 'False'
[2026-06-11 08:13:19Z INFO ProcessInvokerWrapper]   Encoding web name:  ; code page: ''
[2026-06-11 08:13:19Z INFO ProcessInvokerWrapper]   Force kill process on cancellation: 'True'
[2026-06-11 08:13:19Z INFO ProcessInvokerWrapper]   Redirected STDIN: 'False'
[2026-06-11 08:13:19Z INFO ProcessInvokerWrapper]   Persist current code page: 'False'
[2026-06-11 08:13:19Z INFO ProcessInvokerWrapper]   Keep redirected STDIN open: 'False'
[2026-06-11 08:13:19Z INFO ProcessInvokerWrapper]   High priority process: 'True'
[2026-06-11 08:13:19Z INFO ProcessInvokerWrapper] Process started with process id 4060, waiting for process exit.
[2026-06-11 08:13:19Z INFO JobDispatcher] Send job request message to worker for job 5f6fa358-e879-5701-b620-cc3ac40743ea.
[2026-06-11 08:13:19Z INFO ProcessChannel] Sending message of length 22461, with hash '3dbce1d1ebb7a1b04ebcb079b5439af941dfd53600114663c73fda6af87adfeb'
[2026-06-11 08:13:19Z INFO JobNotification] Entering JobStarted Notification
[2026-06-11 08:13:19Z INFO JobNotification] Entering StartMonitor
[2026-06-11 08:13:43Z INFO ProcessInvokerWrapper] STDOUT/STDERR stream read finished.
[2026-06-11 08:13:43Z INFO ProcessInvokerWrapper] STDOUT/STDERR stream read finished.
[2026-06-11 08:13:43Z INFO ProcessInvokerWrapper] Finished process 4060 with exit code 102, and elapsed time 00:00:24.3558631.
[2026-06-11 08:13:43Z INFO JobDispatcher] Worker finished for job 5f6fa358-e879-5701-b620-cc3ac40743ea. Code: 102
[2026-06-11 08:13:43Z INFO JobDispatcher] finish job request for job 5f6fa358-e879-5701-b620-cc3ac40743ea with result: Failed
[2026-06-11 08:13:43Z INFO Terminal] WRITE LINE: 2026-06-11 08:13:43Z: Job menu-sync completed with result: Failed
[2026-06-11 08:13:43Z INFO JobDispatcher] Stop renew job request for job 5f6fa358-e879-5701-b620-cc3ac40743ea.
[2026-06-11 08:13:43Z INFO JobDispatcher] job renew has been cancelled, stop renew job 5f6fa358-e879-5701-b620-cc3ac40743ea.
[2026-06-11 08:13:43Z INFO JobNotification] Entering JobCompleted Notification
[2026-06-11 08:13:43Z INFO JobNotification] Entering EndMonitor
[2026-06-11 08:13:43Z INFO BrokerMessageListener] Received job status event. JobState: Online
[2026-06-11 08:13:43Z WARN GitHubActionsService] GET request to https://broker.actions.githubusercontent.com/message?sessionId=393c48ed-25e9-4d03-9191-9fc5f283b690&status=Busy&runnerVersion=2.334.0&os=Windows&architecture=X64&disableUpdate=false has been cancelled.
[2026-06-11 08:13:43Z ERR  BrokerServer] Catch exception during request
[2026-06-11 08:13:43Z ERR  BrokerServer] System.Threading.Tasks.TaskCanceledException: The operation was canceled.
 ---> System.Threading.Tasks.TaskCanceledException: The operation was canceled.
 ---> System.IO.IOException: Unable to read data from the transport connection: スレッドの終了またはアプリケーションの要求によって、I/O 処理は中止されました。.
 ---> System.Net.Sockets.SocketException (995): スレッドの終了またはアプリケーションの要求によって、I/O 処理は中止されました。
   --- End of inner exception stack trace ---
   at System.Net.Sockets.Socket.AwaitableSocketAsyncEventArgs.System.Threading.Tasks.Sources.IValueTaskSource<System.Int32>.GetResult(Int16 token)
   at System.Net.Security.SslStream.EnsureFullTlsFrameAsync[TIOAdapter](CancellationToken cancellationToken, Int32 estimatedSize)
   at System.Runtime.CompilerServices.PoolingAsyncValueTaskMethodBuilder`1.StateMachineBox`1.System.Threading.Tasks.Sources.IValueTaskSource<TResult>.GetResult(Int16 token)
   at System.Net.Security.SslStream.ReadAsyncInternal[TIOAdapter](Memory`1 buffer, CancellationToken cancellationToken)
   at System.Runtime.CompilerServices.PoolingAsyncValueTaskMethodBuilder`1.StateMachineBox`1.System.Threading.Tasks.Sources.IValueTaskSource<TResult>.GetResult(Int16 token)
   at System.Net.Http.HttpConnection.SendAsync(HttpRequestMessage request, Boolean async, CancellationToken cancellationToken)
   --- End of inner exception stack trace ---
   at System.Net.Http.HttpConnection.SendAsync(HttpRequestMessage request, Boolean async, CancellationToken cancellationToken)
   at System.Net.Http.AuthenticationHelper.SendWithNtAuthAsync(HttpRequestMessage request, Uri authUri, Boolean async, ICredentials credentials, Boolean isProxyAuth, HttpConnection connection, HttpConnectionPool connectionPool, CancellationToken cancellationToken)
   at System.Net.Http.HttpConnectionPool.SendWithVersionDetectionAndRetryAsync(HttpRequestMessage request, Boolean async, Boolean doRequestAuth, CancellationToken cancellationToken)
   at System.Net.Http.AuthenticationHelper.SendWithAuthAsync(HttpRequestMessage request, Uri authUri, Boolean async, ICredentials credentials, Boolean preAuthenticate, Boolean isProxyAuth, Boolean doRequestAuth, HttpConnectionPool pool, CancellationToken cancellationToken)
   at System.Net.Http.RedirectHandler.SendAsync(HttpRequestMessage request, Boolean async, CancellationToken cancellationToken)
   at GitHub.Services.Common.RawHttpMessageHandler.SendAsync(HttpRequestMessage request, CancellationToken cancellationToken)
   at GitHub.Services.Common.VssHttpRetryMessageHandler.SendAsync(HttpRequestMessage request, CancellationToken cancellationToken)
   at System.Net.Http.HttpClient.<SendAsync>g__Core|83_0(HttpRequestMessage request, HttpCompletionOption completionOption, CancellationTokenSource cts, Boolean disposeCts, CancellationTokenSource pendingRequestsCts, CancellationToken originalCancellationToken)
   --- End of inner exception stack trace ---
   at System.Net.Http.HttpClient.HandleFailure(Exception e, Boolean telemetryStarted, HttpResponseMessage response, CancellationTokenSource cts, CancellationToken cancellationToken, CancellationTokenSource pendingRequestsCts)
   at System.Net.Http.HttpClient.<SendAsync>g__Core|83_0(HttpRequestMessage request, HttpCompletionOption completionOption, CancellationTokenSource cts, Boolean disposeCts, CancellationTokenSource pendingRequestsCts, CancellationToken originalCancellationToken)
   at Sdk.WebApi.WebApi.RawHttpClientBase.SendAsync(HttpRequestMessage message, HttpCompletionOption completionOption, Object userState, CancellationToken cancellationToken)
   at Sdk.WebApi.WebApi.RawHttpClientBase.SendAsync[T](HttpRequestMessage message, Boolean readErrorBody, Object userState, CancellationToken cancellationToken)
   at Sdk.WebApi.WebApi.RawHttpClientBase.SendAsync[T](HttpMethod method, IEnumerable`1 additionalHeaders, Uri requestUri, HttpContent content, IEnumerable`1 queryParameters, Boolean readErrorBody, Object userState, CancellationToken cancellationToken)
   at GitHub.Actions.RunService.WebApi.BrokerHttpClient.GetRunnerMessageAsync(Nullable`1 sessionId, String runnerVersion, Nullable`1 status, String os, String architecture, Nullable`1 disableUpdate, CancellationToken cancellationToken)
   at GitHub.Runner.Common.BrokerServer.<>c__DisplayClass7_0.<<GetRunnerMessageAsync>b__0>d.MoveNext()
--- End of stack trace from previous location ---
   at GitHub.Runner.Common.RunnerService.RetryRequest[T](Func`1 func, CancellationToken cancellationToken, Int32 maxAttempts, Func`2 shouldRetry)
[2026-06-11 08:13:43Z ERR  BrokerServer] #####################################################
[2026-06-11 08:13:43Z ERR  BrokerServer] System.Threading.Tasks.TaskCanceledException: The operation was canceled.
 ---> System.IO.IOException: Unable to read data from the transport connection: スレッドの終了またはアプリケーションの要求によって、I/O 処理は中止されました。.
 ---> System.Net.Sockets.SocketException (995): スレッドの終了またはアプリケーションの要求によって、I/O 処理は中止されました。
   --- End of inner exception stack trace ---
   at System.Net.Sockets.Socket.AwaitableSocketAsyncEventArgs.System.Threading.Tasks.Sources.IValueTaskSource<System.Int32>.GetResult(Int16 token)
   at System.Net.Security.SslStream.EnsureFullTlsFrameAsync[TIOAdapter](CancellationToken cancellationToken, Int32 estimatedSize)
   at System.Runtime.CompilerServices.PoolingAsyncValueTaskMethodBuilder`1.StateMachineBox`1.System.Threading.Tasks.Sources.IValueTaskSource<TResult>.GetResult(Int16 token)
   at System.Net.Security.SslStream.ReadAsyncInternal[TIOAdapter](Memory`1 buffer, CancellationToken cancellationToken)
   at System.Runtime.CompilerServices.PoolingAsyncValueTaskMethodBuilder`1.StateMachineBox`1.System.Threading.Tasks.Sources.IValueTaskSource<TResult>.GetResult(Int16 token)
   at System.Net.Http.HttpConnection.SendAsync(HttpRequestMessage request, Boolean async, CancellationToken cancellationToken)
   --- End of inner exception stack trace ---
   at System.Net.Http.HttpConnection.SendAsync(HttpRequestMessage request, Boolean async, CancellationToken cancellationToken)
   at System.Net.Http.AuthenticationHelper.SendWithNtAuthAsync(HttpRequestMessage request, Uri authUri, Boolean async, ICredentials credentials, Boolean isProxyAuth, HttpConnection connection, HttpConnectionPool connectionPool, CancellationToken cancellationToken)
   at System.Net.Http.HttpConnectionPool.SendWithVersionDetectionAndRetryAsync(HttpRequestMessage request, Boolean async, Boolean doRequestAuth, CancellationToken cancellationToken)
   at System.Net.Http.AuthenticationHelper.SendWithAuthAsync(HttpRequestMessage request, Uri authUri, Boolean async, ICredentials credentials, Boolean preAuthenticate, Boolean isProxyAuth, Boolean doRequestAuth, HttpConnectionPool pool, CancellationToken cancellationToken)
   at System.Net.Http.RedirectHandler.SendAsync(HttpRequestMessage request, Boolean async, CancellationToken cancellationToken)
   at GitHub.Services.Common.RawHttpMessageHandler.SendAsync(HttpRequestMessage request, CancellationToken cancellationToken)
   at GitHub.Services.Common.VssHttpRetryMessageHandler.SendAsync(HttpRequestMessage request, CancellationToken cancellationToken)
   at System.Net.Http.HttpClient.<SendAsync>g__Core|83_0(HttpRequestMessage request, HttpCompletionOption completionOption, CancellationTokenSource cts, Boolean disposeCts, CancellationTokenSource pendingRequestsCts, CancellationToken originalCancellationToken)
[2026-06-11 08:13:43Z ERR  BrokerServer] #####################################################
[2026-06-11 08:13:43Z ERR  BrokerServer] System.IO.IOException: Unable to read data from the transport connection: スレッドの終了またはアプリケーションの要求によって、I/O 処理は中止されました。.
 ---> System.Net.Sockets.SocketException (995): スレッドの終了またはアプリケーションの要求によって、I/O 処理は中止されました。
   --- End of inner exception stack trace ---
   at System.Net.Sockets.Socket.AwaitableSocketAsyncEventArgs.System.Threading.Tasks.Sources.IValueTaskSource<System.Int32>.GetResult(Int16 token)
   at System.Net.Security.SslStream.EnsureFullTlsFrameAsync[TIOAdapter](CancellationToken cancellationToken, Int32 estimatedSize)
   at System.Runtime.CompilerServices.PoolingAsyncValueTaskMethodBuilder`1.StateMachineBox`1.System.Threading.Tasks.Sources.IValueTaskSource<TResult>.GetResult(Int16 token)
   at System.Net.Security.SslStream.ReadAsyncInternal[TIOAdapter](Memory`1 buffer, CancellationToken cancellationToken)
   at System.Runtime.CompilerServices.PoolingAsyncValueTaskMethodBuilder`1.StateMachineBox`1.System.Threading.Tasks.Sources.IValueTaskSource<TResult>.GetResult(Int16 token)
   at System.Net.Http.HttpConnection.SendAsync(HttpRequestMessage request, Boolean async, CancellationToken cancellationToken)
[2026-06-11 08:13:43Z ERR  BrokerServer] #####################################################
[2026-06-11 08:13:43Z ERR  BrokerServer] System.Net.Sockets.SocketException (995): スレッドの終了またはアプリケーションの要求によって、I/O 処理は中止されました。
[2026-06-11 08:13:43Z WARN BrokerServer] Back off 8.181 seconds before next retry. 4 attempt left.
[2026-06-11 08:13:43Z INFO BrokerMessageListener] Get messages has been cancelled using local token source. Continue to get messages with new status.
[2026-06-11 08:16:30Z INFO BrokerMessageListener] Acknowledging runner request 'b55e9bb6-5162-5cee-bf00-11351a8c6342'.
[2026-06-11 08:16:30Z INFO ConfigurationStore] HasCredentials()
[2026-06-11 08:16:30Z INFO ConfigurationStore] stored True
[2026-06-11 08:16:30Z INFO CredentialManager] GetCredentialProvider
[2026-06-11 08:16:30Z INFO CredentialManager] Creating type OAuth
[2026-06-11 08:16:30Z INFO CredentialManager] Creating credential type: OAuth
[2026-06-11 08:16:30Z INFO RSAEncryptedFileKeyManager] Loading RSA key parameters from file C:\Users\highf\Downloads\hfs\actions-runner\actions-runner\.credentials_rsaparams
[2026-06-11 08:16:30Z INFO RSAEncryptedFileKeyManager] Loading RSA key parameters from file C:\Users\highf\Downloads\hfs\actions-runner\actions-runner\.credentials_rsaparams
[2026-06-11 08:16:30Z INFO RSAEncryptedFileKeyManager] Loading RSA key parameters from file C:\Users\highf\Downloads\hfs\actions-runner\actions-runner\.credentials_rsaparams
[2026-06-11 08:16:31Z INFO GitHubActionsService] AAD Correlation ID for this token request: Unknown
[2026-06-11 08:16:33Z INFO JobDispatcher] Job request 0 for plan 51b76d38-52dd-4295-8e54-296b4ae112a7 job b55e9bb6-5162-5cee-bf00-11351a8c6342 received.
[2026-06-11 08:16:33Z INFO JobDispatcher] Pull OrchestrationId 51b76d38-52dd-4295-8e54-296b4ae112a7.menu-sync.__default from JWT claims
[2026-06-11 08:16:33Z INFO BrokerMessageListener] Received job status event. JobState: Busy
[2026-06-11 08:16:33Z INFO BrokerMessageListener] _getMessagesTokenSource is already disposed.
[2026-06-11 08:16:33Z INFO JobDispatcher] Job request 5f6fa358-e879-5701-b620-cc3ac40743ea processed succeed.
[2026-06-11 08:16:33Z INFO Terminal] WRITE LINE: 2026-06-11 08:16:33Z: Running job: menu-sync
[2026-06-11 08:16:33Z INFO JobDispatcher] Start renew job request 0 for job b55e9bb6-5162-5cee-bf00-11351a8c6342.
[2026-06-11 08:16:33Z INFO JobDispatcher] Successfully renew job b55e9bb6-5162-5cee-bf00-11351a8c6342, job is valid till 2026/06/11 8:26:33
[2026-06-11 08:16:33Z INFO HostContext] Well known directory 'Bin': 'C:\Users\highf\Downloads\hfs\actions-runner\actions-runner\bin'
[2026-06-11 08:16:33Z INFO ProcessInvokerWrapper] Starting process:
[2026-06-11 08:16:33Z INFO ProcessInvokerWrapper]   File name: 'C:\Users\highf\Downloads\hfs\actions-runner\actions-runner\bin\Runner.Worker.exe'
[2026-06-11 08:16:33Z INFO ProcessInvokerWrapper]   Arguments: 'spawnclient 1284 1624'
[2026-06-11 08:16:33Z INFO ProcessInvokerWrapper]   Working directory: 'C:\Users\highf\Downloads\hfs\actions-runner\actions-runner\bin'
[2026-06-11 08:16:33Z INFO ProcessInvokerWrapper]   Require exit code zero: 'False'
[2026-06-11 08:16:33Z INFO ProcessInvokerWrapper]   Encoding web name:  ; code page: ''
[2026-06-11 08:16:33Z INFO ProcessInvokerWrapper]   Force kill process on cancellation: 'True'
[2026-06-11 08:16:33Z INFO ProcessInvokerWrapper]   Redirected STDIN: 'False'
[2026-06-11 08:16:33Z INFO ProcessInvokerWrapper]   Persist current code page: 'False'
[2026-06-11 08:16:33Z INFO ProcessInvokerWrapper]   Keep redirected STDIN open: 'False'
[2026-06-11 08:16:33Z INFO ProcessInvokerWrapper]   High priority process: 'True'
[2026-06-11 08:16:33Z INFO ProcessInvokerWrapper] Process started with process id 19736, waiting for process exit.
[2026-06-11 08:16:33Z INFO JobDispatcher] Send job request message to worker for job b55e9bb6-5162-5cee-bf00-11351a8c6342.
[2026-06-11 08:16:33Z INFO ProcessChannel] Sending message of length 22462, with hash 'c45f6398917cdf382b3773af34be27f9fff71b1f8cf47e25f07b0f59ef03ca3f'
[2026-06-11 08:16:34Z INFO JobNotification] Entering JobStarted Notification
[2026-06-11 08:16:34Z INFO JobNotification] Entering StartMonitor
[2026-06-11 08:16:57Z INFO ProcessInvokerWrapper] STDOUT/STDERR stream read finished.
[2026-06-11 08:16:57Z INFO ProcessInvokerWrapper] STDOUT/STDERR stream read finished.
[2026-06-11 08:16:57Z INFO ProcessInvokerWrapper] Finished process 19736 with exit code 102, and elapsed time 00:00:23.8923380.
[2026-06-11 08:16:57Z INFO JobDispatcher] Worker finished for job b55e9bb6-5162-5cee-bf00-11351a8c6342. Code: 102
[2026-06-11 08:16:57Z INFO JobDispatcher] finish job request for job b55e9bb6-5162-5cee-bf00-11351a8c6342 with result: Failed
[2026-06-11 08:16:57Z INFO Terminal] WRITE LINE: 2026-06-11 08:16:57Z: Job menu-sync completed with result: Failed
[2026-06-11 08:16:57Z INFO JobDispatcher] Stop renew job request for job b55e9bb6-5162-5cee-bf00-11351a8c6342.
[2026-06-11 08:16:57Z INFO JobDispatcher] job renew has been cancelled, stop renew job b55e9bb6-5162-5cee-bf00-11351a8c6342.
[2026-06-11 08:16:57Z INFO JobNotification] Entering JobCompleted Notification
[2026-06-11 08:16:57Z INFO JobNotification] Entering EndMonitor
[2026-06-11 08:16:57Z INFO BrokerMessageListener] Received job status event. JobState: Online
[2026-06-11 08:16:57Z WARN GitHubActionsService] GET request to https://broker.actions.githubusercontent.com/message?sessionId=393c48ed-25e9-4d03-9191-9fc5f283b690&status=Busy&runnerVersion=2.334.0&os=Windows&architecture=X64&disableUpdate=false has been cancelled.
[2026-06-11 08:16:57Z ERR  BrokerServer] Catch exception during request
[2026-06-11 08:16:57Z ERR  BrokerServer] System.Threading.Tasks.TaskCanceledException: The operation was canceled.
 ---> System.Threading.Tasks.TaskCanceledException: The operation was canceled.
 ---> System.IO.IOException: Unable to read data from the transport connection: スレッドの終了またはアプリケーションの要求によって、I/O 処理は中止されました。.
 ---> System.Net.Sockets.SocketException (995): スレッドの終了またはアプリケーションの要求によって、I/O 処理は中止されました。
   --- End of inner exception stack trace ---
   at System.Net.Sockets.Socket.AwaitableSocketAsyncEventArgs.System.Threading.Tasks.Sources.IValueTaskSource<System.Int32>.GetResult(Int16 token)
   at System.Net.Security.SslStream.EnsureFullTlsFrameAsync[TIOAdapter](CancellationToken cancellationToken, Int32 estimatedSize)
   at System.Runtime.CompilerServices.PoolingAsyncValueTaskMethodBuilder`1.StateMachineBox`1.System.Threading.Tasks.Sources.IValueTaskSource<TResult>.GetResult(Int16 token)
   at System.Net.Security.SslStream.ReadAsyncInternal[TIOAdapter](Memory`1 buffer, CancellationToken cancellationToken)
   at System.Runtime.CompilerServices.PoolingAsyncValueTaskMethodBuilder`1.StateMachineBox`1.System.Threading.Tasks.Sources.IValueTaskSource<TResult>.GetResult(Int16 token)
   at System.Net.Http.HttpConnection.SendAsync(HttpRequestMessage request, Boolean async, CancellationToken cancellationToken)
   --- End of inner exception stack trace ---
   at System.Net.Http.HttpConnection.SendAsync(HttpRequestMessage request, Boolean async, CancellationToken cancellationToken)
   at System.Net.Http.AuthenticationHelper.SendWithNtAuthAsync(HttpRequestMessage request, Uri authUri, Boolean async, ICredentials credentials, Boolean isProxyAuth, HttpConnection connection, HttpConnectionPool connectionPool, CancellationToken cancellationToken)
   at System.Net.Http.HttpConnectionPool.SendWithVersionDetectionAndRetryAsync(HttpRequestMessage request, Boolean async, Boolean doRequestAuth, CancellationToken cancellationToken)
   at System.Net.Http.AuthenticationHelper.SendWithAuthAsync(HttpRequestMessage request, Uri authUri, Boolean async, ICredentials credentials, Boolean preAuthenticate, Boolean isProxyAuth, Boolean doRequestAuth, HttpConnectionPool pool, CancellationToken cancellationToken)
   at System.Net.Http.RedirectHandler.SendAsync(HttpRequestMessage request, Boolean async, CancellationToken cancellationToken)
   at GitHub.Services.Common.RawHttpMessageHandler.SendAsync(HttpRequestMessage request, CancellationToken cancellationToken)
   at GitHub.Services.Common.VssHttpRetryMessageHandler.SendAsync(HttpRequestMessage request, CancellationToken cancellationToken)
   at System.Net.Http.HttpClient.<SendAsync>g__Core|83_0(HttpRequestMessage request, HttpCompletionOption completionOption, CancellationTokenSource cts, Boolean disposeCts, CancellationTokenSource pendingRequestsCts, CancellationToken originalCancellationToken)
   --- End of inner exception stack trace ---
   at System.Net.Http.HttpClient.HandleFailure(Exception e, Boolean telemetryStarted, HttpResponseMessage response, CancellationTokenSource cts, CancellationToken cancellationToken, CancellationTokenSource pendingRequestsCts)
   at System.Net.Http.HttpClient.<SendAsync>g__Core|83_0(HttpRequestMessage request, HttpCompletionOption completionOption, CancellationTokenSource cts, Boolean disposeCts, CancellationTokenSource pendingRequestsCts, CancellationToken originalCancellationToken)
   at Sdk.WebApi.WebApi.RawHttpClientBase.SendAsync(HttpRequestMessage message, HttpCompletionOption completionOption, Object userState, CancellationToken cancellationToken)
   at Sdk.WebApi.WebApi.RawHttpClientBase.SendAsync[T](HttpRequestMessage message, Boolean readErrorBody, Object userState, CancellationToken cancellationToken)
   at Sdk.WebApi.WebApi.RawHttpClientBase.SendAsync[T](HttpMethod method, IEnumerable`1 additionalHeaders, Uri requestUri, HttpContent content, IEnumerable`1 queryParameters, Boolean readErrorBody, Object userState, CancellationToken cancellationToken)
   at GitHub.Actions.RunService.WebApi.BrokerHttpClient.GetRunnerMessageAsync(Nullable`1 sessionId, String runnerVersion, Nullable`1 status, String os, String architecture, Nullable`1 disableUpdate, CancellationToken cancellationToken)
   at GitHub.Runner.Common.BrokerServer.<>c__DisplayClass7_0.<<GetRunnerMessageAsync>b__0>d.MoveNext()
--- End of stack trace from previous location ---
   at GitHub.Runner.Common.RunnerService.RetryRequest[T](Func`1 func, CancellationToken cancellationToken, Int32 maxAttempts, Func`2 shouldRetry)
[2026-06-11 08:16:57Z ERR  BrokerServer] #####################################################
[2026-06-11 08:16:57Z ERR  BrokerServer] System.Threading.Tasks.TaskCanceledException: The operation was canceled.
 ---> System.IO.IOException: Unable to read data from the transport connection: スレッドの終了またはアプリケーションの要求によって、I/O 処理は中止されました。.
 ---> System.Net.Sockets.SocketException (995): スレッドの終了またはアプリケーションの要求によって、I/O 処理は中止されました。
   --- End of inner exception stack trace ---
   at System.Net.Sockets.Socket.AwaitableSocketAsyncEventArgs.System.Threading.Tasks.Sources.IValueTaskSource<System.Int32>.GetResult(Int16 token)
   at System.Net.Security.SslStream.EnsureFullTlsFrameAsync[TIOAdapter](CancellationToken cancellationToken, Int32 estimatedSize)
   at System.Runtime.CompilerServices.PoolingAsyncValueTaskMethodBuilder`1.StateMachineBox`1.System.Threading.Tasks.Sources.IValueTaskSource<TResult>.GetResult(Int16 token)
   at System.Net.Security.SslStream.ReadAsyncInternal[TIOAdapter](Memory`1 buffer, CancellationToken cancellationToken)
   at System.Runtime.CompilerServices.PoolingAsyncValueTaskMethodBuilder`1.StateMachineBox`1.System.Threading.Tasks.Sources.IValueTaskSource<TResult>.GetResult(Int16 token)
   at System.Net.Http.HttpConnection.SendAsync(HttpRequestMessage request, Boolean async, CancellationToken cancellationToken)
   --- End of inner exception stack trace ---
   at System.Net.Http.HttpConnection.SendAsync(HttpRequestMessage request, Boolean async, CancellationToken cancellationToken)
   at System.Net.Http.AuthenticationHelper.SendWithNtAuthAsync(HttpRequestMessage request, Uri authUri, Boolean async, ICredentials credentials, Boolean isProxyAuth, HttpConnection connection, HttpConnectionPool connectionPool, CancellationToken cancellationToken)
   at System.Net.Http.HttpConnectionPool.SendWithVersionDetectionAndRetryAsync(HttpRequestMessage request, Boolean async, Boolean doRequestAuth, CancellationToken cancellationToken)
   at System.Net.Http.AuthenticationHelper.SendWithAuthAsync(HttpRequestMessage request, Uri authUri, Boolean async, ICredentials credentials, Boolean preAuthenticate, Boolean isProxyAuth, Boolean doRequestAuth, HttpConnectionPool pool, CancellationToken cancellationToken)
   at System.Net.Http.RedirectHandler.SendAsync(HttpRequestMessage request, Boolean async, CancellationToken cancellationToken)
   at GitHub.Services.Common.RawHttpMessageHandler.SendAsync(HttpRequestMessage request, CancellationToken cancellationToken)
   at GitHub.Services.Common.VssHttpRetryMessageHandler.SendAsync(HttpRequestMessage request, CancellationToken cancellationToken)
   at System.Net.Http.HttpClient.<SendAsync>g__Core|83_0(HttpRequestMessage request, HttpCompletionOption completionOption, CancellationTokenSource cts, Boolean disposeCts, CancellationTokenSource pendingRequestsCts, CancellationToken originalCancellationToken)
[2026-06-11 08:16:57Z ERR  BrokerServer] #####################################################
[2026-06-11 08:16:57Z ERR  BrokerServer] System.IO.IOException: Unable to read data from the transport connection: スレッドの終了またはアプリケーションの要求によって、I/O 処理は中止されました。.
 ---> System.Net.Sockets.SocketException (995): スレッドの終了またはアプリケーションの要求によって、I/O 処理は中止されました。
   --- End of inner exception stack trace ---
   at System.Net.Sockets.Socket.AwaitableSocketAsyncEventArgs.System.Threading.Tasks.Sources.IValueTaskSource<System.Int32>.GetResult(Int16 token)
   at System.Net.Security.SslStream.EnsureFullTlsFrameAsync[TIOAdapter](CancellationToken cancellationToken, Int32 estimatedSize)
   at System.Runtime.CompilerServices.PoolingAsyncValueTaskMethodBuilder`1.StateMachineBox`1.System.Threading.Tasks.Sources.IValueTaskSource<TResult>.GetResult(Int16 token)
   at System.Net.Security.SslStream.ReadAsyncInternal[TIOAdapter](Memory`1 buffer, CancellationToken cancellationToken)
   at System.Runtime.CompilerServices.PoolingAsyncValueTaskMethodBuilder`1.StateMachineBox`1.System.Threading.Tasks.Sources.IValueTaskSource<TResult>.GetResult(Int16 token)
   at System.Net.Http.HttpConnection.SendAsync(HttpRequestMessage request, Boolean async, CancellationToken cancellationToken)
[2026-06-11 08:16:57Z ERR  BrokerServer] #####################################################
[2026-06-11 08:16:57Z ERR  BrokerServer] System.Net.Sockets.SocketException (995): スレッドの終了またはアプリケーションの要求によって、I/O 処理は中止されました。
[2026-06-11 08:16:57Z WARN BrokerServer] Back off 5.891 seconds before next retry. 4 attempt left.
[2026-06-11 08:16:57Z INFO BrokerMessageListener] Get messages has been cancelled using local token source. Continue to get messages with new status.
[2026-06-11 08:24:58Z INFO BrokerMessageListener] Acknowledging runner request '15e56d65-c496-53c9-bd05-c7d0e6fb5dc0'.
[2026-06-11 08:24:58Z INFO ConfigurationStore] HasCredentials()
[2026-06-11 08:24:58Z INFO ConfigurationStore] stored True
[2026-06-11 08:24:58Z INFO CredentialManager] GetCredentialProvider
[2026-06-11 08:24:58Z INFO CredentialManager] Creating type OAuth
[2026-06-11 08:24:58Z INFO CredentialManager] Creating credential type: OAuth
[2026-06-11 08:24:58Z INFO RSAEncryptedFileKeyManager] Loading RSA key parameters from file C:\Users\highf\Downloads\hfs\actions-runner\actions-runner\.credentials_rsaparams
[2026-06-11 08:24:58Z INFO RSAEncryptedFileKeyManager] Loading RSA key parameters from file C:\Users\highf\Downloads\hfs\actions-runner\actions-runner\.credentials_rsaparams
[2026-06-11 08:24:58Z INFO RSAEncryptedFileKeyManager] Loading RSA key parameters from file C:\Users\highf\Downloads\hfs\actions-runner\actions-runner\.credentials_rsaparams
[2026-06-11 08:24:59Z INFO GitHubActionsService] AAD Correlation ID for this token request: Unknown
[2026-06-11 08:25:01Z INFO JobDispatcher] Job request 0 for plan 4bd86fb4-e3a2-4683-91bc-714d9a1f627b job 15e56d65-c496-53c9-bd05-c7d0e6fb5dc0 received.
[2026-06-11 08:25:01Z INFO JobDispatcher] Pull OrchestrationId 4bd86fb4-e3a2-4683-91bc-714d9a1f627b.rocket-sync.__default from JWT claims
[2026-06-11 08:25:01Z INFO BrokerMessageListener] Received job status event. JobState: Busy
[2026-06-11 08:25:01Z INFO BrokerMessageListener] _getMessagesTokenSource is already disposed.
[2026-06-11 08:25:01Z INFO JobDispatcher] Job request b55e9bb6-5162-5cee-bf00-11351a8c6342 processed succeed.
[2026-06-11 08:25:01Z INFO Terminal] WRITE LINE: 2026-06-11 08:25:01Z: Running job: rocket-sync
[2026-06-11 08:25:01Z INFO JobDispatcher] Start renew job request 0 for job 15e56d65-c496-53c9-bd05-c7d0e6fb5dc0.
[2026-06-11 08:25:02Z INFO JobDispatcher] Successfully renew job 15e56d65-c496-53c9-bd05-c7d0e6fb5dc0, job is valid till 2026/06/11 8:35:02
[2026-06-11 08:25:02Z INFO HostContext] Well known directory 'Bin': 'C:\Users\highf\Downloads\hfs\actions-runner\actions-runner\bin'
[2026-06-11 08:25:02Z INFO ProcessInvokerWrapper] Starting process:
[2026-06-11 08:25:02Z INFO ProcessInvokerWrapper]   File name: 'C:\Users\highf\Downloads\hfs\actions-runner\actions-runner\bin\Runner.Worker.exe'
[2026-06-11 08:25:02Z INFO ProcessInvokerWrapper]   Arguments: 'spawnclient 2524 2292'
[2026-06-11 08:25:02Z INFO ProcessInvokerWrapper]   Working directory: 'C:\Users\highf\Downloads\hfs\actions-runner\actions-runner\bin'
[2026-06-11 08:25:02Z INFO ProcessInvokerWrapper]   Require exit code zero: 'False'
[2026-06-11 08:25:02Z INFO ProcessInvokerWrapper]   Encoding web name:  ; code page: ''
[2026-06-11 08:25:02Z INFO ProcessInvokerWrapper]   Force kill process on cancellation: 'True'
[2026-06-11 08:25:02Z INFO ProcessInvokerWrapper]   Redirected STDIN: 'False'
[2026-06-11 08:25:02Z INFO ProcessInvokerWrapper]   Persist current code page: 'False'
[2026-06-11 08:25:02Z INFO ProcessInvokerWrapper]   Keep redirected STDIN open: 'False'
[2026-06-11 08:25:02Z INFO ProcessInvokerWrapper]   High priority process: 'True'
[2026-06-11 08:25:02Z INFO ProcessInvokerWrapper] Process started with process id 12780, waiting for process exit.
[2026-06-11 08:25:02Z INFO JobDispatcher] Send job request message to worker for job 15e56d65-c496-53c9-bd05-c7d0e6fb5dc0.
[2026-06-11 08:25:02Z INFO ProcessChannel] Sending message of length 24559, with hash 'ff2c502ed60221cecb723aedcc810d49ff91bd14b706e9d06f6fdc3be969b9c7'
[2026-06-11 08:25:02Z INFO JobNotification] Entering JobStarted Notification
[2026-06-11 08:25:02Z INFO JobNotification] Entering StartMonitor
[2026-06-11 08:26:02Z INFO JobDispatcher] Successfully renew job 15e56d65-c496-53c9-bd05-c7d0e6fb5dc0, job is valid till 2026/06/11 8:36:02
[2026-06-11 08:26:30Z INFO ProcessInvokerWrapper] STDOUT/STDERR stream read finished.
[2026-06-11 08:26:30Z INFO ProcessInvokerWrapper] STDOUT/STDERR stream read finished.
[2026-06-11 08:26:30Z INFO ProcessInvokerWrapper] Finished process 12780 with exit code 102, and elapsed time 00:01:28.1284401.
[2026-06-11 08:26:30Z INFO JobDispatcher] Worker finished for job 15e56d65-c496-53c9-bd05-c7d0e6fb5dc0. Code: 102
[2026-06-11 08:26:30Z INFO JobDispatcher] finish job request for job 15e56d65-c496-53c9-bd05-c7d0e6fb5dc0 with result: Failed
[2026-06-11 08:26:30Z INFO Terminal] WRITE LINE: 2026-06-11 08:26:30Z: Job rocket-sync completed with result: Failed
[2026-06-11 08:26:30Z INFO JobDispatcher] Stop renew job request for job 15e56d65-c496-53c9-bd05-c7d0e6fb5dc0.
[2026-06-11 08:26:30Z INFO JobDispatcher] job renew has been cancelled, stop renew job 15e56d65-c496-53c9-bd05-c7d0e6fb5dc0.
[2026-06-11 08:26:30Z INFO JobNotification] Entering JobCompleted Notification
[2026-06-11 08:26:30Z INFO JobNotification] Entering EndMonitor
[2026-06-11 08:26:30Z INFO BrokerMessageListener] Received job status event. JobState: Online
[2026-06-11 08:26:30Z WARN GitHubActionsService] GET request to https://broker.actions.githubusercontent.com/message?sessionId=393c48ed-25e9-4d03-9191-9fc5f283b690&status=Busy&runnerVersion=2.334.0&os=Windows&architecture=X64&disableUpdate=false has been cancelled.
[2026-06-11 08:26:30Z ERR  BrokerServer] Catch exception during request
[2026-06-11 08:26:30Z ERR  BrokerServer] System.Threading.Tasks.TaskCanceledException: The operation was canceled.
 ---> System.Threading.Tasks.TaskCanceledException: The operation was canceled.
 ---> System.IO.IOException: Unable to read data from the transport connection: スレッドの終了またはアプリケーションの要求によって、I/O 処理は中止されました。.
 ---> System.Net.Sockets.SocketException (995): スレッドの終了またはアプリケーションの要求によって、I/O 処理は中止されました。
   --- End of inner exception stack trace ---
   at System.Net.Sockets.Socket.AwaitableSocketAsyncEventArgs.System.Threading.Tasks.Sources.IValueTaskSource<System.Int32>.GetResult(Int16 token)
   at System.Net.Security.SslStream.EnsureFullTlsFrameAsync[TIOAdapter](CancellationToken cancellationToken, Int32 estimatedSize)
   at System.Runtime.CompilerServices.PoolingAsyncValueTaskMethodBuilder`1.StateMachineBox`1.System.Threading.Tasks.Sources.IValueTaskSource<TResult>.GetResult(Int16 token)
   at System.Net.Security.SslStream.ReadAsyncInternal[TIOAdapter](Memory`1 buffer, CancellationToken cancellationToken)
   at System.Runtime.CompilerServices.PoolingAsyncValueTaskMethodBuilder`1.StateMachineBox`1.System.Threading.Tasks.Sources.IValueTaskSource<TResult>.GetResult(Int16 token)
   at System.Net.Http.HttpConnection.SendAsync(HttpRequestMessage request, Boolean async, CancellationToken cancellationToken)
   --- End of inner exception stack trace ---
   at System.Net.Http.HttpConnection.SendAsync(HttpRequestMessage request, Boolean async, CancellationToken cancellationToken)
   at System.Net.Http.AuthenticationHelper.SendWithNtAuthAsync(HttpRequestMessage request, Uri authUri, Boolean async, ICredentials credentials, Boolean isProxyAuth, HttpConnection connection, HttpConnectionPool connectionPool, CancellationToken cancellationToken)
   at System.Net.Http.HttpConnectionPool.SendWithVersionDetectionAndRetryAsync(HttpRequestMessage request, Boolean async, Boolean doRequestAuth, CancellationToken cancellationToken)
   at System.Net.Http.AuthenticationHelper.SendWithAuthAsync(HttpRequestMessage request, Uri authUri, Boolean async, ICredentials credentials, Boolean preAuthenticate, Boolean isProxyAuth, Boolean doRequestAuth, HttpConnectionPool pool, CancellationToken cancellationToken)
   at System.Net.Http.RedirectHandler.SendAsync(HttpRequestMessage request, Boolean async, CancellationToken cancellationToken)
   at GitHub.Services.Common.RawHttpMessageHandler.SendAsync(HttpRequestMessage request, CancellationToken cancellationToken)
   at GitHub.Services.Common.VssHttpRetryMessageHandler.SendAsync(HttpRequestMessage request, CancellationToken cancellationToken)
   at System.Net.Http.HttpClient.<SendAsync>g__Core|83_0(HttpRequestMessage request, HttpCompletionOption completionOption, CancellationTokenSource cts, Boolean disposeCts, CancellationTokenSource pendingRequestsCts, CancellationToken originalCancellationToken)
   --- End of inner exception stack trace ---
   at System.Net.Http.HttpClient.HandleFailure(Exception e, Boolean telemetryStarted, HttpResponseMessage response, CancellationTokenSource cts, CancellationToken cancellationToken, CancellationTokenSource pendingRequestsCts)
   at System.Net.Http.HttpClient.<SendAsync>g__Core|83_0(HttpRequestMessage request, HttpCompletionOption completionOption, CancellationTokenSource cts, Boolean disposeCts, CancellationTokenSource pendingRequestsCts, CancellationToken originalCancellationToken)
   at Sdk.WebApi.WebApi.RawHttpClientBase.SendAsync(HttpRequestMessage message, HttpCompletionOption completionOption, Object userState, CancellationToken cancellationToken)
   at Sdk.WebApi.WebApi.RawHttpClientBase.SendAsync[T](HttpRequestMessage message, Boolean readErrorBody, Object userState, CancellationToken cancellationToken)
   at Sdk.WebApi.WebApi.RawHttpClientBase.SendAsync[T](HttpMethod method, IEnumerable`1 additionalHeaders, Uri requestUri, HttpContent content, IEnumerable`1 queryParameters, Boolean readErrorBody, Object userState, CancellationToken cancellationToken)
   at GitHub.Actions.RunService.WebApi.BrokerHttpClient.GetRunnerMessageAsync(Nullable`1 sessionId, String runnerVersion, Nullable`1 status, String os, String architecture, Nullable`1 disableUpdate, CancellationToken cancellationToken)
   at GitHub.Runner.Common.BrokerServer.<>c__DisplayClass7_0.<<GetRunnerMessageAsync>b__0>d.MoveNext()
--- End of stack trace from previous location ---
   at GitHub.Runner.Common.RunnerService.RetryRequest[T](Func`1 func, CancellationToken cancellationToken, Int32 maxAttempts, Func`2 shouldRetry)
[2026-06-11 08:26:30Z ERR  BrokerServer] #####################################################
[2026-06-11 08:26:30Z ERR  BrokerServer] System.Threading.Tasks.TaskCanceledException: The operation was canceled.
 ---> System.IO.IOException: Unable to read data from the transport connection: スレッドの終了またはアプリケーションの要求によって、I/O 処理は中止されました。.
 ---> System.Net.Sockets.SocketException (995): スレッドの終了またはアプリケーションの要求によって、I/O 処理は中止されました。
   --- End of inner exception stack trace ---
   at System.Net.Sockets.Socket.AwaitableSocketAsyncEventArgs.System.Threading.Tasks.Sources.IValueTaskSource<System.Int32>.GetResult(Int16 token)
   at System.Net.Security.SslStream.EnsureFullTlsFrameAsync[TIOAdapter](CancellationToken cancellationToken, Int32 estimatedSize)
   at System.Runtime.CompilerServices.PoolingAsyncValueTaskMethodBuilder`1.StateMachineBox`1.System.Threading.Tasks.Sources.IValueTaskSource<TResult>.GetResult(Int16 token)
   at System.Net.Security.SslStream.ReadAsyncInternal[TIOAdapter](Memory`1 buffer, CancellationToken cancellationToken)
   at System.Runtime.CompilerServices.PoolingAsyncValueTaskMethodBuilder`1.StateMachineBox`1.System.Threading.Tasks.Sources.IValueTaskSource<TResult>.GetResult(Int16 token)
   at System.Net.Http.HttpConnection.SendAsync(HttpRequestMessage request, Boolean async, CancellationToken cancellationToken)
   --- End of inner exception stack trace ---
   at System.Net.Http.HttpConnection.SendAsync(HttpRequestMessage request, Boolean async, CancellationToken cancellationToken)
   at System.Net.Http.AuthenticationHelper.SendWithNtAuthAsync(HttpRequestMessage request, Uri authUri, Boolean async, ICredentials credentials, Boolean isProxyAuth, HttpConnection connection, HttpConnectionPool connectionPool, CancellationToken cancellationToken)
   at System.Net.Http.HttpConnectionPool.SendWithVersionDetectionAndRetryAsync(HttpRequestMessage request, Boolean async, Boolean doRequestAuth, CancellationToken cancellationToken)
   at System.Net.Http.AuthenticationHelper.SendWithAuthAsync(HttpRequestMessage request, Uri authUri, Boolean async, ICredentials credentials, Boolean preAuthenticate, Boolean isProxyAuth, Boolean doRequestAuth, HttpConnectionPool pool, CancellationToken cancellationToken)
   at System.Net.Http.RedirectHandler.SendAsync(HttpRequestMessage request, Boolean async, CancellationToken cancellationToken)
   at GitHub.Services.Common.RawHttpMessageHandler.SendAsync(HttpRequestMessage request, CancellationToken cancellationToken)
   at GitHub.Services.Common.VssHttpRetryMessageHandler.SendAsync(HttpRequestMessage request, CancellationToken cancellationToken)
   at System.Net.Http.HttpClient.<SendAsync>g__Core|83_0(HttpRequestMessage request, HttpCompletionOption completionOption, CancellationTokenSource cts, Boolean disposeCts, CancellationTokenSource pendingRequestsCts, CancellationToken originalCancellationToken)
[2026-06-11 08:26:30Z ERR  BrokerServer] #####################################################
[2026-06-11 08:26:30Z ERR  BrokerServer] System.IO.IOException: Unable to read data from the transport connection: スレッドの終了またはアプリケーションの要求によって、I/O 処理は中止されました。.
 ---> System.Net.Sockets.SocketException (995): スレッドの終了またはアプリケーションの要求によって、I/O 処理は中止されました。
   --- End of inner exception stack trace ---
   at System.Net.Sockets.Socket.AwaitableSocketAsyncEventArgs.System.Threading.Tasks.Sources.IValueTaskSource<System.Int32>.GetResult(Int16 token)
   at System.Net.Security.SslStream.EnsureFullTlsFrameAsync[TIOAdapter](CancellationToken cancellationToken, Int32 estimatedSize)
   at System.Runtime.CompilerServices.PoolingAsyncValueTaskMethodBuilder`1.StateMachineBox`1.System.Threading.Tasks.Sources.IValueTaskSource<TResult>.GetResult(Int16 token)
   at System.Net.Security.SslStream.ReadAsyncInternal[TIOAdapter](Memory`1 buffer, CancellationToken cancellationToken)
   at System.Runtime.CompilerServices.PoolingAsyncValueTaskMethodBuilder`1.StateMachineBox`1.System.Threading.Tasks.Sources.IValueTaskSource<TResult>.GetResult(Int16 token)
   at System.Net.Http.HttpConnection.SendAsync(HttpRequestMessage request, Boolean async, CancellationToken cancellationToken)
[2026-06-11 08:26:30Z ERR  BrokerServer] #####################################################
[2026-06-11 08:26:30Z ERR  BrokerServer] System.Net.Sockets.SocketException (995): スレッドの終了またはアプリケーションの要求によって、I/O 処理は中止されました。
[2026-06-11 08:26:30Z WARN BrokerServer] Back off 6.874 seconds before next retry. 4 attempt left.
[2026-06-11 08:26:30Z INFO BrokerMessageListener] Get messages has been cancelled using local token source. Continue to get messages with new status.
[2026-06-11 08:27:34Z INFO HostContext] Runner will be shutdown for UserCancelled
[2026-06-11 08:27:34Z WARN GitHubActionsService] GET request to https://broker.actions.githubusercontent.com/message?sessionId=393c48ed-25e9-4d03-9191-9fc5f283b690&status=Online&runnerVersion=2.334.0&os=Windows&architecture=X64&disableUpdate=false has been cancelled.
[2026-06-11 08:27:34Z ERR  BrokerServer] Catch exception during request
[2026-06-11 08:27:34Z ERR  BrokerServer] System.Threading.Tasks.TaskCanceledException: The operation was canceled.
 ---> System.Threading.Tasks.TaskCanceledException: The operation was canceled.
 ---> System.IO.IOException: Unable to read data from the transport connection: スレッドの終了またはアプリケーションの要求によって、I/O 処理は中止されました。.
 ---> System.Net.Sockets.SocketException (995): スレッドの終了またはアプリケーションの要求によって、I/O 処理は中止されました。
   --- End of inner exception stack trace ---
   at System.Net.Sockets.Socket.AwaitableSocketAsyncEventArgs.System.Threading.Tasks.Sources.IValueTaskSource<System.Int32>.GetResult(Int16 token)
   at System.Net.Security.SslStream.EnsureFullTlsFrameAsync[TIOAdapter](CancellationToken cancellationToken, Int32 estimatedSize)
   at System.Runtime.CompilerServices.PoolingAsyncValueTaskMethodBuilder`1.StateMachineBox`1.System.Threading.Tasks.Sources.IValueTaskSource<TResult>.GetResult(Int16 token)
   at System.Net.Security.SslStream.ReadAsyncInternal[TIOAdapter](Memory`1 buffer, CancellationToken cancellationToken)
   at System.Runtime.CompilerServices.PoolingAsyncValueTaskMethodBuilder`1.StateMachineBox`1.System.Threading.Tasks.Sources.IValueTaskSource<TResult>.GetResult(Int16 token)
   at System.Net.Http.HttpConnection.SendAsync(HttpRequestMessage request, Boolean async, CancellationToken cancellationToken)
   --- End of inner exception stack trace ---
   at System.Net.Http.HttpConnection.SendAsync(HttpRequestMessage request, Boolean async, CancellationToken cancellationToken)
   at System.Net.Http.AuthenticationHelper.SendWithNtAuthAsync(HttpRequestMessage request, Uri authUri, Boolean async, ICredentials credentials, Boolean isProxyAuth, HttpConnection connection, HttpConnectionPool connectionPool, CancellationToken cancellationToken)
   at System.Net.Http.HttpConnectionPool.SendWithVersionDetectionAndRetryAsync(HttpRequestMessage request, Boolean async, Boolean doRequestAuth, CancellationToken cancellationToken)
   at System.Net.Http.AuthenticationHelper.SendWithAuthAsync(HttpRequestMessage request, Uri authUri, Boolean async, ICredentials credentials, Boolean preAuthenticate, Boolean isProxyAuth, Boolean doRequestAuth, HttpConnectionPool pool, CancellationToken cancellationToken)
   at System.Net.Http.RedirectHandler.SendAsync(HttpRequestMessage request, Boolean async, CancellationToken cancellationToken)
   at GitHub.Services.Common.RawHttpMessageHandler.SendAsync(HttpRequestMessage request, CancellationToken cancellationToken)
   at GitHub.Services.Common.VssHttpRetryMessageHandler.SendAsync(HttpRequestMessage request, CancellationToken cancellationToken)
   at System.Net.Http.HttpClient.<SendAsync>g__Core|83_0(HttpRequestMessage request, HttpCompletionOption completionOption, CancellationTokenSource cts, Boolean disposeCts, CancellationTokenSource pendingRequestsCts, CancellationToken originalCancellationToken)
   --- End of inner exception stack trace ---
   at System.Net.Http.HttpClient.HandleFailure(Exception e, Boolean telemetryStarted, HttpResponseMessage response, CancellationTokenSource cts, CancellationToken cancellationToken, CancellationTokenSource pendingRequestsCts)
   at System.Net.Http.HttpClient.<SendAsync>g__Core|83_0(HttpRequestMessage request, HttpCompletionOption completionOption, CancellationTokenSource cts, Boolean disposeCts, CancellationTokenSource pendingRequestsCts, CancellationToken originalCancellationToken)
   at Sdk.WebApi.WebApi.RawHttpClientBase.SendAsync(HttpRequestMessage message, HttpCompletionOption completionOption, Object userState, CancellationToken cancellationToken)
   at Sdk.WebApi.WebApi.RawHttpClientBase.SendAsync[T](HttpRequestMessage message, Boolean readErrorBody, Object userState, CancellationToken cancellationToken)
   at Sdk.WebApi.WebApi.RawHttpClientBase.SendAsync[T](HttpMethod method, IEnumerable`1 additionalHeaders, Uri requestUri, HttpContent content, IEnumerable`1 queryParameters, Boolean readErrorBody, Object userState, CancellationToken cancellationToken)
   at GitHub.Actions.RunService.WebApi.BrokerHttpClient.GetRunnerMessageAsync(Nullable`1 sessionId, String runnerVersion, Nullable`1 status, String os, String architecture, Nullable`1 disableUpdate, CancellationToken cancellationToken)
   at GitHub.Runner.Common.BrokerServer.<>c__DisplayClass7_0.<<GetRunnerMessageAsync>b__0>d.MoveNext()
--- End of stack trace from previous location ---
   at GitHub.Runner.Common.RunnerService.RetryRequest[T](Func`1 func, CancellationToken cancellationToken, Int32 maxAttempts, Func`2 shouldRetry)
[2026-06-11 08:27:34Z ERR  BrokerServer] #####################################################
[2026-06-11 08:27:34Z ERR  BrokerServer] System.Threading.Tasks.TaskCanceledException: The operation was canceled.
 ---> System.IO.IOException: Unable to read data from the transport connection: スレッドの終了またはアプリケーションの要求によって、I/O 処理は中止されました。.
 ---> System.Net.Sockets.SocketException (995): スレッドの終了またはアプリケーションの要求によって、I/O 処理は中止されました。
   --- End of inner exception stack trace ---
   at System.Net.Sockets.Socket.AwaitableSocketAsyncEventArgs.System.Threading.Tasks.Sources.IValueTaskSource<System.Int32>.GetResult(Int16 token)
   at System.Net.Security.SslStream.EnsureFullTlsFrameAsync[TIOAdapter](CancellationToken cancellationToken, Int32 estimatedSize)
   at System.Runtime.CompilerServices.PoolingAsyncValueTaskMethodBuilder`1.StateMachineBox`1.System.Threading.Tasks.Sources.IValueTaskSource<TResult>.GetResult(Int16 token)
   at System.Net.Security.SslStream.ReadAsyncInternal[TIOAdapter](Memory`1 buffer, CancellationToken cancellationToken)
   at System.Runtime.CompilerServices.PoolingAsyncValueTaskMethodBuilder`1.StateMachineBox`1.System.Threading.Tasks.Sources.IValueTaskSource<TResult>.GetResult(Int16 token)
   at System.Net.Http.HttpConnection.SendAsync(HttpRequestMessage request, Boolean async, CancellationToken cancellationToken)
   --- End of inner exception stack trace ---
   at System.Net.Http.HttpConnection.SendAsync(HttpRequestMessage request, Boolean async, CancellationToken cancellationToken)
   at System.Net.Http.AuthenticationHelper.SendWithNtAuthAsync(HttpRequestMessage request, Uri authUri, Boolean async, ICredentials credentials, Boolean isProxyAuth, HttpConnection connection, HttpConnectionPool connectionPool, CancellationToken cancellationToken)
   at System.Net.Http.HttpConnectionPool.SendWithVersionDetectionAndRetryAsync(HttpRequestMessage request, Boolean async, Boolean doRequestAuth, CancellationToken cancellationToken)
   at System.Net.Http.AuthenticationHelper.SendWithAuthAsync(HttpRequestMessage request, Uri authUri, Boolean async, ICredentials credentials, Boolean preAuthenticate, Boolean isProxyAuth, Boolean doRequestAuth, HttpConnectionPool pool, CancellationToken cancellationToken)
   at System.Net.Http.RedirectHandler.SendAsync(HttpRequestMessage request, Boolean async, CancellationToken cancellationToken)
   at GitHub.Services.Common.RawHttpMessageHandler.SendAsync(HttpRequestMessage request, CancellationToken cancellationToken)
   at GitHub.Services.Common.VssHttpRetryMessageHandler.SendAsync(HttpRequestMessage request, CancellationToken cancellationToken)
   at System.Net.Http.HttpClient.<SendAsync>g__Core|83_0(HttpRequestMessage request, HttpCompletionOption completionOption, CancellationTokenSource cts, Boolean disposeCts, CancellationTokenSource pendingRequestsCts, CancellationToken originalCancellationToken)
[2026-06-11 08:27:34Z ERR  BrokerServer] #####################################################
[2026-06-11 08:27:34Z ERR  BrokerServer] System.IO.IOException: Unable to read data from the transport connection: スレッドの終了またはアプリケーションの要求によって、I/O 処理は中止されました。.
 ---> System.Net.Sockets.SocketException (995): スレッドの終了またはアプリケーションの要求によって、I/O 処理は中止されました。
   --- End of inner exception stack trace ---
   at System.Net.Sockets.Socket.AwaitableSocketAsyncEventArgs.System.Threading.Tasks.Sources.IValueTaskSource<System.Int32>.GetResult(Int16 token)
   at System.Net.Security.SslStream.EnsureFullTlsFrameAsync[TIOAdapter](CancellationToken cancellationToken, Int32 estimatedSize)
   at System.Runtime.CompilerServices.PoolingAsyncValueTaskMethodBuilder`1.StateMachineBox`1.System.Threading.Tasks.Sources.IValueTaskSource<TResult>.GetResult(Int16 token)
   at System.Net.Security.SslStream.ReadAsyncInternal[TIOAdapter](Memory`1 buffer, CancellationToken cancellationToken)
   at System.Runtime.CompilerServices.PoolingAsyncValueTaskMethodBuilder`1.StateMachineBox`1.System.Threading.Tasks.Sources.IValueTaskSource<TResult>.GetResult(Int16 token)
   at System.Net.Http.HttpConnection.SendAsync(HttpRequestMessage request, Boolean async, CancellationToken cancellationToken)
[2026-06-11 08:27:34Z ERR  BrokerServer] #####################################################
[2026-06-11 08:27:34Z ERR  BrokerServer] System.Net.Sockets.SocketException (995): スレッドの終了またはアプリケーションの要求によって、I/O 処理は中止されました。
[2026-06-11 08:27:34Z WARN BrokerServer] Back off 5.697 seconds before next retry. 4 attempt left.
[2026-06-11 08:27:34Z INFO BrokerMessageListener] Get next message has been cancelled.
[2026-06-11 08:27:34Z INFO JobDispatcher] Shutting down JobDispatcher. Make sure all WorkerDispatcher has finished.
[2026-06-11 08:27:34Z INFO JobDispatcher] Ensure WorkerDispatcher for job 15e56d65-c496-53c9-bd05-c7d0e6fb5dc0 run to finish, cancel any running job.
[2026-06-11 08:27:34Z INFO JobDispatcher] Job request 15e56d65-c496-53c9-bd05-c7d0e6fb5dc0 processed succeed.
[2026-06-11 08:27:34Z INFO Runner] Deleting Runner Session...
