[2026-06-11 08:36:10Z INFO HostContext] No proxy settings were found based on environmental variables (http_proxy/https_proxy/HTTP_PROXY/HTTPS_PROXY)
[2026-06-11 08:36:10Z INFO HostContext] Well known directory 'Bin': 'C:\Users\highf\Downloads\hfs\actions-runner\actions-runner\bin'
[2026-06-11 08:36:10Z INFO HostContext] Well known directory 'Root': 'C:\Users\highf\Downloads\hfs\actions-runner\actions-runner'
[2026-06-11 08:36:10Z INFO HostContext] Well known config file 'Credentials': 'C:\Users\highf\Downloads\hfs\actions-runner\actions-runner\.credentials'
[2026-06-11 08:36:10Z INFO HostContext] Well known directory 'Bin': 'C:\Users\highf\Downloads\hfs\actions-runner\actions-runner\bin'
[2026-06-11 08:36:10Z INFO HostContext] Well known directory 'Root': 'C:\Users\highf\Downloads\hfs\actions-runner\actions-runner'
[2026-06-11 08:36:10Z INFO HostContext] Well known config file 'Runner': 'C:\Users\highf\Downloads\hfs\actions-runner\actions-runner\.runner'
[2026-06-11 08:36:10Z INFO Worker] Version: 2.334.0
[2026-06-11 08:36:10Z INFO Worker] Commit: f1995ede5d885c997d13d8eca5467c4ce97fe69c
[2026-06-11 08:36:10Z INFO Worker] Culture: ja-JP
[2026-06-11 08:36:10Z INFO Worker] UI Culture: ja-JP
[2026-06-11 08:36:10Z INFO Worker] Waiting to receive the job message from the channel.
[2026-06-11 08:36:10Z INFO ProcessChannel] Receiving message of length 21489, with hash 'b59486cc98623cf4147901ba9cd548d3a5395bdf4aca15e832e5805e989b8d0e'
[2026-06-11 08:36:10Z INFO Worker] Message received.
[2026-06-11 08:36:10Z INFO Worker] Job message:
 {
  "fileTable": [
    ".github/workflows/menu-sync.yml"
  ],
  "mask": [
    {
      "type": "regex",
      "value": "***"
    },
    {
      "type": "regex",
      "value": "***"
    },
    {
      "type": "regex",
      "value": "***"
    },
    {
      "type": "regex",
      "value": "***"
    },
    {
      "type": "regex",
      "value": "***"
    },
    {
      "type": "regex",
      "value": "***"
    },
    {
      "type": "regex",
      "value": "***"
    },
    {
      "type": "regex",
      "value": "***"
    },
    {
      "type": "regex",
      "value": "***"
    },
    {
      "type": "regex",
      "value": "***"
    },
    {
      "type": "regex",
      "value": "***"
    },
    {
      "type": "regex",
      "value": "***"
    },
    {
      "type": "regex",
      "value": "***"
    },
    {
      "type": "regex",
      "value": "***"
    },
    {
      "type": "regex",
      "value": "***"
    },
    {
      "type": "regex",
      "value": "***"
    },
    {
      "type": "regex",
      "value": "***"
    },
    {
      "type": "regex",
      "value": "***"
    },
    {
      "type": "regex",
      "value": "***"
    },
    {
      "type": "regex",
      "value": "***"
    },
    {
      "type": "regex",
      "value": "***"
    },
    {
      "type": "regex",
      "value": "***"
    },
    {
      "type": "regex",
      "value": "***"
    },
    {
      "type": "regex",
      "value": "***"
    }
  ],
  "steps": [
    {
      "type": "action",
      "reference": {
        "type": "repository",
        "name": "actions/checkout",
        "ref": "v4",
        "repositoryType": "GitHub"
      },
      "displayNameToken": {
        "type": 0,
        "file": 1,
        "line": 13,
        "col": 15,
        "lit": "Checkout"
      },
      "contextName": "__actions_checkout",
      "condition": "success()",
      "id": "cc5587c2-9148-4138-b19b-0801c061c9ab",
      "name": "__actions_checkout"
    },
    {
      "type": "action",
      "reference": {
        "type": "repository",
        "name": "actions/setup-node",
        "ref": "v4",
        "repositoryType": "GitHub"
      },
      "displayNameToken": {
        "type": 0,
        "file": 1,
        "line": 16,
        "col": 15,
        "lit": "Setup Node"
      },
      "contextName": "__actions_setup-node",
      "inputs": {
        "type": 2,
        "file": 1,
        "line": 19,
        "col": 11,
        "map": [
          {
            "key": {
              "type": 0,
              "file": 1,
              "line": 19,
              "col": 11,
              "lit": "node-version"
            },
            "value": {
              "type": 0,
              "file": 1,
              "line": 19,
              "col": 25,
              "lit": "20"
            }
          }
        ]
      },
      "condition": "success()",
      "id": "c7e778dd-17b0-4f07-a05f-526baf760e4a",
      "name": "__actions_setup-node"
    },
    {
      "type": "action",
      "reference": {
        "type": "script"
      },
      "displayNameToken": {
        "type": 0,
        "file": 1,
        "line": 21,
        "col": 15,
        "lit": "Install dependencies"
      },
      "contextName": "__run",
      "inputs": {
        "type": 2,
        "map": [
          {
            "key": "script",
            "value": {
              "type": 0,
              "file": 1,
              "line": 22,
              "col": 14,
              "lit": "npm ci"
            }
          }
        ]
      },
      "condition": "success()",
      "id": "805d24b6-dae3-4264-85d4-6ce31f85da62",
      "name": "__run"
    },
    {
      "type": "action",
      "reference": {
        "type": "script"
      },
      "displayNameToken": {
        "type": 0,
        "file": 1,
        "line": 24,
        "col": 15,
        "lit": "Run sync"
      },
      "contextName": "__run_2",
      "environment": {
        "type": 2,
        "file": 1,
        "line": 27,
        "col": 11,
        "map": [
          {
            "key": {
              "type": 0,
              "file": 1,
              "line": 27,
              "col": 11,
              "lit": "SUPABASE_URL"
            },
            "value": {
              "type": 3,
              "file": 1,
              "line": 27,
              "col": 25,
              "expr": "secrets.SUPABASE_URL"
            }
          },
          {
            "key": {
              "type": 0,
              "file": 1,
              "line": 28,
              "col": 11,
              "lit": "SUPABASE_SERVICE_ROLE_KEY"
            },
            "value": {
              "type": 3,
              "file": 1,
              "line": 28,
              "col": 38,
              "expr": "secrets.SUPABASE_SERVICE_ROLE_KEY"
            }
          }
        ]
      },
      "inputs": {
        "type": 2,
        "map": [
          {
            "key": "script",
            "value": {
              "type": 0,
              "file": 1,
              "line": 25,
              "col": 14,
              "lit": "npx tsx menu-sync.ts"
            }
          }
        ]
      },
      "condition": "success()",
      "id": "93abd2e4-d2ca-4768-9f98-0d32dbd1d05f",
      "name": "__run_2"
    }
  ],
  "variables": {
    "Actions.EnableHttpRedirects": {
      "value": "true"
    },
    "DistributedTask.AddWarningToNode12Action": {
      "value": "true"
    },
    "DistributedTask.AddWarningToNode16Action": {
      "value": "true"
    },
    "DistributedTask.AllowRunnerContainerHooks": {
      "value": "true"
    },
    "DistributedTask.DeprecateStepOutputCommands": {
      "value": "true"
    },
    "DistributedTask.DetailUntarFailure": {
      "value": "true"
    },
    "DistributedTask.EnableCompositeActions": {
      "value": "true"
    },
    "DistributedTask.EnableJobServerQueueTelemetry": {
      "value": "true"
    },
    "DistributedTask.EnhancedAnnotations": {
      "value": "true"
    },
    "DistributedTask.ForceGithubJavascriptActionsToNode16": {
      "value": "true"
    },
    "DistributedTask.ForceGithubJavascriptActionsToNode20": {
      "value": "true"
    },
    "DistributedTask.LogTemplateErrorsAsDebugMessages": {
      "value": "true"
    },
    "DistributedTask.MarkJobAsFailedOnWorkerCrash": {
      "value": "true"
    },
    "DistributedTask.NewActionMetadata": {
      "value": "true"
    },
    "DistributedTask.UploadStepSummary": {
      "value": "true"
    },
    "DistributedTask.UseActionArchiveCache": {
      "value": "true"
    },
    "DistributedTask.UseWhich2": {
      "value": "true"
    },
    "RunService.FixEmbeddedIssues": {
      "value": "true"
    },
    "SUPABASE_SERVICE_ROLE_KEY": {
      "value": "***",
      "isSecret": true
    },
    "SUPABASE_URL": {
      "value": "***",
      "isSecret": true
    },
    "actions.runner.requirenode24": {
      "value": "false"
    },
    "actions.runner.usenode24bydefault": {
      "value": "false"
    },
    "actions.runner.warnonnode20": {
      "value": "true"
    },
    "actions_add_check_run_id_to_job_context": {
      "value": "true"
    },
    "actions_batch_action_resolution": {
      "value": "false"
    },
    "actions_container_action_runner_temp": {
      "value": "true"
    },
    "actions_display_helpful_actions_download_errors": {
      "value": "true"
    },
    "actions_runner_compare_workflow_parser": {
      "value": "false"
    },
    "actions_runner_deprecate_linux_arm32": {
      "value": "false"
    },
    "actions_runner_emit_composite_markers": {
      "value": "false"
    },
    "actions_runner_kill_linux_arm32": {
      "value": "false"
    },
    "actions_runner_node20_removal_date": {
      "value": ""
    },
    "actions_runner_node24_default_date": {
      "value": "June 16th, 2026"
    },
    "actions_service_container_command": {
      "value": "true"
    },
    "actions_set_orchestration_id_env_for_actions": {
      "value": "true"
    },
    "actions_skip_retry_complete_job_upon_known_errors": {
      "value": "true"
    },
    "actions_snapshot_preflight_hosted_runner_check": {
      "value": "false"
    },
    "actions_snapshot_preflight_image_gen_pool_check": {
      "value": "false"
    },
    "actions_use_bearer_token_for_codeload": {
      "value": "false"
    },
    "actions_uses_cache_service_v2": {
      "value": "true"
    },
    "github_token": {
      "value": "***",
      "isSecret": true
    },
    "system.from_run_service": {
      "value": "true"
    },
    "system.github.job": {
      "value": "sync"
    },
    "system.github.launch_endpoint": {
      "value": "https://launch.actions.githubusercontent.com"
    },
    "system.github.results_endpoint": {
      "value": "https://results-receiver.actions.githubusercontent.com/"
    },
    "system.github.results_upload_with_sdk": {
      "value": "true"
    },
    "system.github.token": {
      "value": "***",
      "isSecret": true
    },
    "system.github.token.permissions": {
      "value": "{\"Contents\":\"read\",\"Metadata\":\"read\",\"Packages\":\"read\"}"
    },
    "system.orchestrationId": {
      "value": "c2e1e3e2-dfd3-418f-b8d7-c9514da9b00d.sync.__default"
    },
    "system.phaseDisplayName": {
      "value": "sync"
    },
    "system.runner.lowdiskspacethreshold": {
      "value": "100"
    },
    "system.runnerEnvironment": {
      "value": "self-hosted"
    },
    "system.runnerGroupName": {
      "value": "Default"
    }
  },
  "messageType": "RunnerJobRequest",
  "plan": {
    "scopeIdentifier": "00000000-0000-0000-0000-000000000000",
    "planType": "actions",
    "version": 0,
    "planId": "c2e1e3e2-dfd3-418f-b8d7-c9514da9b00d",
    "planGroup": null,
    "artifactUri": null,
    "artifactLocation": null,
    "definition": null,
    "owner": null
  },
  "timeline": {
    "id": "c2e1e3e2-dfd3-418f-b8d7-c9514da9b00d",
    "changeId": 0,
    "location": null
  },
  "jobId": "dc371a46-2783-528b-82a9-df63175f6ef6",
  "jobDisplayName": "sync",
  "jobName": "__default",
  "requestId": 0,
  "lockedUntil": "0001-01-01T00:00:00",
  "resources": {
    "endpoints": [
      {
        "data": {
          "ServerId": "",
          "ServerName": "",
          "CacheServerUrl": "https://artifactcache.actions.githubusercontent.com/T27dm1oo1vVbbW7Joieg9XHLkdhSlKdo9VaKMuZ3I9naEyan9h/",
          "FeedStreamUrl": "wss://results-receiver.actions.githubusercontent.com/_ws/ingest.sock",
          "ResultsServiceUrl": "https://results-receiver.actions.githubusercontent.com/",
          "PipelinesServiceUrl": "https://pipelinesghubeus8.actions.githubusercontent.com/T27dm1oo1vVbbW7Joieg9XHLkdhSlKdo9VaKMuZ3I9naEyan9h/",
          "GenerateIdTokenUrl": "",
          "ConnectivityChecks": "[\"https://broker.actions.githubusercontent.com/health\",\"https://token.actions.githubusercontent.com/ready\",\"https://run.actions.githubusercontent.com/health\"]"
        },
        "name": "SystemVssConnection",
        "url": "https://run-actions-2-azure-eastus.actions.githubusercontent.com/89/",
        "authorization": {
          "parameters": {
            "AccessToken": "***"
          },
          "scheme": "OAuth"
        },
        "isShared": false,
        "isReady": true
      }
    ]
  },
  "contextData": {
    "github": {
      "t": 2,
      "d": [
        {
          "k": "ref",
          "v": "refs/heads/main"
        },
        {
          "k": "sha",
          "v": "621bcb8d505396a4bde15f6a87089d500aa6f0e6"
        },
        {
          "k": "repository",
          "v": "sitaramm25/hfs-uber-sync"
        },
        {
          "k": "repository_owner",
          "v": "sitaramm25"
        },
        {
          "k": "repository_owner_id",
          "v": "57124156"
        },
        {
          "k": "repositoryUrl",
          "v": "git://github.com/sitaramm25/hfs-uber-sync.git"
        },
        {
          "k": "run_id",
          "v": "27334116140"
        },
        {
          "k": "run_number",
          "v": "85"
        },
        {
          "k": "retention_days",
          "v": "90"
        },
        {
          "k": "run_attempt",
          "v": "1"
        },
        {
          "k": "artifact_cache_size_limit",
          "v": "10"
        },
        {
          "k": "repository_visibility",
          "v": "public"
        },
        {
          "k": "actor_id",
          "v": "57124156"
        },
        {
          "k": "actor",
          "v": "sitaramm25"
        },
        {
          "k": "workflow",
          "v": "Menu Sync"
        },
        {
          "k": "head_ref",
          "v": ""
        },
        {
          "k": "base_ref",
          "v": ""
        },
        {
          "k": "event_name",
          "v": "workflow_dispatch"
        },
        {
          "k": "server_url",
          "v": "https://github.com"
        },
        {
          "k": "api_url",
          "v": "https://api.github.com"
        },
        {
          "k": "graphql_url",
          "v": "https://api.github.com/graphql"
        },
        {
          "k": "ref_name",
          "v": "main"
        },
        {
          "k": "ref_protected",
          "v": false
        },
        {
          "k": "ref_type",
          "v": "branch"
        },
        {
          "k": "secret_source",
          "v": "Actions"
        },
        {
          "k": "event",
          "v": {
            "t": 2,
            "d": [
              {
                "k": "ref",
                "v": "refs/heads/main"
              },
              {
                "k": "workflow",
                "v": ".github/workflows/menu-sync.yml"
              },
              {
                "k": "inputs",
                "v": null
              },
              {
                "k": "repository",
                "v": {
                  "t": 2,
                  "d": [
                    {
                      "k": "id",
                      "v": 1252269342.0
                    },
                    {
                      "k": "node_id",
                      "v": "R_kgDOSqQdHg"
                    },
                    {
                      "k": "name",
                      "v": "hfs-uber-sync"
                    },
                    {
                      "k": "full_name",
                      "v": "sitaramm25/hfs-uber-sync"
                    },
                    {
                      "k": "private",
                      "v": false
                    },
                    {
                      "k": "owner",
                      "v": {
                        "t": 2,
                        "d": [
                          {
                            "k": "login",
                            "v": "sitaramm25"
                          },
                          {
                            "k": "id",
                            "v": 57124156.0
                          },
                          {
                            "k": "node_id",
                            "v": "MDQ6VXNlcjU3MTI0MTU2"
                          },
                          {
                            "k": "avatar_url",
                            "v": "https://avatars.githubusercontent.com/u/57124156?v=4"
                          },
                          {
                            "k": "gravatar_id",
                            "v": ""
                          },
                          {
                            "k": "url",
                            "v": "https://api.github.com/users/sitaramm25"
                          },
                          {
                            "k": "html_url",
                            "v": "https://github.com/sitaramm25"
                          },
                          {
                            "k": "followers_url",
                            "v": "https://api.github.com/users/sitaramm25/followers"
                          },
                          {
                            "k": "following_url",
                            "v": "https://api.github.com/users/sitaramm25/following{/other_user}"
                          },
                          {
                            "k": "gists_url",
                            "v": "https://api.github.com/users/sitaramm25/gists{/gist_id}"
                          },
                          {
                            "k": "starred_url",
                            "v": "https://api.github.com/users/sitaramm25/starred{/owner}{/repo}"
                          },
                          {
                            "k": "subscriptions_url",
                            "v": "https://api.github.com/users/sitaramm25/subscriptions"
                          },
                          {
                            "k": "organizations_url",
                            "v": "https://api.github.com/users/sitaramm25/orgs"
                          },
                          {
                            "k": "repos_url",
                            "v": "https://api.github.com/users/sitaramm25/repos"
                          },
                          {
                            "k": "events_url",
                            "v": "https://api.github.com/users/sitaramm25/events{/privacy}"
                          },
                          {
                            "k": "received_events_url",
                            "v": "https://api.github.com/users/sitaramm25/received_events"
                          },
                          {
                            "k": "type",
                            "v": "User"
                          },
                          {
                            "k": "user_view_type",
                            "v": "public"
                          },
                          {
                            "k": "site_admin",
                            "v": false
                          }
                        ]
                      }
                    },
                    {
                      "k": "html_url",
                      "v": "https://github.com/sitaramm25/hfs-uber-sync"
                    },
                    {
                      "k": "description",
                      "v": null
                    },
                    {
                      "k": "fork",
                      "v": false
                    },
                    {
                      "k": "url",
                      "v": "https://api.github.com/repos/sitaramm25/hfs-uber-sync"
                    },
                    {
                      "k": "forks_url",
                      "v": "https://api.github.com/repos/sitaramm25/hfs-uber-sync/forks"
                    },
                    {
                      "k": "keys_url",
                      "v": "https://api.github.com/repos/sitaramm25/hfs-uber-sync/keys{/key_id}"
                    },
                    {
                      "k": "collaborators_url",
                      "v": "https://api.github.com/repos/sitaramm25/hfs-uber-sync/collaborators{/collaborator}"
                    },
                    {
                      "k": "teams_url",
                      "v": "https://api.github.com/repos/sitaramm25/hfs-uber-sync/teams"
                    },
                    {
                      "k": "hooks_url",
                      "v": "https://api.github.com/repos/sitaramm25/hfs-uber-sync/hooks"
                    },
                    {
                      "k": "issue_events_url",
                      "v": "https://api.github.com/repos/sitaramm25/hfs-uber-sync/issues/events{/number}"
                    },
                    {
                      "k": "events_url",
                      "v": "https://api.github.com/repos/sitaramm25/hfs-uber-sync/events"
                    },
                    {
                      "k": "assignees_url",
                      "v": "https://api.github.com/repos/sitaramm25/hfs-uber-sync/assignees{/user}"
                    },
                    {
                      "k": "branches_url",
                      "v": "https://api.github.com/repos/sitaramm25/hfs-uber-sync/branches{/branch}"
                    },
                    {
                      "k": "tags_url",
                      "v": "https://api.github.com/repos/sitaramm25/hfs-uber-sync/tags"
                    },
                    {
                      "k": "blobs_url",
                      "v": "https://api.github.com/repos/sitaramm25/hfs-uber-sync/git/blobs{/sha}"
                    },
                    {
                      "k": "git_tags_url",
                      "v": "https://api.github.com/repos/sitaramm25/hfs-uber-sync/git/tags{/sha}"
                    },
                    {
                      "k": "git_refs_url",
                      "v": "https://api.github.com/repos/sitaramm25/hfs-uber-sync/git/refs{/sha}"
                    },
                    {
                      "k": "trees_url",
                      "v": "https://api.github.com/repos/sitaramm25/hfs-uber-sync/git/trees{/sha}"
                    },
                    {
                      "k": "statuses_url",
                      "v": "https://api.github.com/repos/sitaramm25/hfs-uber-sync/statuses/{sha}"
                    },
                    {
                      "k": "languages_url",
                      "v": "https://api.github.com/repos/sitaramm25/hfs-uber-sync/languages"
                    },
                    {
                      "k": "stargazers_url",
                      "v": "https://api.github.com/repos/sitaramm25/hfs-uber-sync/stargazers"
                    },
                    {
                      "k": "contributors_url",
                      "v": "https://api.github.com/repos/sitaramm25/hfs-uber-sync/contributors"
                    },
                    {
                      "k": "subscribers_url",
                      "v": "https://api.github.com/repos/sitaramm25/hfs-uber-sync/subscribers"
                    },
                    {
                      "k": "subscription_url",
                      "v": "https://api.github.com/repos/sitaramm25/hfs-uber-sync/subscription"
                    },
                    {
                      "k": "commits_url",
                      "v": "https://api.github.com/repos/sitaramm25/hfs-uber-sync/commits{/sha}"
                    },
                    {
                      "k": "git_commits_url",
                      "v": "https://api.github.com/repos/sitaramm25/hfs-uber-sync/git/commits{/sha}"
                    },
                    {
                      "k": "comments_url",
                      "v": "https://api.github.com/repos/sitaramm25/hfs-uber-sync/comments{/number}"
                    },
                    {
                      "k": "issue_comment_url",
                      "v": "https://api.github.com/repos/sitaramm25/hfs-uber-sync/issues/comments{/number}"
                    },
                    {
                      "k": "contents_url",
                      "v": "https://api.github.com/repos/sitaramm25/hfs-uber-sync/contents/{+path}"
                    },
                    {
                      "k": "compare_url",
                      "v": "https://api.github.com/repos/sitaramm25/hfs-uber-sync/compare/{base}...{head}"
                    },
                    {
                      "k": "merges_url",
                      "v": "https://api.github.com/repos/sitaramm25/hfs-uber-sync/merges"
                    },
                    {
                      "k": "archive_url",
                      "v": "https://api.github.com/repos/sitaramm25/hfs-uber-sync/{archive_format}{/ref}"
                    },
                    {
                      "k": "downloads_url",
                      "v": "https://api.github.com/repos/sitaramm25/hfs-uber-sync/downloads"
                    },
                    {
                      "k": "issues_url",
                      "v": "https://api.github.com/repos/sitaramm25/hfs-uber-sync/issues{/number}"
                    },
                    {
                      "k": "pulls_url",
                      "v": "https://api.github.com/repos/sitaramm25/hfs-uber-sync/pulls{/number}"
                    },
                    {
                      "k": "milestones_url",
                      "v": "https://api.github.com/repos/sitaramm25/hfs-uber-sync/milestones{/number}"
                    },
                    {
                      "k": "notifications_url",
                      "v": "https://api.github.com/repos/sitaramm25/hfs-uber-sync/notifications{?since,all,participating}"
                    },
                    {
                      "k": "labels_url",
                      "v": "https://api.github.com/repos/sitaramm25/hfs-uber-sync/labels{/name}"
                    },
                    {
                      "k": "releases_url",
                      "v": "https://api.github.com/repos/sitaramm25/hfs-uber-sync/releases{/id}"
                    },
                    {
                      "k": "deployments_url",
                      "v": "https://api.github.com/repos/sitaramm25/hfs-uber-sync/deployments"
                    },
                    {
                      "k": "created_at",
                      "v": "2026-05-28T10:59:08Z"
                    },
                    {
                      "k": "updated_at",
                      "v": "2026-06-11T08:24:56Z"
                    },
                    {
                      "k": "pushed_at",
                      "v": "2026-06-11T08:24:52Z"
                    },
                    {
                      "k": "git_url",
                      "v": "git://github.com/sitaramm25/hfs-uber-sync.git"
                    },
                    {
                      "k": "ssh_url",
                      "v": "git@github.com:sitaramm25/hfs-uber-sync.git"
                    },
                    {
                      "k": "clone_url",
                      "v": "https://github.com/sitaramm25/hfs-uber-sync.git"
                    },
                    {
                      "k": "svn_url",
                      "v": "https://github.com/sitaramm25/hfs-uber-sync"
                    },
                    {
                      "k": "homepage",
                      "v": null
                    },
                    {
                      "k": "size",
                      "v": 41.0
                    },
                    {
                      "k": "stargazers_count",
                      "v": 0.0
                    },
                    {
                      "k": "watchers_count",
                      "v": 0.0
                    },
                    {
                      "k": "language",
                      "v": "TypeScript"
                    },
                    {
                      "k": "has_issues",
                      "v": true
                    },
                    {
                      "k": "has_projects",
                      "v": true
                    },
                    {
                      "k": "has_downloads",
                      "v": true
                    },
                    {
                      "k": "has_wiki",
                      "v": true
                    },
                    {
                      "k": "has_pages",
                      "v": false
                    },
                    {
                      "k": "has_discussions",
                      "v": false
                    },
                    {
                      "k": "forks_count",
                      "v": 0.0
                    },
                    {
                      "k": "mirror_url",
                      "v": null
                    },
                    {
                      "k": "archived",
                      "v": false
                    },
                    {
                      "k": "disabled",
                      "v": false
                    },
                    {
                      "k": "open_issues_count",
                      "v": 0.0
                    },
                    {
                      "k": "license",
                      "v": null
                    },
                    {
                      "k": "allow_forking",
                      "v": true
                    },
                    {
                      "k": "is_template",
                      "v": false
                    },
                    {
                      "k": "web_commit_signoff_required",
                      "v": false
                    },
                    {
                      "k": "has_pull_requests",
                      "v": true
                    },
                    {
                      "k": "pull_request_creation_policy",
                      "v": "all"
                    },
                    {
                      "k": "topics",
                      "v": {
                        "t": 1
                      }
                    },
                    {
                      "k": "visibility",
                      "v": "public"
                    },
                    {
                      "k": "forks",
                      "v": 0.0
                    },
                    {
                      "k": "open_issues",
                      "v": 0.0
                    },
                    {
                      "k": "watchers",
                      "v": 0.0
                    },
                    {
                      "k": "default_branch",
                      "v": "main"
                    }
                  ]
                }
              },
              {
                "k": "sender",
                "v": {
                  "t": 2,
                  "d": [
                    {
                      "k": "login",
                      "v": "sitaramm25"
                    },
                    {
                      "k": "id",
                      "v": 57124156.0
                    },
                    {
                      "k": "node_id",
                      "v": "MDQ6VXNlcjU3MTI0MTU2"
                    },
                    {
                      "k": "avatar_url",
                      "v": "https://avatars.githubusercontent.com/u/57124156?v=4"
                    },
                    {
                      "k": "gravatar_id",
                      "v": ""
                    },
                    {
                      "k": "url",
                      "v": "https://api.github.com/users/sitaramm25"
                    },
                    {
                      "k": "html_url",
                      "v": "https://github.com/sitaramm25"
                    },
                    {
                      "k": "followers_url",
                      "v": "https://api.github.com/users/sitaramm25/followers"
                    },
                    {
                      "k": "following_url",
                      "v": "https://api.github.com/users/sitaramm25/following{/other_user}"
                    },
                    {
                      "k": "gists_url",
                      "v": "https://api.github.com/users/sitaramm25/gists{/gist_id}"
                    },
                    {
                      "k": "starred_url",
                      "v": "https://api.github.com/users/sitaramm25/starred{/owner}{/repo}"
                    },
                    {
                      "k": "subscriptions_url",
                      "v": "https://api.github.com/users/sitaramm25/subscriptions"
                    },
                    {
                      "k": "organizations_url",
                      "v": "https://api.github.com/users/sitaramm25/orgs"
                    },
                    {
                      "k": "repos_url",
                      "v": "https://api.github.com/users/sitaramm25/repos"
                    },
                    {
                      "k": "events_url",
                      "v": "https://api.github.com/users/sitaramm25/events{/privacy}"
                    },
                    {
                      "k": "received_events_url",
                      "v": "https://api.github.com/users/sitaramm25/received_events"
                    },
                    {
                      "k": "type",
                      "v": "User"
                    },
                    {
                      "k": "user_view_type",
                      "v": "public"
                    },
                    {
                      "k": "site_admin",
                      "v": false
                    }
                  ]
                }
              }
            ]
          }
        },
        {
          "k": "workflow_ref",
          "v": "sitaramm25/hfs-uber-sync/.github/workflows/menu-sync.yml@refs/heads/main"
        },
        {
          "k": "workflow_sha",
          "v": "621bcb8d505396a4bde15f6a87089d500aa6f0e6"
        },
        {
          "k": "repository_id",
          "v": "1252269342"
        },
        {
          "k": "triggering_actor",
          "v": "sitaramm25"
        }
      ]
    },
    "inputs": {
      "t": 2
    },
    "job": {
      "t": 2,
      "d": [
        {
          "k": "check_run_id",
          "v": 80753690006.0
        },
        {
          "k": "workflow_ref",
          "v": "sitaramm25/hfs-uber-sync/.github/workflows/menu-sync.yml@refs/heads/main"
        },
        {
          "k": "workflow_sha",
          "v": "621bcb8d505396a4bde15f6a87089d500aa6f0e6"
        },
        {
          "k": "workflow_repository",
          "v": "sitaramm25/hfs-uber-sync"
        },
        {
          "k": "workflow_file_path",
          "v": ".github/workflows/menu-sync.yml"
        }
      ]
    },
    "matrix": null,
    "needs": {
      "t": 2
    },
    "strategy": {
      "t": 2,
      "d": [
        {
          "k": "fail-fast",
          "v": true
        },
        {
          "k": "job-index",
          "v": 0.0
        },
        {
          "k": "job-total",
          "v": 1.0
        },
        {
          "k": "max-parallel",
          "v": 1.0
        }
      ]
    },
    "vars": {
      "t": 2
    }
  },
  "billingOwnerId": "U_kgDOA2elPA"
}
[2026-06-11 08:36:10Z INFO JobRunner] Job ID dc371a46-2783-528b-82a9-df63175f6ef6
[2026-06-11 08:36:10Z INFO ConfigurationStore] currentAssemblyLocation: C:\Users\highf\Downloads\hfs\actions-runner\actions-runner\bin\Runner.Worker.dll
[2026-06-11 08:36:10Z INFO HostContext] Well known directory 'Bin': 'C:\Users\highf\Downloads\hfs\actions-runner\actions-runner\bin'
[2026-06-11 08:36:10Z INFO ConfigurationStore] binPath: C:\Users\highf\Downloads\hfs\actions-runner\actions-runner\bin
[2026-06-11 08:36:10Z INFO HostContext] Well known directory 'Bin': 'C:\Users\highf\Downloads\hfs\actions-runner\actions-runner\bin'
[2026-06-11 08:36:10Z INFO HostContext] Well known directory 'Root': 'C:\Users\highf\Downloads\hfs\actions-runner\actions-runner'
[2026-06-11 08:36:10Z INFO ConfigurationStore] RootFolder: C:\Users\highf\Downloads\hfs\actions-runner\actions-runner
[2026-06-11 08:36:10Z INFO HostContext] Well known directory 'Bin': 'C:\Users\highf\Downloads\hfs\actions-runner\actions-runner\bin'
[2026-06-11 08:36:10Z INFO HostContext] Well known directory 'Root': 'C:\Users\highf\Downloads\hfs\actions-runner\actions-runner'
[2026-06-11 08:36:10Z INFO HostContext] Well known config file 'Runner': 'C:\Users\highf\Downloads\hfs\actions-runner\actions-runner\.runner'
[2026-06-11 08:36:10Z INFO ConfigurationStore] ConfigFilePath: C:\Users\highf\Downloads\hfs\actions-runner\actions-runner\.runner
[2026-06-11 08:36:10Z INFO HostContext] Well known directory 'Bin': 'C:\Users\highf\Downloads\hfs\actions-runner\actions-runner\bin'
[2026-06-11 08:36:10Z INFO HostContext] Well known directory 'Root': 'C:\Users\highf\Downloads\hfs\actions-runner\actions-runner'
[2026-06-11 08:36:10Z INFO HostContext] Well known config file 'MigratedRunner': 'C:\Users\highf\Downloads\hfs\actions-runner\actions-runner\.runner_migrated'
[2026-06-11 08:36:10Z INFO ConfigurationStore] MigratedConfigFilePath: C:\Users\highf\Downloads\hfs\actions-runner\actions-runner\.runner_migrated
[2026-06-11 08:36:10Z INFO HostContext] Well known directory 'Bin': 'C:\Users\highf\Downloads\hfs\actions-runner\actions-runner\bin'
[2026-06-11 08:36:10Z INFO HostContext] Well known directory 'Root': 'C:\Users\highf\Downloads\hfs\actions-runner\actions-runner'
[2026-06-11 08:36:10Z INFO HostContext] Well known config file 'Credentials': 'C:\Users\highf\Downloads\hfs\actions-runner\actions-runner\.credentials'
[2026-06-11 08:36:10Z INFO ConfigurationStore] CredFilePath: C:\Users\highf\Downloads\hfs\actions-runner\actions-runner\.credentials
[2026-06-11 08:36:10Z INFO HostContext] Well known directory 'Bin': 'C:\Users\highf\Downloads\hfs\actions-runner\actions-runner\bin'
[2026-06-11 08:36:10Z INFO HostContext] Well known directory 'Root': 'C:\Users\highf\Downloads\hfs\actions-runner\actions-runner'
[2026-06-11 08:36:10Z INFO HostContext] Well known config file 'MigratedCredentials': 'C:\Users\highf\Downloads\hfs\actions-runner\actions-runner\.credentials_migrated'
[2026-06-11 08:36:10Z INFO ConfigurationStore] MigratedCredFilePath: C:\Users\highf\Downloads\hfs\actions-runner\actions-runner\.credentials_migrated
[2026-06-11 08:36:10Z INFO HostContext] Well known directory 'Bin': 'C:\Users\highf\Downloads\hfs\actions-runner\actions-runner\bin'
[2026-06-11 08:36:10Z INFO HostContext] Well known directory 'Root': 'C:\Users\highf\Downloads\hfs\actions-runner\actions-runner'
[2026-06-11 08:36:10Z INFO HostContext] Well known config file 'Service': 'C:\Users\highf\Downloads\hfs\actions-runner\actions-runner\.service'
[2026-06-11 08:36:10Z INFO ConfigurationStore] ServiceConfigFilePath: C:\Users\highf\Downloads\hfs\actions-runner\actions-runner\.service
[2026-06-11 08:36:10Z INFO ConfigurationStore] Read setting file: 401 chars
[2026-06-11 08:36:10Z INFO JobRunner] Initializing launch client
[2026-06-11 08:36:10Z INFO JobServerQueue] Initializing results client
[2026-06-11 08:36:10Z INFO ResultServer] Creating websocket client ...wss://results-receiver.actions.githubusercontent.com/_ws/ingest.sock
[2026-06-11 08:36:10Z INFO ResultServer] Attempting to start websocket client with delay 00:00:00.
[2026-06-11 08:36:10Z INFO JobServerQueue] Start process web console line queue.
[2026-06-11 08:36:10Z INFO JobServerQueue] Start process file upload queue.
[2026-06-11 08:36:10Z INFO JobServerQueue] Start results file upload queue.
[2026-06-11 08:36:10Z INFO JobServerQueue] Starting results-based upload queue...
[2026-06-11 08:36:10Z INFO JobServerQueue] Start process timeline update queue.
[2026-06-11 08:36:10Z INFO ExecutionContext] Initializing Job context
[2026-06-11 08:36:10Z INFO ExecutionContext] Initialize GitHub context
[2026-06-11 08:36:10Z INFO ExecutionContext] Initialize Env context
[2026-06-11 08:36:10Z INFO HostContext] Well known directory 'Bin': 'C:\Users\highf\Downloads\hfs\actions-runner\actions-runner\bin'
[2026-06-11 08:36:10Z INFO HostContext] Well known directory 'Root': 'C:\Users\highf\Downloads\hfs\actions-runner\actions-runner'
[2026-06-11 08:36:10Z INFO HostContext] Well known directory 'Diag': 'C:\Users\highf\Downloads\hfs\actions-runner\actions-runner\_diag'
[2026-06-11 08:36:10Z INFO HostContext] Well known directory 'Bin': 'C:\Users\highf\Downloads\hfs\actions-runner\actions-runner\bin'
[2026-06-11 08:36:10Z INFO HostContext] Well known directory 'Root': 'C:\Users\highf\Downloads\hfs\actions-runner\actions-runner'
[2026-06-11 08:36:10Z INFO HostContext] Well known directory 'Diag': 'C:\Users\highf\Downloads\hfs\actions-runner\actions-runner\_diag'
[2026-06-11 08:36:10Z INFO JobRunner] Starting the job execution context.
[2026-06-11 08:36:10Z INFO HostContext] Well known directory 'Bin': 'C:\Users\highf\Downloads\hfs\actions-runner\actions-runner\bin'
[2026-06-11 08:36:10Z INFO HostContext] Well known directory 'Root': 'C:\Users\highf\Downloads\hfs\actions-runner\actions-runner'
[2026-06-11 08:36:10Z INFO HostContext] Well known directory 'Work': 'C:\Users\highf\Downloads\hfs\actions-runner\actions-runner\_work'
[2026-06-11 08:36:10Z INFO JobRunner] Validating directory permissions for: 'C:\Users\highf\Downloads\hfs\actions-runner\actions-runner\_work'
[2026-06-11 08:36:10Z INFO HostContext] Well known directory 'Bin': 'C:\Users\highf\Downloads\hfs\actions-runner\actions-runner\bin'
[2026-06-11 08:36:10Z INFO HostContext] Well known directory 'Root': 'C:\Users\highf\Downloads\hfs\actions-runner\actions-runner'
[2026-06-11 08:36:10Z INFO HostContext] Well known directory 'Work': 'C:\Users\highf\Downloads\hfs\actions-runner\actions-runner\_work'
[2026-06-11 08:36:10Z INFO HostContext] Well known directory 'Tools': 'C:\Users\highf\Downloads\hfs\actions-runner\actions-runner\_work\_tool'
[2026-06-11 08:36:10Z INFO HostContext] Well known directory 'Bin': 'C:\Users\highf\Downloads\hfs\actions-runner\actions-runner\bin'
[2026-06-11 08:36:10Z INFO HostContext] Well known directory 'Root': 'C:\Users\highf\Downloads\hfs\actions-runner\actions-runner'
[2026-06-11 08:36:10Z INFO HostContext] Well known directory 'Work': 'C:\Users\highf\Downloads\hfs\actions-runner\actions-runner\_work'
[2026-06-11 08:36:10Z INFO HostContext] Well known directory 'Temp': 'C:\Users\highf\Downloads\hfs\actions-runner\actions-runner\_work\_temp'
[2026-06-11 08:36:10Z INFO JobRunner] Getting job extension.
[2026-06-11 08:36:10Z INFO JobRunner] Initialize job. Getting all job steps.
[2026-06-11 08:36:10Z INFO HostContext] Well known directory 'Bin': 'C:\Users\highf\Downloads\hfs\actions-runner\actions-runner\bin'
[2026-06-11 08:36:10Z INFO HostContext] Well known directory 'Root': 'C:\Users\highf\Downloads\hfs\actions-runner\actions-runner'
[2026-06-11 08:36:10Z INFO HostContext] Well known directory 'Diag': 'C:\Users\highf\Downloads\hfs\actions-runner\actions-runner\_diag'
[2026-06-11 08:36:10Z INFO HostContext] Well known directory 'Bin': 'C:\Users\highf\Downloads\hfs\actions-runner\actions-runner\bin'
[2026-06-11 08:36:10Z INFO HostContext] Well known directory 'Root': 'C:\Users\highf\Downloads\hfs\actions-runner\actions-runner'
[2026-06-11 08:36:10Z INFO HostContext] Well known directory 'Diag': 'C:\Users\highf\Downloads\hfs\actions-runner\actions-runner\_diag'
[2026-06-11 08:36:10Z INFO HostContext] Well known directory 'Bin': 'C:\Users\highf\Downloads\hfs\actions-runner\actions-runner\bin'
[2026-06-11 08:36:10Z INFO HostContext] Well known directory 'Root': 'C:\Users\highf\Downloads\hfs\actions-runner\actions-runner'
[2026-06-11 08:36:10Z INFO HostContext] Well known config file 'Credentials': 'C:\Users\highf\Downloads\hfs\actions-runner\actions-runner\.credentials'
[2026-06-11 08:36:10Z INFO HostContext] Well known directory 'Bin': 'C:\Users\highf\Downloads\hfs\actions-runner\actions-runner\bin'
[2026-06-11 08:36:10Z INFO HostContext] Well known directory 'Root': 'C:\Users\highf\Downloads\hfs\actions-runner\actions-runner'
[2026-06-11 08:36:10Z INFO HostContext] Well known config file 'SetupInfo': 'C:\Users\highf\Downloads\hfs\actions-runner\actions-runner\.setup_info'
[2026-06-11 08:36:10Z INFO HostContext] Well known directory 'Bin': 'C:\Users\highf\Downloads\hfs\actions-runner\actions-runner\bin'
[2026-06-11 08:36:10Z INFO HostContext] Well known directory 'Root': 'C:\Users\highf\Downloads\hfs\actions-runner\actions-runner'
[2026-06-11 08:36:10Z INFO HostContext] Well known directory 'Work': 'C:\Users\highf\Downloads\hfs\actions-runner\actions-runner\_work'
[2026-06-11 08:36:10Z INFO PipelineDirectoryManager] Loading tracking config if exists: C:\Users\highf\Downloads\hfs\actions-runner\actions-runner\_work\_PipelineMapping\sitaramm25/hfs-uber-sync\PipelineFolder.json
[2026-06-11 08:36:10Z INFO PipelineDirectoryManager] Updating job run properties.
[2026-06-11 08:36:10Z INFO HostContext] Well known directory 'Bin': 'C:\Users\highf\Downloads\hfs\actions-runner\actions-runner\bin'
[2026-06-11 08:36:10Z INFO HostContext] Well known directory 'Root': 'C:\Users\highf\Downloads\hfs\actions-runner\actions-runner'
[2026-06-11 08:36:10Z INFO HostContext] Well known directory 'Work': 'C:\Users\highf\Downloads\hfs\actions-runner\actions-runner\_work'
[2026-06-11 08:36:10Z INFO HostContext] Well known directory 'Bin': 'C:\Users\highf\Downloads\hfs\actions-runner\actions-runner\bin'
[2026-06-11 08:36:10Z INFO HostContext] Well known directory 'Root': 'C:\Users\highf\Downloads\hfs\actions-runner\actions-runner'
[2026-06-11 08:36:10Z INFO HostContext] Well known directory 'Work': 'C:\Users\highf\Downloads\hfs\actions-runner\actions-runner\_work'
[2026-06-11 08:36:10Z INFO HostContext] Well known directory 'Bin': 'C:\Users\highf\Downloads\hfs\actions-runner\actions-runner\bin'
[2026-06-11 08:36:10Z INFO HostContext] Well known directory 'Root': 'C:\Users\highf\Downloads\hfs\actions-runner\actions-runner'
[2026-06-11 08:36:10Z INFO HostContext] Well known directory 'Work': 'C:\Users\highf\Downloads\hfs\actions-runner\actions-runner\_work'
[2026-06-11 08:36:10Z INFO JobExtension] Downloading actions
[2026-06-11 08:36:10Z INFO HostContext] Well known directory 'Bin': 'C:\Users\highf\Downloads\hfs\actions-runner\actions-runner\bin'
[2026-06-11 08:36:10Z INFO HostContext] Well known directory 'Root': 'C:\Users\highf\Downloads\hfs\actions-runner\actions-runner'
[2026-06-11 08:36:10Z INFO HostContext] Well known directory 'Work': 'C:\Users\highf\Downloads\hfs\actions-runner\actions-runner\_work'
[2026-06-11 08:36:10Z INFO HostContext] Well known directory 'Actions': 'C:\Users\highf\Downloads\hfs\actions-runner\actions-runner\_work\_actions'
[2026-06-11 08:36:11Z INFO Worker] Listening for cancel message from the channel.
[2026-06-11 08:36:11Z INFO Worker] Waiting for the job to complete or for a cancel message from the channel.
[2026-06-11 08:36:11Z INFO ResultServer] Successfully started websocket client.
[2026-06-11 08:36:11Z INFO JobServerQueue] Try to append 1 batches web console lines for record 'ca99bb06-a2ac-4dce-bdb1-bbf0d1e86128', success rate: 1/1.
[2026-06-11 08:36:12Z INFO JobServerQueue] Job timeline record has been updated for the first time.
[2026-06-11 08:36:12Z INFO HostContext] Well known directory 'Bin': 'C:\Users\highf\Downloads\hfs\actions-runner\actions-runner\bin'
[2026-06-11 08:36:12Z INFO HostContext] Well known directory 'Root': 'C:\Users\highf\Downloads\hfs\actions-runner\actions-runner'
[2026-06-11 08:36:12Z INFO HostContext] Well known directory 'Work': 'C:\Users\highf\Downloads\hfs\actions-runner\actions-runner\_work'
[2026-06-11 08:36:12Z INFO HostContext] Well known directory 'Actions': 'C:\Users\highf\Downloads\hfs\actions-runner\actions-runner\_work\_actions'
[2026-06-11 08:36:12Z INFO HostContext] Well known directory 'Bin': 'C:\Users\highf\Downloads\hfs\actions-runner\actions-runner\bin'
[2026-06-11 08:36:12Z INFO HostContext] Well known directory 'Root': 'C:\Users\highf\Downloads\hfs\actions-runner\actions-runner'
[2026-06-11 08:36:12Z INFO HostContext] Well known directory 'Work': 'C:\Users\highf\Downloads\hfs\actions-runner\actions-runner\_work'
[2026-06-11 08:36:12Z INFO HostContext] Well known directory 'Actions': 'C:\Users\highf\Downloads\hfs\actions-runner\actions-runner\_work\_actions'
[2026-06-11 08:36:12Z INFO ActionManager] Save archive 'https://codeload.github.com/actions/checkout/zip/34e114876b0b11c390a56381ad16ebd13914f8d5' into C:\Users\highf\Downloads\hfs\actions-runner\actions-runner\_work\_actions\_temp_2341c7aa-4062-4566-8acd-6b6385640309\a3e198e1-96fb-49c1-a4d9-a02402951a8d.zip.
[2026-06-11 08:36:12Z INFO ActionManager] Using Basic token for action archive download.
[2026-06-11 08:36:12Z INFO JobServerQueue] Try to append 1 batches web console lines for record 'ca99bb06-a2ac-4dce-bdb1-bbf0d1e86128', success rate: 1/1.
[2026-06-11 08:36:13Z INFO ActionManager] Request URL: https://codeload.github.com/actions/checkout/zip/34e114876b0b11c390a56381ad16ebd13914f8d5 X-GitHub-Request-Id: C9BF:3B39B:32ABE:8B335:6A2A737C Http Status: OK
[2026-06-11 08:36:13Z INFO ActionManager] Finished getting action repository.
[2026-06-11 08:36:13Z INFO HostContext] Well known directory 'Bin': 'C:\Users\highf\Downloads\hfs\actions-runner\actions-runner\bin'
[2026-06-11 08:36:13Z INFO HostContext] Well known directory 'Root': 'C:\Users\highf\Downloads\hfs\actions-runner\actions-runner'
[2026-06-11 08:36:13Z INFO HostContext] Well known directory 'Work': 'C:\Users\highf\Downloads\hfs\actions-runner\actions-runner\_work'
[2026-06-11 08:36:13Z INFO HostContext] Well known directory 'Actions': 'C:\Users\highf\Downloads\hfs\actions-runner\actions-runner\_work\_actions'
[2026-06-11 08:36:13Z INFO HostContext] Well known directory 'Bin': 'C:\Users\highf\Downloads\hfs\actions-runner\actions-runner\bin'
[2026-06-11 08:36:13Z INFO HostContext] Well known directory 'Root': 'C:\Users\highf\Downloads\hfs\actions-runner\actions-runner'
[2026-06-11 08:36:13Z INFO HostContext] Well known directory 'Work': 'C:\Users\highf\Downloads\hfs\actions-runner\actions-runner\_work'
[2026-06-11 08:36:13Z INFO HostContext] Well known directory 'Actions': 'C:\Users\highf\Downloads\hfs\actions-runner\actions-runner\_work\_actions'
[2026-06-11 08:36:13Z INFO ActionManager] Save archive 'https://codeload.github.com/actions/setup-node/zip/49933ea5288caeca8642d1e84afbd3f7d6820020' into C:\Users\highf\Downloads\hfs\actions-runner\actions-runner\_work\_actions\_temp_f6a3be36-9540-4d43-bb7f-4328ed5fa968\af45df8f-7a0f-4ded-98ee-9fe3111fe544.zip.
[2026-06-11 08:36:13Z INFO ActionManager] Using Basic token for action archive download.
[2026-06-11 08:36:13Z INFO JobServerQueue] Try to append 1 batches web console lines for record 'ca99bb06-a2ac-4dce-bdb1-bbf0d1e86128', success rate: 1/1.
[2026-06-11 08:36:14Z INFO ActionManager] Request URL: https://codeload.github.com/actions/setup-node/zip/49933ea5288caeca8642d1e84afbd3f7d6820020 X-GitHub-Request-Id: C9C0:28D890:30FCA:897F3:6A2A737D Http Status: OK
[2026-06-11 08:36:14Z INFO ActionManager] Finished getting action repository.
[2026-06-11 08:36:14Z INFO HostContext] Well known directory 'Bin': 'C:\Users\highf\Downloads\hfs\actions-runner\actions-runner\bin'
[2026-06-11 08:36:14Z INFO HostContext] Well known directory 'Root': 'C:\Users\highf\Downloads\hfs\actions-runner\actions-runner'
[2026-06-11 08:36:14Z INFO HostContext] Well known directory 'Work': 'C:\Users\highf\Downloads\hfs\actions-runner\actions-runner\_work'
[2026-06-11 08:36:14Z INFO HostContext] Well known directory 'Actions': 'C:\Users\highf\Downloads\hfs\actions-runner\actions-runner\_work\_actions'
[2026-06-11 08:36:14Z INFO ActionManifestManagerLegacy] Load schema file with definitions: [
  "null",
  "boolean",
  "number",
  "string",
  "sequence",
  "mapping",
  "any",
  "action-root",
  "inputs",
  "input",
  "outputs",
  "output-definition",
  "runs",
  "container-runs",
  "container-runs-args",
  "container-runs-env",
  "node-runs",
  "plugin-runs",
  "composite-runs",
  "composite-steps",
  "composite-step",
  "run-step",
  "uses-step",
  "container-runs-context",
  "output-value",
  "input-default-context",
  "non-empty-string",
  "string-steps-context",
  "boolean-steps-context",
  "step-env",
  "step-if",
  "step-with"
]
[2026-06-11 08:36:14Z INFO ActionManifestManager] Load schema file with definitions: [
  "null",
  "boolean",
  "number",
  "string",
  "sequence",
  "mapping",
  "any",
  "action-root",
  "inputs",
  "input",
  "outputs",
  "output-definition",
  "runs",
  "container-runs",
  "container-runs-args",
  "container-runs-env",
  "node-runs",
  "plugin-runs",
  "composite-runs",
  "composite-steps",
  "composite-step",
  "run-step",
  "uses-step",
  "container-runs-context",
  "output-value",
  "input-default-context",
  "non-empty-string",
  "string-steps-context",
  "boolean-steps-context",
  "step-env",
  "step-if",
  "step-with"
]
[2026-06-11 08:36:14Z INFO HostContext] Well known directory 'Bin': 'C:\Users\highf\Downloads\hfs\actions-runner\actions-runner\bin'
[2026-06-11 08:36:14Z INFO HostContext] Well known directory 'Root': 'C:\Users\highf\Downloads\hfs\actions-runner\actions-runner'
[2026-06-11 08:36:14Z INFO HostContext] Well known directory 'Work': 'C:\Users\highf\Downloads\hfs\actions-runner\actions-runner\_work'
[2026-06-11 08:36:14Z INFO HostContext] Well known directory 'Actions': 'C:\Users\highf\Downloads\hfs\actions-runner\actions-runner\_work\_actions'
[2026-06-11 08:36:14Z INFO ActionManifestManagerLegacy] Loaded action.yml file: {
  "name": "Checkout",
  "description": "Checkout a Git repository at a particular version",
  "inputs": {
    "type": 2,
    "map": [
      {
        "key": {
          "type": 0,
          "file": 2,
          "line": 4,
          "col": 3,
          "lit": "repository"
        },
        "value": {
          "type": 3,
          "file": 2,
          "line": 6,
          "col": 14,
          "expr": "github.repository"
        }
      },
      {
        "key": {
          "type": 0,
          "file": 2,
          "line": 7,
          "col": 3,
          "lit": "ref"
        },
        "value": ""
      },
      {
        "key": {
          "type": 0,
          "file": 2,
          "line": 12,
          "col": 3,
          "lit": "token"
        },
        "value": {
          "type": 3,
          "file": 2,
          "line": 24,
          "col": 14,
          "expr": "github.token"
        }
      },
      {
        "key": {
          "type": 0,
          "file": 2,
          "line": 25,
          "col": 3,
          "lit": "ssh-key"
        },
        "value": ""
      },
      {
        "key": {
          "type": 0,
          "file": 2,
          "line": 37,
          "col": 3,
          "lit": "ssh-known-hosts"
        },
        "value": ""
      },
      {
        "key": {
          "type": 0,
          "file": 2,
          "line": 42,
          "col": 3,
          "lit": "ssh-strict"
        },
        "value": {
          "type": 0,
          "file": 2,
          "line": 47,
          "col": 14,
          "lit": "true"
        }
      },
      {
        "key": {
          "type": 0,
          "file": 2,
          "line": 48,
          "col": 3,
          "lit": "ssh-user"
        },
        "value": {
          "type": 0,
          "file": 2,
          "line": 51,
          "col": 14,
          "lit": "git"
        }
      },
      {
        "key": {
          "type": 0,
          "file": 2,
          "line": 52,
          "col": 3,
          "lit": "persist-credentials"
        },
        "value": {
          "type": 0,
          "file": 2,
          "line": 54,
          "col": 14,
          "lit": "true"
        }
      },
      {
        "key": {
          "type": 0,
          "file": 2,
          "line": 55,
          "col": 3,
          "lit": "path"
        },
        "value": ""
      },
      {
        "key": {
          "type": 0,
          "file": 2,
          "line": 57,
          "col": 3,
          "lit": "clean"
        },
        "value": {
          "type": 0,
          "file": 2,
          "line": 59,
          "col": 14,
          "lit": "true"
        }
      },
      {
        "key": {
          "type": 0,
          "file": 2,
          "line": 60,
          "col": 3,
          "lit": "filter"
        },
        "value": {
          "type": 0,
          "file": 2,
          "line": 64,
          "col": 14,
          "lit": ""
        }
      },
      {
        "key": {
          "type": 0,
          "file": 2,
          "line": 65,
          "col": 3,
          "lit": "sparse-checkout"
        },
        "value": {
          "type": 0,
          "file": 2,
          "line": 69,
          "col": 14,
          "lit": ""
        }
      },
      {
        "key": {
          "type": 0,
          "file": 2,
          "line": 70,
          "col": 3,
          "lit": "sparse-checkout-cone-mode"
        },
        "value": {
          "type": 0,
          "file": 2,
          "line": 73,
          "col": 14,
          "lit": "true"
        }
      },
      {
        "key": {
          "type": 0,
          "file": 2,
          "line": 74,
          "col": 3,
          "lit": "fetch-depth"
        },
        "value": {
          "type": 0,
          "file": 2,
          "line": 76,
          "col": 14,
          "lit": "1"
        }
      },
      {
        "key": {
          "type": 0,
          "file": 2,
          "line": 77,
          "col": 3,
          "lit": "fetch-tags"
        },
        "value": {
          "type": 0,
          "file": 2,
          "line": 79,
          "col": 14,
          "lit": "false"
        }
      },
      {
        "key": {
          "type": 0,
          "file": 2,
          "line": 80,
          "col": 3,
          "lit": "show-progress"
        },
        "value": {
          "type": 0,
          "file": 2,
          "line": 82,
          "col": 14,
          "lit": "true"
        }
      },
      {
        "key": {
          "type": 0,
          "file": 2,
          "line": 83,
          "col": 3,
          "lit": "lfs"
        },
        "value": {
          "type": 0,
          "file": 2,
          "line": 85,
          "col": 14,
          "lit": "false"
        }
      },
      {
        "key": {
          "type": 0,
          "file": 2,
          "line": 86,
          "col": 3,
          "lit": "submodules"
        },
        "value": {
          "type": 0,
          "file": 2,
          "line": 94,
          "col": 14,
          "lit": "false"
        }
      },
      {
        "key": {
          "type": 0,
          "file": 2,
          "line": 95,
          "col": 3,
          "lit": "set-safe-directory"
        },
        "value": {
          "type": 0,
          "file": 2,
          "line": 97,
          "col": 14,
          "lit": "true"
        }
      },
      {
        "key": {
          "type": 0,
          "file": 2,
          "line": 98,
          "col": 3,
          "lit": "github-server-url"
        },
        "value": ""
      }
    ]
  },
  "execution": {
    "executionType": "nodeJS",
    "hasPre": false,
    "hasPost": true,
    "script": "dist/index.js",
    "pre": null,
    "post": "dist/index.js",
    "nodeVersion": "node20",
    "cleanupCondition": "always()",
    "initCondition": "always()"
  },
  "deprecated": null
}
[2026-06-11 08:36:14Z INFO ActionManager] Action node.js file: dist/index.js, no more preparation.
[2026-06-11 08:36:14Z INFO HostContext] Well known directory 'Bin': 'C:\Users\highf\Downloads\hfs\actions-runner\actions-runner\bin'
[2026-06-11 08:36:14Z INFO HostContext] Well known directory 'Root': 'C:\Users\highf\Downloads\hfs\actions-runner\actions-runner'
[2026-06-11 08:36:14Z INFO HostContext] Well known directory 'Work': 'C:\Users\highf\Downloads\hfs\actions-runner\actions-runner\_work'
[2026-06-11 08:36:14Z INFO HostContext] Well known directory 'Actions': 'C:\Users\highf\Downloads\hfs\actions-runner\actions-runner\_work\_actions'
[2026-06-11 08:36:14Z INFO ActionManager] Load action that reference repository from 'C:\Users\highf\Downloads\hfs\actions-runner\actions-runner\_work\_actions\actions\checkout\v4'
[2026-06-11 08:36:14Z INFO HostContext] Well known directory 'Bin': 'C:\Users\highf\Downloads\hfs\actions-runner\actions-runner\bin'
[2026-06-11 08:36:14Z INFO HostContext] Well known directory 'Root': 'C:\Users\highf\Downloads\hfs\actions-runner\actions-runner'
[2026-06-11 08:36:14Z INFO HostContext] Well known directory 'Work': 'C:\Users\highf\Downloads\hfs\actions-runner\actions-runner\_work'
[2026-06-11 08:36:14Z INFO HostContext] Well known directory 'Actions': 'C:\Users\highf\Downloads\hfs\actions-runner\actions-runner\_work\_actions'
[2026-06-11 08:36:14Z INFO ActionManifestManagerLegacy] Loaded action.yml file: {
  "name": "Checkout",
  "description": "Checkout a Git repository at a particular version",
  "inputs": {
    "type": 2,
    "map": [
      {
        "key": {
          "type": 0,
          "file": 2,
          "line": 4,
          "col": 3,
          "lit": "repository"
        },
        "value": {
          "type": 3,
          "file": 2,
          "line": 6,
          "col": 14,
          "expr": "github.repository"
        }
      },
      {
        "key": {
          "type": 0,
          "file": 2,
          "line": 7,
          "col": 3,
          "lit": "ref"
        },
        "value": ""
      },
      {
        "key": {
          "type": 0,
          "file": 2,
          "line": 12,
          "col": 3,
          "lit": "token"
        },
        "value": {
          "type": 3,
          "file": 2,
          "line": 24,
          "col": 14,
          "expr": "github.token"
        }
      },
      {
        "key": {
          "type": 0,
          "file": 2,
          "line": 25,
          "col": 3,
          "lit": "ssh-key"
        },
        "value": ""
      },
      {
        "key": {
          "type": 0,
          "file": 2,
          "line": 37,
          "col": 3,
          "lit": "ssh-known-hosts"
        },
        "value": ""
      },
      {
        "key": {
          "type": 0,
          "file": 2,
          "line": 42,
          "col": 3,
          "lit": "ssh-strict"
        },
        "value": {
          "type": 0,
          "file": 2,
          "line": 47,
          "col": 14,
          "lit": "true"
        }
      },
      {
        "key": {
          "type": 0,
          "file": 2,
          "line": 48,
          "col": 3,
          "lit": "ssh-user"
        },
        "value": {
          "type": 0,
          "file": 2,
          "line": 51,
          "col": 14,
          "lit": "git"
        }
      },
      {
        "key": {
          "type": 0,
          "file": 2,
          "line": 52,
          "col": 3,
          "lit": "persist-credentials"
        },
        "value": {
          "type": 0,
          "file": 2,
          "line": 54,
          "col": 14,
          "lit": "true"
        }
      },
      {
        "key": {
          "type": 0,
          "file": 2,
          "line": 55,
          "col": 3,
          "lit": "path"
        },
        "value": ""
      },
      {
        "key": {
          "type": 0,
          "file": 2,
          "line": 57,
          "col": 3,
          "lit": "clean"
        },
        "value": {
          "type": 0,
          "file": 2,
          "line": 59,
          "col": 14,
          "lit": "true"
        }
      },
      {
        "key": {
          "type": 0,
          "file": 2,
          "line": 60,
          "col": 3,
          "lit": "filter"
        },
        "value": {
          "type": 0,
          "file": 2,
          "line": 64,
          "col": 14,
          "lit": ""
        }
      },
      {
        "key": {
          "type": 0,
          "file": 2,
          "line": 65,
          "col": 3,
          "lit": "sparse-checkout"
        },
        "value": {
          "type": 0,
          "file": 2,
          "line": 69,
          "col": 14,
          "lit": ""
        }
      },
      {
        "key": {
          "type": 0,
          "file": 2,
          "line": 70,
          "col": 3,
          "lit": "sparse-checkout-cone-mode"
        },
        "value": {
          "type": 0,
          "file": 2,
          "line": 73,
          "col": 14,
          "lit": "true"
        }
      },
      {
        "key": {
          "type": 0,
          "file": 2,
          "line": 74,
          "col": 3,
          "lit": "fetch-depth"
        },
        "value": {
          "type": 0,
          "file": 2,
          "line": 76,
          "col": 14,
          "lit": "1"
        }
      },
      {
        "key": {
          "type": 0,
          "file": 2,
          "line": 77,
          "col": 3,
          "lit": "fetch-tags"
        },
        "value": {
          "type": 0,
          "file": 2,
          "line": 79,
          "col": 14,
          "lit": "false"
        }
      },
      {
        "key": {
          "type": 0,
          "file": 2,
          "line": 80,
          "col": 3,
          "lit": "show-progress"
        },
        "value": {
          "type": 0,
          "file": 2,
          "line": 82,
          "col": 14,
          "lit": "true"
        }
      },
      {
        "key": {
          "type": 0,
          "file": 2,
          "line": 83,
          "col": 3,
          "lit": "lfs"
        },
        "value": {
          "type": 0,
          "file": 2,
          "line": 85,
          "col": 14,
          "lit": "false"
        }
      },
      {
        "key": {
          "type": 0,
          "file": 2,
          "line": 86,
          "col": 3,
          "lit": "submodules"
        },
        "value": {
          "type": 0,
          "file": 2,
          "line": 94,
          "col": 14,
          "lit": "false"
        }
      },
      {
        "key": {
          "type": 0,
          "file": 2,
          "line": 95,
          "col": 3,
          "lit": "set-safe-directory"
        },
        "value": {
          "type": 0,
          "file": 2,
          "line": 97,
          "col": 14,
          "lit": "true"
        }
      },
      {
        "key": {
          "type": 0,
          "file": 2,
          "line": 98,
          "col": 3,
          "lit": "github-server-url"
        },
        "value": ""
      }
    ]
  },
  "execution": {
    "executionType": "nodeJS",
    "hasPre": false,
    "hasPost": true,
    "script": "dist/index.js",
    "pre": null,
    "post": "dist/index.js",
    "nodeVersion": "node20",
    "cleanupCondition": "always()",
    "initCondition": "always()"
  },
  "deprecated": null
}
[2026-06-11 08:36:14Z INFO ActionManager] Action pre node.js file: N/A.
[2026-06-11 08:36:14Z INFO ActionManager] Action node.js file: dist/index.js.
[2026-06-11 08:36:14Z INFO ActionManager] Action post node.js file: dist/index.js.
[2026-06-11 08:36:14Z INFO HostContext] Well known directory 'Bin': 'C:\Users\highf\Downloads\hfs\actions-runner\actions-runner\bin'
[2026-06-11 08:36:14Z INFO HostContext] Well known directory 'Root': 'C:\Users\highf\Downloads\hfs\actions-runner\actions-runner'
[2026-06-11 08:36:14Z INFO HostContext] Well known directory 'Work': 'C:\Users\highf\Downloads\hfs\actions-runner\actions-runner\_work'
[2026-06-11 08:36:14Z INFO HostContext] Well known directory 'Actions': 'C:\Users\highf\Downloads\hfs\actions-runner\actions-runner\_work\_actions'
[2026-06-11 08:36:14Z INFO HostContext] Well known directory 'Bin': 'C:\Users\highf\Downloads\hfs\actions-runner\actions-runner\bin'
[2026-06-11 08:36:14Z INFO HostContext] Well known directory 'Root': 'C:\Users\highf\Downloads\hfs\actions-runner\actions-runner'
[2026-06-11 08:36:14Z INFO HostContext] Well known directory 'Work': 'C:\Users\highf\Downloads\hfs\actions-runner\actions-runner\_work'
[2026-06-11 08:36:14Z INFO HostContext] Well known directory 'Actions': 'C:\Users\highf\Downloads\hfs\actions-runner\actions-runner\_work\_actions'
[2026-06-11 08:36:14Z INFO ActionManifestManagerLegacy] Ignore action property author.
[2026-06-11 08:36:14Z INFO ActionManifestManagerLegacy] Loaded action.yml file: {
  "name": "Setup Node.js environment",
  "description": "Setup a Node.js environment by adding problem matchers and optionally downloading and adding it to the PATH.",
  "inputs": {
    "type": 2,
    "map": [
      {
        "key": {
          "type": 0,
          "file": 3,
          "line": 5,
          "col": 3,
          "lit": "always-auth"
        },
        "value": {
          "type": 0,
          "file": 3,
          "line": 7,
          "col": 14,
          "lit": "false"
        }
      },
      {
        "key": {
          "type": 0,
          "file": 3,
          "line": 8,
          "col": 3,
          "lit": "node-version"
        },
        "value": ""
      },
      {
        "key": {
          "type": 0,
          "file": 3,
          "line": 10,
          "col": 3,
          "lit": "node-version-file"
        },
        "value": ""
      },
      {
        "key": {
          "type": 0,
          "file": 3,
          "line": 12,
          "col": 3,
          "lit": "architecture"
        },
        "value": ""
      },
      {
        "key": {
          "type": 0,
          "file": 3,
          "line": 14,
          "col": 3,
          "lit": "check-latest"
        },
        "value": {
          "type": 0,
          "file": 3,
          "line": 16,
          "col": 14,
          "lit": "false"
        }
      },
      {
        "key": {
          "type": 0,
          "file": 3,
          "line": 17,
          "col": 3,
          "lit": "registry-url"
        },
        "value": ""
      },
      {
        "key": {
          "type": 0,
          "file": 3,
          "line": 19,
          "col": 3,
          "lit": "scope"
        },
        "value": ""
      },
      {
        "key": {
          "type": 0,
          "file": 3,
          "line": 21,
          "col": 3,
          "lit": "token"
        },
        "value": {
          "type": 3,
          "file": 3,
          "line": 23,
          "col": 14,
          "expr": "github.server_url == 'https://github.com' && github.token || ''"
        }
      },
      {
        "key": {
          "type": 0,
          "file": 3,
          "line": 24,
          "col": 3,
          "lit": "cache"
        },
        "value": ""
      },
      {
        "key": {
          "type": 0,
          "file": 3,
          "line": 26,
          "col": 3,
          "lit": "cache-dependency-path"
        },
        "value": ""
      },
      {
        "key": {
          "type": 0,
          "file": 3,
          "line": 28,
          "col": 3,
          "lit": "mirror"
        },
        "value": ""
      },
      {
        "key": {
          "type": 0,
          "file": 3,
          "line": 30,
          "col": 3,
          "lit": "mirror-token"
        },
        "value": ""
      }
    ]
  },
  "execution": {
    "executionType": "nodeJS",
    "hasPre": false,
    "hasPost": true,
    "script": "dist/setup/index.js",
    "pre": null,
    "post": "dist/cache-save/index.js",
    "nodeVersion": "node20",
    "cleanupCondition": "success()",
    "initCondition": "always()"
  },
  "deprecated": null
}
[2026-06-11 08:36:14Z INFO ActionManager] Action node.js file: dist/setup/index.js, no more preparation.
[2026-06-11 08:36:14Z INFO HostContext] Well known directory 'Bin': 'C:\Users\highf\Downloads\hfs\actions-runner\actions-runner\bin'
[2026-06-11 08:36:14Z INFO HostContext] Well known directory 'Root': 'C:\Users\highf\Downloads\hfs\actions-runner\actions-runner'
[2026-06-11 08:36:14Z INFO HostContext] Well known directory 'Work': 'C:\Users\highf\Downloads\hfs\actions-runner\actions-runner\_work'
[2026-06-11 08:36:14Z INFO HostContext] Well known directory 'Actions': 'C:\Users\highf\Downloads\hfs\actions-runner\actions-runner\_work\_actions'
[2026-06-11 08:36:14Z INFO ActionManager] Load action that reference repository from 'C:\Users\highf\Downloads\hfs\actions-runner\actions-runner\_work\_actions\actions\setup-node\v4'
[2026-06-11 08:36:14Z INFO HostContext] Well known directory 'Bin': 'C:\Users\highf\Downloads\hfs\actions-runner\actions-runner\bin'
[2026-06-11 08:36:14Z INFO HostContext] Well known directory 'Root': 'C:\Users\highf\Downloads\hfs\actions-runner\actions-runner'
[2026-06-11 08:36:14Z INFO HostContext] Well known directory 'Work': 'C:\Users\highf\Downloads\hfs\actions-runner\actions-runner\_work'
[2026-06-11 08:36:14Z INFO HostContext] Well known directory 'Actions': 'C:\Users\highf\Downloads\hfs\actions-runner\actions-runner\_work\_actions'
[2026-06-11 08:36:14Z INFO ActionManifestManagerLegacy] Ignore action property author.
[2026-06-11 08:36:14Z INFO ActionManifestManagerLegacy] Loaded action.yml file: {
  "name": "Setup Node.js environment",
  "description": "Setup a Node.js environment by adding problem matchers and optionally downloading and adding it to the PATH.",
  "inputs": {
    "type": 2,
    "map": [
      {
        "key": {
          "type": 0,
          "file": 3,
          "line": 5,
          "col": 3,
          "lit": "always-auth"
        },
        "value": {
          "type": 0,
          "file": 3,
          "line": 7,
          "col": 14,
          "lit": "false"
        }
      },
      {
        "key": {
          "type": 0,
          "file": 3,
          "line": 8,
          "col": 3,
          "lit": "node-version"
        },
        "value": ""
      },
      {
        "key": {
          "type": 0,
          "file": 3,
          "line": 10,
          "col": 3,
          "lit": "node-version-file"
        },
        "value": ""
      },
      {
        "key": {
          "type": 0,
          "file": 3,
          "line": 12,
          "col": 3,
          "lit": "architecture"
        },
        "value": ""
      },
      {
        "key": {
          "type": 0,
          "file": 3,
          "line": 14,
          "col": 3,
          "lit": "check-latest"
        },
        "value": {
          "type": 0,
          "file": 3,
          "line": 16,
          "col": 14,
          "lit": "false"
        }
      },
      {
        "key": {
          "type": 0,
          "file": 3,
          "line": 17,
          "col": 3,
          "lit": "registry-url"
        },
        "value": ""
      },
      {
        "key": {
          "type": 0,
          "file": 3,
          "line": 19,
          "col": 3,
          "lit": "scope"
        },
        "value": ""
      },
      {
        "key": {
          "type": 0,
          "file": 3,
          "line": 21,
          "col": 3,
          "lit": "token"
        },
        "value": {
          "type": 3,
          "file": 3,
          "line": 23,
          "col": 14,
          "expr": "github.server_url == 'https://github.com' && github.token || ''"
        }
      },
      {
        "key": {
          "type": 0,
          "file": 3,
          "line": 24,
          "col": 3,
          "lit": "cache"
        },
        "value": ""
      },
      {
        "key": {
          "type": 0,
          "file": 3,
          "line": 26,
          "col": 3,
          "lit": "cache-dependency-path"
        },
        "value": ""
      },
      {
        "key": {
          "type": 0,
          "file": 3,
          "line": 28,
          "col": 3,
          "lit": "mirror"
        },
        "value": ""
      },
      {
        "key": {
          "type": 0,
          "file": 3,
          "line": 30,
          "col": 3,
          "lit": "mirror-token"
        },
        "value": ""
      }
    ]
  },
  "execution": {
    "executionType": "nodeJS",
    "hasPre": false,
    "hasPost": true,
    "script": "dist/setup/index.js",
    "pre": null,
    "post": "dist/cache-save/index.js",
    "nodeVersion": "node20",
    "cleanupCondition": "success()",
    "initCondition": "always()"
  },
  "deprecated": null
}
[2026-06-11 08:36:14Z INFO ActionManager] Action pre node.js file: N/A.
[2026-06-11 08:36:14Z INFO ActionManager] Action node.js file: dist/setup/index.js.
[2026-06-11 08:36:14Z INFO ActionManager] Action post node.js file: dist/cache-save/index.js.
[2026-06-11 08:36:14Z INFO JobExtension] Adding .
[2026-06-11 08:36:14Z INFO JobExtension] Adding .
[2026-06-11 08:36:14Z INFO JobExtension] Adding .
[2026-06-11 08:36:14Z INFO JobExtension] Adding .
[2026-06-11 08:36:14Z INFO HostContext] Well known directory 'Bin': 'C:\Users\highf\Downloads\hfs\actions-runner\actions-runner\bin'
[2026-06-11 08:36:14Z INFO HostContext] Well known directory 'Root': 'C:\Users\highf\Downloads\hfs\actions-runner\actions-runner'
[2026-06-11 08:36:14Z INFO HostContext] Well known directory 'Diag': 'C:\Users\highf\Downloads\hfs\actions-runner\actions-runner\_diag'
[2026-06-11 08:36:14Z INFO HostContext] Well known directory 'Bin': 'C:\Users\highf\Downloads\hfs\actions-runner\actions-runner\bin'
[2026-06-11 08:36:14Z INFO HostContext] Well known directory 'Root': 'C:\Users\highf\Downloads\hfs\actions-runner\actions-runner'
[2026-06-11 08:36:14Z INFO HostContext] Well known directory 'Diag': 'C:\Users\highf\Downloads\hfs\actions-runner\actions-runner\_diag'
[2026-06-11 08:36:14Z INFO HostContext] Well known directory 'Bin': 'C:\Users\highf\Downloads\hfs\actions-runner\actions-runner\bin'
[2026-06-11 08:36:14Z INFO HostContext] Well known directory 'Root': 'C:\Users\highf\Downloads\hfs\actions-runner\actions-runner'
[2026-06-11 08:36:14Z INFO HostContext] Well known directory 'Diag': 'C:\Users\highf\Downloads\hfs\actions-runner\actions-runner\_diag'
[2026-06-11 08:36:14Z INFO HostContext] Well known directory 'Bin': 'C:\Users\highf\Downloads\hfs\actions-runner\actions-runner\bin'
[2026-06-11 08:36:14Z INFO HostContext] Well known directory 'Root': 'C:\Users\highf\Downloads\hfs\actions-runner\actions-runner'
[2026-06-11 08:36:14Z INFO HostContext] Well known directory 'Diag': 'C:\Users\highf\Downloads\hfs\actions-runner\actions-runner\_diag'
[2026-06-11 08:36:14Z INFO HostContext] Well known directory 'Bin': 'C:\Users\highf\Downloads\hfs\actions-runner\actions-runner\bin'
[2026-06-11 08:36:14Z INFO HostContext] Well known directory 'Root': 'C:\Users\highf\Downloads\hfs\actions-runner\actions-runner'
[2026-06-11 08:36:14Z INFO HostContext] Well known directory 'Diag': 'C:\Users\highf\Downloads\hfs\actions-runner\actions-runner\_diag'
[2026-06-11 08:36:14Z INFO HostContext] Well known directory 'Bin': 'C:\Users\highf\Downloads\hfs\actions-runner\actions-runner\bin'
[2026-06-11 08:36:14Z INFO HostContext] Well known directory 'Root': 'C:\Users\highf\Downloads\hfs\actions-runner\actions-runner'
[2026-06-11 08:36:14Z INFO HostContext] Well known directory 'Diag': 'C:\Users\highf\Downloads\hfs\actions-runner\actions-runner\_diag'
[2026-06-11 08:36:14Z INFO HostContext] Well known directory 'Bin': 'C:\Users\highf\Downloads\hfs\actions-runner\actions-runner\bin'
[2026-06-11 08:36:14Z INFO HostContext] Well known directory 'Root': 'C:\Users\highf\Downloads\hfs\actions-runner\actions-runner'
[2026-06-11 08:36:14Z INFO HostContext] Well known directory 'Diag': 'C:\Users\highf\Downloads\hfs\actions-runner\actions-runner\_diag'
[2026-06-11 08:36:14Z INFO HostContext] Well known directory 'Bin': 'C:\Users\highf\Downloads\hfs\actions-runner\actions-runner\bin'
[2026-06-11 08:36:14Z INFO HostContext] Well known directory 'Root': 'C:\Users\highf\Downloads\hfs\actions-runner\actions-runner'
[2026-06-11 08:36:14Z INFO HostContext] Well known directory 'Diag': 'C:\Users\highf\Downloads\hfs\actions-runner\actions-runner\_diag'
[2026-06-11 08:36:14Z INFO JobExtension] Total accessible running process: 304.
[2026-06-11 08:36:14Z INFO HostContext] Well known directory 'Bin': 'C:\Users\highf\Downloads\hfs\actions-runner\actions-runner\bin'
[2026-06-11 08:36:14Z INFO HostContext] Well known directory 'Root': 'C:\Users\highf\Downloads\hfs\actions-runner\actions-runner'
[2026-06-11 08:36:14Z INFO HostContext] Well known directory 'Work': 'C:\Users\highf\Downloads\hfs\actions-runner\actions-runner\_work'
[2026-06-11 08:36:14Z INFO JobExtension] Start checking server connectivity.
[2026-06-11 08:36:14Z INFO JobExtension] Check server connectivity for https://broker.actions.githubusercontent.com/health.
[2026-06-11 08:36:14Z INFO JobExtension] Check server connectivity for https://token.actions.githubusercontent.com/ready.
[2026-06-11 08:36:14Z INFO JobExtension] Check server connectivity for https://run.actions.githubusercontent.com/health.
[2026-06-11 08:36:14Z INFO JobExtension] Start checking service connectivity in background.
[2026-06-11 08:36:14Z INFO ExecutionContext] Publish step telemetry for current step {
  "action": "setup_job",
  "type": "runner",
  "stage": "Pre",
  "stepId": "ca99bb06-a2ac-4dce-bdb1-bbf0d1e86128",
  "result": "succeeded",
  "errorMessages": [],
  "executionTimeInSeconds": 4,
  "startTime": "2026-06-11T08:36:10.9006435Z",
  "finishTime": "2026-06-11T08:36:14.8216045Z"
}.
[2026-06-11 08:36:14Z INFO JobRunner] Total job steps: 4.
[2026-06-11 08:36:14Z INFO JobRunner] Run all job steps.
[2026-06-11 08:36:14Z INFO DapDebugger] DapDebugger initialized
[2026-06-11 08:36:14Z INFO StepsRunner] Processing step: DisplayName='Checkout'
[2026-06-11 08:36:14Z INFO StepsRunner] Evaluating: success()
[2026-06-11 08:36:14Z INFO StepsRunner] Result: true
[2026-06-11 08:36:14Z INFO StepsRunner] Starting the step.
[2026-06-11 08:36:14Z INFO HostContext] Well known directory 'Bin': 'C:\Users\highf\Downloads\hfs\actions-runner\actions-runner\bin'
[2026-06-11 08:36:14Z INFO HostContext] Well known directory 'Root': 'C:\Users\highf\Downloads\hfs\actions-runner\actions-runner'
[2026-06-11 08:36:14Z INFO HostContext] Well known directory 'Work': 'C:\Users\highf\Downloads\hfs\actions-runner\actions-runner\_work'
[2026-06-11 08:36:14Z INFO StepsRunner] Which2: 'chcp'
[2026-06-11 08:36:14Z INFO StepsRunner] Location: 'C:\WINDOWS\system32\chcp.COM'
[2026-06-11 08:36:14Z INFO ProcessInvokerWrapper] Starting process:
[2026-06-11 08:36:14Z INFO ProcessInvokerWrapper]   File name: 'C:\WINDOWS\system32\chcp.COM'
[2026-06-11 08:36:14Z INFO ProcessInvokerWrapper]   Arguments: '65001'
[2026-06-11 08:36:14Z INFO ProcessInvokerWrapper]   Working directory: 'C:\Users\highf\Downloads\hfs\actions-runner\actions-runner\_work'
[2026-06-11 08:36:14Z INFO ProcessInvokerWrapper]   Require exit code zero: 'False'
[2026-06-11 08:36:14Z INFO ProcessInvokerWrapper]   Encoding web name:  ; code page: ''
[2026-06-11 08:36:14Z INFO ProcessInvokerWrapper]   Force kill process on cancellation: 'False'
[2026-06-11 08:36:14Z INFO ProcessInvokerWrapper]   Redirected STDIN: 'False'
[2026-06-11 08:36:14Z INFO ProcessInvokerWrapper]   Persist current code page: 'True'
[2026-06-11 08:36:14Z INFO ProcessInvokerWrapper]   Keep redirected STDIN open: 'False'
[2026-06-11 08:36:14Z INFO ProcessInvokerWrapper]   High priority process: 'False'
[2026-06-11 08:36:14Z INFO ProcessInvokerWrapper] Process started with process id 21440, waiting for process exit.
[2026-06-11 08:36:14Z INFO JobServerQueue] Got a step log file to send to results service.
[2026-06-11 08:36:14Z INFO JobServerQueue] Starting upload of step log file to results service ResultsLog, C:\Users\highf\Downloads\hfs\actions-runner\actions-runner\_diag\blocks\c2e1e3e2-dfd3-418f-b8d7-c9514da9b00d_ca99bb06-a2ac-4dce-bdb1-bbf0d1e86128.1
[2026-06-11 08:36:14Z INFO JobServerQueue] Try to upload 1 log files or attachments, success rate: 1/1.
[2026-06-11 08:36:14Z INFO ProcessInvokerWrapper] STDOUT/STDERR stream read finished.
[2026-06-11 08:36:14Z INFO ProcessInvokerWrapper] STDOUT/STDERR stream read finished.
[2026-06-11 08:36:14Z INFO ProcessInvokerWrapper] Finished process 21440 with exit code 0, and elapsed time 00:00:00.0474481.
[2026-06-11 08:36:14Z INFO StepsRunner] Successfully returned to code page 65001 (UTF8)
[2026-06-11 08:36:14Z INFO HostContext] Well known directory 'Bin': 'C:\Users\highf\Downloads\hfs\actions-runner\actions-runner\bin'
[2026-06-11 08:36:14Z INFO HostContext] Well known directory 'Root': 'C:\Users\highf\Downloads\hfs\actions-runner\actions-runner'
[2026-06-11 08:36:14Z INFO HostContext] Well known directory 'Work': 'C:\Users\highf\Downloads\hfs\actions-runner\actions-runner\_work'
[2026-06-11 08:36:14Z INFO HostContext] Well known directory 'Actions': 'C:\Users\highf\Downloads\hfs\actions-runner\actions-runner\_work\_actions'
[2026-06-11 08:36:14Z INFO ActionManager] Load action that reference repository from 'C:\Users\highf\Downloads\hfs\actions-runner\actions-runner\_work\_actions\actions\checkout\v4'
[2026-06-11 08:36:14Z INFO HostContext] Well known directory 'Bin': 'C:\Users\highf\Downloads\hfs\actions-runner\actions-runner\bin'
[2026-06-11 08:36:14Z INFO HostContext] Well known directory 'Root': 'C:\Users\highf\Downloads\hfs\actions-runner\actions-runner'
[2026-06-11 08:36:14Z INFO HostContext] Well known directory 'Work': 'C:\Users\highf\Downloads\hfs\actions-runner\actions-runner\_work'
[2026-06-11 08:36:14Z INFO HostContext] Well known directory 'Actions': 'C:\Users\highf\Downloads\hfs\actions-runner\actions-runner\_work\_actions'
[2026-06-11 08:36:14Z INFO ActionManifestManagerLegacy] Loaded action.yml file: {
  "name": "Checkout",
  "description": "Checkout a Git repository at a particular version",
  "inputs": {
    "type": 2,
    "map": [
      {
        "key": {
          "type": 0,
          "file": 2,
          "line": 4,
          "col": 3,
          "lit": "repository"
        },
        "value": {
          "type": 3,
          "file": 2,
          "line": 6,
          "col": 14,
          "expr": "github.repository"
        }
      },
      {
        "key": {
          "type": 0,
          "file": 2,
          "line": 7,
          "col": 3,
          "lit": "ref"
        },
        "value": ""
      },
      {
        "key": {
          "type": 0,
          "file": 2,
          "line": 12,
          "col": 3,
          "lit": "token"
        },
        "value": {
          "type": 3,
          "file": 2,
          "line": 24,
          "col": 14,
          "expr": "github.token"
        }
      },
      {
        "key": {
          "type": 0,
          "file": 2,
          "line": 25,
          "col": 3,
          "lit": "ssh-key"
        },
        "value": ""
      },
      {
        "key": {
          "type": 0,
          "file": 2,
          "line": 37,
          "col": 3,
          "lit": "ssh-known-hosts"
        },
        "value": ""
      },
      {
        "key": {
          "type": 0,
          "file": 2,
          "line": 42,
          "col": 3,
          "lit": "ssh-strict"
        },
        "value": {
          "type": 0,
          "file": 2,
          "line": 47,
          "col": 14,
          "lit": "true"
        }
      },
      {
        "key": {
          "type": 0,
          "file": 2,
          "line": 48,
          "col": 3,
          "lit": "ssh-user"
        },
        "value": {
          "type": 0,
          "file": 2,
          "line": 51,
          "col": 14,
          "lit": "git"
        }
      },
      {
        "key": {
          "type": 0,
          "file": 2,
          "line": 52,
          "col": 3,
          "lit": "persist-credentials"
        },
        "value": {
          "type": 0,
          "file": 2,
          "line": 54,
          "col": 14,
          "lit": "true"
        }
      },
      {
        "key": {
          "type": 0,
          "file": 2,
          "line": 55,
          "col": 3,
          "lit": "path"
        },
        "value": ""
      },
      {
        "key": {
          "type": 0,
          "file": 2,
          "line": 57,
          "col": 3,
          "lit": "clean"
        },
        "value": {
          "type": 0,
          "file": 2,
          "line": 59,
          "col": 14,
          "lit": "true"
        }
      },
      {
        "key": {
          "type": 0,
          "file": 2,
          "line": 60,
          "col": 3,
          "lit": "filter"
        },
        "value": {
          "type": 0,
          "file": 2,
          "line": 64,
          "col": 14,
          "lit": ""
        }
      },
      {
        "key": {
          "type": 0,
          "file": 2,
          "line": 65,
          "col": 3,
          "lit": "sparse-checkout"
        },
        "value": {
          "type": 0,
          "file": 2,
          "line": 69,
          "col": 14,
          "lit": ""
        }
      },
      {
        "key": {
          "type": 0,
          "file": 2,
          "line": 70,
          "col": 3,
          "lit": "sparse-checkout-cone-mode"
        },
        "value": {
          "type": 0,
          "file": 2,
          "line": 73,
          "col": 14,
          "lit": "true"
        }
      },
      {
        "key": {
          "type": 0,
          "file": 2,
          "line": 74,
          "col": 3,
          "lit": "fetch-depth"
        },
        "value": {
          "type": 0,
          "file": 2,
          "line": 76,
          "col": 14,
          "lit": "1"
        }
      },
      {
        "key": {
          "type": 0,
          "file": 2,
          "line": 77,
          "col": 3,
          "lit": "fetch-tags"
        },
        "value": {
          "type": 0,
          "file": 2,
          "line": 79,
          "col": 14,
          "lit": "false"
        }
      },
      {
        "key": {
          "type": 0,
          "file": 2,
          "line": 80,
          "col": 3,
          "lit": "show-progress"
        },
        "value": {
          "type": 0,
          "file": 2,
          "line": 82,
          "col": 14,
          "lit": "true"
        }
      },
      {
        "key": {
          "type": 0,
          "file": 2,
          "line": 83,
          "col": 3,
          "lit": "lfs"
        },
        "value": {
          "type": 0,
          "file": 2,
          "line": 85,
          "col": 14,
          "lit": "false"
        }
      },
      {
        "key": {
          "type": 0,
          "file": 2,
          "line": 86,
          "col": 3,
          "lit": "submodules"
        },
        "value": {
          "type": 0,
          "file": 2,
          "line": 94,
          "col": 14,
          "lit": "false"
        }
      },
      {
        "key": {
          "type": 0,
          "file": 2,
          "line": 95,
          "col": 3,
          "lit": "set-safe-directory"
        },
        "value": {
          "type": 0,
          "file": 2,
          "line": 97,
          "col": 14,
          "lit": "true"
        }
      },
      {
        "key": {
          "type": 0,
          "file": 2,
          "line": 98,
          "col": 3,
          "lit": "github-server-url"
        },
        "value": ""
      }
    ]
  },
  "execution": {
    "executionType": "nodeJS",
    "hasPre": false,
    "hasPost": true,
    "script": "dist/index.js",
    "pre": null,
    "post": "dist/index.js",
    "nodeVersion": "node20",
    "cleanupCondition": "always()",
    "initCondition": "always()"
  },
  "deprecated": null
}
[2026-06-11 08:36:14Z INFO ActionManager] Action pre node.js file: N/A.
[2026-06-11 08:36:14Z INFO ActionManager] Action node.js file: dist/index.js.
[2026-06-11 08:36:14Z INFO ActionManager] Action post node.js file: dist/index.js.
[2026-06-11 08:36:14Z INFO ExecutionContext] Reserve record order 6 to 10 for post job actions.
[2026-06-11 08:36:14Z INFO HostContext] Well known directory 'Bin': 'C:\Users\highf\Downloads\hfs\actions-runner\actions-runner\bin'
[2026-06-11 08:36:14Z INFO HostContext] Well known directory 'Root': 'C:\Users\highf\Downloads\hfs\actions-runner\actions-runner'
[2026-06-11 08:36:14Z INFO HostContext] Well known directory 'Diag': 'C:\Users\highf\Downloads\hfs\actions-runner\actions-runner\_diag'
[2026-06-11 08:36:14Z INFO HostContext] Well known directory 'Bin': 'C:\Users\highf\Downloads\hfs\actions-runner\actions-runner\bin'
[2026-06-11 08:36:14Z INFO HostContext] Well known directory 'Root': 'C:\Users\highf\Downloads\hfs\actions-runner\actions-runner'
[2026-06-11 08:36:14Z INFO HostContext] Well known directory 'Diag': 'C:\Users\highf\Downloads\hfs\actions-runner\actions-runner\_diag'
[2026-06-11 08:36:14Z INFO HostContext] Well known directory 'Bin': 'C:\Users\highf\Downloads\hfs\actions-runner\actions-runner\bin'
[2026-06-11 08:36:14Z INFO HostContext] Well known directory 'Root': 'C:\Users\highf\Downloads\hfs\actions-runner\actions-runner'
[2026-06-11 08:36:14Z INFO HostContext] Well known directory 'Work': 'C:\Users\highf\Downloads\hfs\actions-runner\actions-runner\_work'
[2026-06-11 08:36:14Z INFO HostContext] Well known directory 'Temp': 'C:\Users\highf\Downloads\hfs\actions-runner\actions-runner\_work\_temp'
[2026-06-11 08:36:14Z INFO ExecutionContext] Write event payload to C:\Users\highf\Downloads\hfs\actions-runner\actions-runner\_work\_temp\_github_workflow\event.json
[2026-06-11 08:36:14Z INFO HostContext] Well known directory 'Bin': 'C:\Users\highf\Downloads\hfs\actions-runner\actions-runner\bin'
[2026-06-11 08:36:14Z INFO HostContext] Well known directory 'Root': 'C:\Users\highf\Downloads\hfs\actions-runner\actions-runner'
[2026-06-11 08:36:14Z INFO HostContext] Well known directory 'Work': 'C:\Users\highf\Downloads\hfs\actions-runner\actions-runner\_work'
[2026-06-11 08:36:14Z INFO HostContext] Well known directory 'Temp': 'C:\Users\highf\Downloads\hfs\actions-runner\actions-runner\_work\_temp'
[2026-06-11 08:36:14Z INFO ExtensionManager] Getting extensions for interface: 'GitHub.Runner.Worker.IFileCommandExtension'
[2026-06-11 08:36:14Z INFO ExtensionManager] Creating instance: GitHub.Runner.Worker.AddPathFileCommand, Runner.Worker
[2026-06-11 08:36:14Z INFO ExtensionManager] Creating instance: GitHub.Runner.Worker.SetEnvFileCommand, Runner.Worker
[2026-06-11 08:36:14Z INFO ExtensionManager] Creating instance: GitHub.Runner.Worker.CreateStepSummaryCommand, Runner.Worker
[2026-06-11 08:36:14Z INFO ExtensionManager] Creating instance: GitHub.Runner.Worker.SaveStateFileCommand, Runner.Worker
[2026-06-11 08:36:14Z INFO ExtensionManager] Creating instance: GitHub.Runner.Worker.SetOutputFileCommand, Runner.Worker
[2026-06-11 08:36:14Z INFO ActionManifestManagerLegacy] Input 'repository': default value evaluate result: {
  "type": 0,
  "file": 2,
  "line": 6,
  "col": 14,
  "lit": "sitaramm25/hfs-uber-sync"
}
[2026-06-11 08:36:14Z INFO ActionManifestManagerLegacy] Input 'ref': default value evaluate result: ""
[2026-06-11 08:36:14Z INFO ActionManifestManagerLegacy] Input 'token': default value evaluate result: {
  "type": 0,
  "file": 2,
  "line": 24,
  "col": 14,
  "lit": "***"
}
[2026-06-11 08:36:14Z INFO ActionManifestManagerLegacy] Input 'ssh-key': default value evaluate result: ""
[2026-06-11 08:36:14Z INFO ActionManifestManagerLegacy] Input 'ssh-known-hosts': default value evaluate result: ""
[2026-06-11 08:36:14Z INFO ActionManifestManagerLegacy] Input 'ssh-strict': default value evaluate result: {
  "type": 0,
  "file": 2,
  "line": 47,
  "col": 14,
  "lit": "true"
}
[2026-06-11 08:36:14Z INFO ActionManifestManagerLegacy] Input 'ssh-user': default value evaluate result: {
  "type": 0,
  "file": 2,
  "line": 51,
  "col": 14,
  "lit": "git"
}
[2026-06-11 08:36:14Z INFO ActionManifestManagerLegacy] Input 'persist-credentials': default value evaluate result: {
  "type": 0,
  "file": 2,
  "line": 54,
  "col": 14,
  "lit": "true"
}
[2026-06-11 08:36:14Z INFO ActionManifestManagerLegacy] Input 'path': default value evaluate result: ""
[2026-06-11 08:36:14Z INFO ActionManifestManagerLegacy] Input 'clean': default value evaluate result: {
  "type": 0,
  "file": 2,
  "line": 59,
  "col": 14,
  "lit": "true"
}
[2026-06-11 08:36:14Z INFO ActionManifestManagerLegacy] Input 'filter': default value evaluate result: {
  "type": 0,
  "file": 2,
  "line": 64,
  "col": 14,
  "lit": ""
}
[2026-06-11 08:36:14Z INFO ActionManifestManagerLegacy] Input 'sparse-checkout': default value evaluate result: {
  "type": 0,
  "file": 2,
  "line": 69,
  "col": 14,
  "lit": ""
}
[2026-06-11 08:36:14Z INFO ActionManifestManagerLegacy] Input 'sparse-checkout-cone-mode': default value evaluate result: {
  "type": 0,
  "file": 2,
  "line": 73,
  "col": 14,
  "lit": "true"
}
[2026-06-11 08:36:14Z INFO ActionManifestManagerLegacy] Input 'fetch-depth': default value evaluate result: {
  "type": 0,
  "file": 2,
  "line": 76,
  "col": 14,
  "lit": "1"
}
[2026-06-11 08:36:14Z INFO ActionManifestManagerLegacy] Input 'fetch-tags': default value evaluate result: {
  "type": 0,
  "file": 2,
  "line": 79,
  "col": 14,
  "lit": "false"
}
[2026-06-11 08:36:14Z INFO ActionManifestManagerLegacy] Input 'show-progress': default value evaluate result: {
  "type": 0,
  "file": 2,
  "line": 82,
  "col": 14,
  "lit": "true"
}
[2026-06-11 08:36:14Z INFO ActionManifestManagerLegacy] Input 'lfs': default value evaluate result: {
  "type": 0,
  "file": 2,
  "line": 85,
  "col": 14,
  "lit": "false"
}
[2026-06-11 08:36:14Z INFO ActionManifestManagerLegacy] Input 'submodules': default value evaluate result: {
  "type": 0,
  "file": 2,
  "line": 94,
  "col": 14,
  "lit": "false"
}
[2026-06-11 08:36:14Z INFO ActionManifestManagerLegacy] Input 'set-safe-directory': default value evaluate result: {
  "type": 0,
  "file": 2,
  "line": 97,
  "col": 14,
  "lit": "true"
}
[2026-06-11 08:36:14Z INFO ActionManifestManagerLegacy] Input 'github-server-url': default value evaluate result: ""
[2026-06-11 08:36:14Z INFO ExtensionManager] Getting extensions for interface: 'GitHub.Runner.Worker.IActionCommandExtension'
[2026-06-11 08:36:14Z INFO ExtensionManager] Creating instance: GitHub.Runner.Worker.InternalPluginSetRepoPathCommandExtension, Runner.Worker
[2026-06-11 08:36:14Z INFO ExtensionManager] Creating instance: GitHub.Runner.Worker.SetEnvCommandExtension, Runner.Worker
[2026-06-11 08:36:14Z INFO ExtensionManager] Creating instance: GitHub.Runner.Worker.SetOutputCommandExtension, Runner.Worker
[2026-06-11 08:36:14Z INFO ExtensionManager] Creating instance: GitHub.Runner.Worker.SaveStateCommandExtension, Runner.Worker
[2026-06-11 08:36:14Z INFO ExtensionManager] Creating instance: GitHub.Runner.Worker.AddPathCommandExtension, Runner.Worker
[2026-06-11 08:36:14Z INFO ExtensionManager] Creating instance: GitHub.Runner.Worker.AddMaskCommandExtension, Runner.Worker
[2026-06-11 08:36:14Z INFO ExtensionManager] Creating instance: GitHub.Runner.Worker.AddMatcherCommandExtension, Runner.Worker
[2026-06-11 08:36:14Z INFO ExtensionManager] Creating instance: GitHub.Runner.Worker.RemoveMatcherCommandExtension, Runner.Worker
[2026-06-11 08:36:14Z INFO ExtensionManager] Creating instance: GitHub.Runner.Worker.WarningCommandExtension, Runner.Worker
[2026-06-11 08:36:14Z INFO ExtensionManager] Creating instance: GitHub.Runner.Worker.ErrorCommandExtension, Runner.Worker
[2026-06-11 08:36:14Z INFO ExtensionManager] Creating instance: GitHub.Runner.Worker.NoticeCommandExtension, Runner.Worker
[2026-06-11 08:36:14Z INFO ExtensionManager] Creating instance: GitHub.Runner.Worker.DebugCommandExtension, Runner.Worker
[2026-06-11 08:36:14Z INFO ExtensionManager] Creating instance: GitHub.Runner.Worker.GroupCommandExtension, Runner.Worker
[2026-06-11 08:36:14Z INFO ExtensionManager] Creating instance: GitHub.Runner.Worker.EndGroupCommandExtension, Runner.Worker
[2026-06-11 08:36:14Z INFO ExtensionManager] Creating instance: GitHub.Runner.Worker.EchoCommandExtension, Runner.Worker
[2026-06-11 08:36:14Z INFO ActionCommandManager] Register action command extension for command internal-set-repo-path
[2026-06-11 08:36:14Z INFO ActionCommandManager] Register action command extension for command set-env
[2026-06-11 08:36:14Z INFO ActionCommandManager] Register action command extension for command set-output
[2026-06-11 08:36:14Z INFO ActionCommandManager] Register action command extension for command save-state
[2026-06-11 08:36:14Z INFO ActionCommandManager] Register action command extension for command add-path
[2026-06-11 08:36:14Z INFO ActionCommandManager] Register action command extension for command add-mask
[2026-06-11 08:36:14Z INFO ActionCommandManager] Register action command extension for command add-matcher
[2026-06-11 08:36:14Z INFO ActionCommandManager] Register action command extension for command remove-matcher
[2026-06-11 08:36:14Z INFO ActionCommandManager] Register action command extension for command warning
[2026-06-11 08:36:14Z INFO ActionCommandManager] Register action command extension for command error
[2026-06-11 08:36:14Z INFO ActionCommandManager] Register action command extension for command notice
[2026-06-11 08:36:14Z INFO ActionCommandManager] Register action command extension for command debug
[2026-06-11 08:36:14Z INFO ActionCommandManager] Register action command extension for command group
[2026-06-11 08:36:14Z INFO ActionCommandManager] Register action command extension for command endgroup
[2026-06-11 08:36:14Z INFO ActionCommandManager] Register action command extension for command echo
[2026-06-11 08:36:14Z INFO HostContext] Well known directory 'Bin': 'C:\Users\highf\Downloads\hfs\actions-runner\actions-runner\bin'
[2026-06-11 08:36:14Z INFO HostContext] Well known directory 'Root': 'C:\Users\highf\Downloads\hfs\actions-runner\actions-runner'
[2026-06-11 08:36:14Z INFO HostContext] Well known directory 'Externals': 'C:\Users\highf\Downloads\hfs\actions-runner\actions-runner\externals'
[2026-06-11 08:36:14Z INFO ProcessInvokerWrapper] Starting process:
[2026-06-11 08:36:14Z INFO ProcessInvokerWrapper]   File name: 'C:\Users\highf\Downloads\hfs\actions-runner\actions-runner\externals\node20\bin\node.exe'
[2026-06-11 08:36:14Z INFO ProcessInvokerWrapper]   Arguments: '"C:\Users\highf\Downloads\hfs\actions-runner\actions-runner\_work\_actions\actions\checkout\v4\dist/index.js"'
[2026-06-11 08:36:14Z INFO ProcessInvokerWrapper]   Working directory: 'C:\Users\highf\Downloads\hfs\actions-runner\actions-runner\_work\hfs-uber-sync\hfs-uber-sync'
[2026-06-11 08:36:14Z INFO ProcessInvokerWrapper]   Require exit code zero: 'False'
[2026-06-11 08:36:14Z INFO ProcessInvokerWrapper]   Encoding web name: utf-8 ; code page: '65001'
[2026-06-11 08:36:14Z INFO ProcessInvokerWrapper]   Force kill process on cancellation: 'False'
[2026-06-11 08:36:14Z INFO ProcessInvokerWrapper]   Redirected STDIN: 'False'
[2026-06-11 08:36:14Z INFO ProcessInvokerWrapper]   Persist current code page: 'True'
[2026-06-11 08:36:14Z INFO ProcessInvokerWrapper]   Keep redirected STDIN open: 'False'
[2026-06-11 08:36:14Z INFO ProcessInvokerWrapper]   High priority process: 'False'
[2026-06-11 08:36:14Z INFO ProcessInvokerWrapper] Process started with process id 17788, waiting for process exit.
[2026-06-11 08:36:14Z INFO JobServerQueue] Try to append 1 batches web console lines for record 'ca99bb06-a2ac-4dce-bdb1-bbf0d1e86128', success rate: 1/1.
[2026-06-11 08:36:14Z INFO JobServerQueue] Try to append 1 batches web console lines for record 'cc5587c2-9148-4138-b19b-0801c061c9ab', success rate: 1/1.
[2026-06-11 08:36:15Z INFO AddMaskCommandExtension] Add new secret mask with length of 588
[2026-06-11 08:36:15Z INFO JobServerQueue] Try to append 1 batches web console lines for record 'cc5587c2-9148-4138-b19b-0801c061c9ab', success rate: 1/1.
[2026-06-11 08:36:15Z INFO JobServerQueue] Try to append 1 batches web console lines for record 'cc5587c2-9148-4138-b19b-0801c061c9ab', success rate: 1/1.
[2026-06-11 08:36:16Z INFO JobServerQueue] Tried to upload 1 file(s) to results, success rate: 1/1.
[2026-06-11 08:36:16Z INFO JobServerQueue] Try to append 1 batches web console lines for record 'cc5587c2-9148-4138-b19b-0801c061c9ab', success rate: 1/1.
[2026-06-11 08:36:16Z INFO JobServerQueue] Try to append 1 batches web console lines for record 'cc5587c2-9148-4138-b19b-0801c061c9ab', success rate: 1/1.
[2026-06-11 08:36:17Z INFO JobServerQueue] Try to append 1 batches web console lines for record 'cc5587c2-9148-4138-b19b-0801c061c9ab', success rate: 1/1.
[2026-06-11 08:36:17Z INFO JobServerQueue] Try to append 1 batches web console lines for record 'cc5587c2-9148-4138-b19b-0801c061c9ab', success rate: 1/1.
[2026-06-11 08:36:18Z INFO JobServerQueue] Try to append 1 batches web console lines for record 'cc5587c2-9148-4138-b19b-0801c061c9ab', success rate: 1/1.
[2026-06-11 08:36:18Z INFO JobServerQueue] Try to append 1 batches web console lines for record 'cc5587c2-9148-4138-b19b-0801c061c9ab', success rate: 1/1.
[2026-06-11 08:36:18Z INFO JobServerQueue] Try to append 1 batches web console lines for record 'cc5587c2-9148-4138-b19b-0801c061c9ab', success rate: 1/1.
[2026-06-11 08:36:19Z INFO JobServerQueue] Try to append 1 batches web console lines for record 'cc5587c2-9148-4138-b19b-0801c061c9ab', success rate: 1/1.
[2026-06-11 08:36:19Z INFO ProcessInvokerWrapper] STDOUT/STDERR stream read finished.
[2026-06-11 08:36:19Z INFO ProcessInvokerWrapper] STDOUT/STDERR stream read finished.
[2026-06-11 08:36:19Z INFO ProcessInvokerWrapper] Finished process 17788 with exit code 0, and elapsed time 00:00:04.9104202.
[2026-06-11 08:36:19Z INFO JobServerQueue] Try to append 1 batches web console lines for record 'cc5587c2-9148-4138-b19b-0801c061c9ab', success rate: 1/1.
[2026-06-11 08:36:19Z INFO CreateStepSummaryCommand] Step Summary file (C:\Users\highf\Downloads\hfs\actions-runner\actions-runner\_work\_temp\_runner_file_commands\step_summary_82f8929e-41d9-4185-ba67-74f14094187d) is empty; skipping attachment upload
[2026-06-11 08:36:19Z INFO StepsRunner] Step result: 
[2026-06-11 08:36:19Z INFO ExecutionContext] Publish step telemetry for current step {
  "action": "actions/checkout",
  "ref": "v4",
  "type": "node20",
  "stage": "Main",
  "stepId": "cc5587c2-9148-4138-b19b-0801c061c9ab",
  "stepContextName": "__actions_checkout",
  "hasPreStep": false,
  "hasPostStep": true,
  "result": "succeeded",
  "errorMessages": [
    "no submodule mapping found in .gitmodules for path 'actions-runner/_work/hfs-uber-sync/hfs-uber-sync'",
    "Unable to clean or reset the repository. The repository will be recreated instead."
  ],
  "executionTimeInSeconds": 6,
  "startTime": "2026-06-11T08:36:14.8368303Z",
  "finishTime": "2026-06-11T08:36:19.8719549Z"
}.
[2026-06-11 08:36:19Z INFO StepsRunner] No need for updating job result with current step result 'Succeeded'.
[2026-06-11 08:36:19Z INFO StepsRunner] Current state: job state = ''
[2026-06-11 08:36:19Z INFO StepsRunner] Processing step: DisplayName='Setup Node'
[2026-06-11 08:36:19Z INFO StepsRunner] Evaluating: success()
[2026-06-11 08:36:19Z INFO StepsRunner] Result: true
[2026-06-11 08:36:19Z INFO StepsRunner] Starting the step.
[2026-06-11 08:36:19Z INFO HostContext] Well known directory 'Bin': 'C:\Users\highf\Downloads\hfs\actions-runner\actions-runner\bin'
[2026-06-11 08:36:19Z INFO HostContext] Well known directory 'Root': 'C:\Users\highf\Downloads\hfs\actions-runner\actions-runner'
[2026-06-11 08:36:19Z INFO HostContext] Well known directory 'Work': 'C:\Users\highf\Downloads\hfs\actions-runner\actions-runner\_work'
[2026-06-11 08:36:19Z INFO StepsRunner] Which2: 'chcp'
[2026-06-11 08:36:19Z INFO StepsRunner] Location: 'C:\WINDOWS\system32\chcp.COM'
[2026-06-11 08:36:19Z INFO ProcessInvokerWrapper] Starting process:
[2026-06-11 08:36:19Z INFO ProcessInvokerWrapper]   File name: 'C:\WINDOWS\system32\chcp.COM'
[2026-06-11 08:36:19Z INFO ProcessInvokerWrapper]   Arguments: '65001'
[2026-06-11 08:36:19Z INFO ProcessInvokerWrapper]   Working directory: 'C:\Users\highf\Downloads\hfs\actions-runner\actions-runner\_work'
[2026-06-11 08:36:19Z INFO ProcessInvokerWrapper]   Require exit code zero: 'False'
[2026-06-11 08:36:19Z INFO ProcessInvokerWrapper]   Encoding web name:  ; code page: ''
[2026-06-11 08:36:19Z INFO ProcessInvokerWrapper]   Force kill process on cancellation: 'False'
[2026-06-11 08:36:19Z INFO ProcessInvokerWrapper]   Redirected STDIN: 'False'
[2026-06-11 08:36:19Z INFO ProcessInvokerWrapper]   Persist current code page: 'True'
[2026-06-11 08:36:19Z INFO ProcessInvokerWrapper]   Keep redirected STDIN open: 'False'
[2026-06-11 08:36:19Z INFO ProcessInvokerWrapper]   High priority process: 'False'
[2026-06-11 08:36:19Z INFO ProcessInvokerWrapper] Process started with process id 12508, waiting for process exit.
[2026-06-11 08:36:19Z INFO ProcessInvokerWrapper] STDOUT/STDERR stream read finished.
[2026-06-11 08:36:19Z INFO ProcessInvokerWrapper] STDOUT/STDERR stream read finished.
[2026-06-11 08:36:19Z INFO ProcessInvokerWrapper] Finished process 12508 with exit code 0, and elapsed time 00:00:00.0083843.
[2026-06-11 08:36:19Z INFO StepsRunner] Successfully returned to code page 65001 (UTF8)
[2026-06-11 08:36:19Z INFO HostContext] Well known directory 'Bin': 'C:\Users\highf\Downloads\hfs\actions-runner\actions-runner\bin'
[2026-06-11 08:36:19Z INFO HostContext] Well known directory 'Root': 'C:\Users\highf\Downloads\hfs\actions-runner\actions-runner'
[2026-06-11 08:36:19Z INFO HostContext] Well known directory 'Work': 'C:\Users\highf\Downloads\hfs\actions-runner\actions-runner\_work'
[2026-06-11 08:36:19Z INFO HostContext] Well known directory 'Actions': 'C:\Users\highf\Downloads\hfs\actions-runner\actions-runner\_work\_actions'
[2026-06-11 08:36:19Z INFO ActionManager] Load action that reference repository from 'C:\Users\highf\Downloads\hfs\actions-runner\actions-runner\_work\_actions\actions\setup-node\v4'
[2026-06-11 08:36:19Z INFO HostContext] Well known directory 'Bin': 'C:\Users\highf\Downloads\hfs\actions-runner\actions-runner\bin'
[2026-06-11 08:36:19Z INFO HostContext] Well known directory 'Root': 'C:\Users\highf\Downloads\hfs\actions-runner\actions-runner'
[2026-06-11 08:36:19Z INFO HostContext] Well known directory 'Work': 'C:\Users\highf\Downloads\hfs\actions-runner\actions-runner\_work'
[2026-06-11 08:36:19Z INFO HostContext] Well known directory 'Actions': 'C:\Users\highf\Downloads\hfs\actions-runner\actions-runner\_work\_actions'
[2026-06-11 08:36:19Z INFO ActionManifestManagerLegacy] Ignore action property author.
[2026-06-11 08:36:19Z INFO ActionManifestManagerLegacy] Loaded action.yml file: {
  "name": "Setup Node.js environment",
  "description": "Setup a Node.js environment by adding problem matchers and optionally downloading and adding it to the PATH.",
  "inputs": {
    "type": 2,
    "map": [
      {
        "key": {
          "type": 0,
          "file": 3,
          "line": 5,
          "col": 3,
          "lit": "always-auth"
        },
        "value": {
          "type": 0,
          "file": 3,
          "line": 7,
          "col": 14,
          "lit": "false"
        }
      },
      {
        "key": {
          "type": 0,
          "file": 3,
          "line": 8,
          "col": 3,
          "lit": "node-version"
        },
        "value": ""
      },
      {
        "key": {
          "type": 0,
          "file": 3,
          "line": 10,
          "col": 3,
          "lit": "node-version-file"
        },
        "value": ""
      },
      {
        "key": {
          "type": 0,
          "file": 3,
          "line": 12,
          "col": 3,
          "lit": "architecture"
        },
        "value": ""
      },
      {
        "key": {
          "type": 0,
          "file": 3,
          "line": 14,
          "col": 3,
          "lit": "check-latest"
        },
        "value": {
          "type": 0,
          "file": 3,
          "line": 16,
          "col": 14,
          "lit": "false"
        }
      },
      {
        "key": {
          "type": 0,
          "file": 3,
          "line": 17,
          "col": 3,
          "lit": "registry-url"
        },
        "value": ""
      },
      {
        "key": {
          "type": 0,
          "file": 3,
          "line": 19,
          "col": 3,
          "lit": "scope"
        },
        "value": ""
      },
      {
        "key": {
          "type": 0,
          "file": 3,
          "line": 21,
          "col": 3,
          "lit": "token"
        },
        "value": {
          "type": 3,
          "file": 3,
          "line": 23,
          "col": 14,
          "expr": "github.server_url == 'https://github.com' && github.token || ''"
        }
      },
      {
        "key": {
          "type": 0,
          "file": 3,
          "line": 24,
          "col": 3,
          "lit": "cache"
        },
        "value": ""
      },
      {
        "key": {
          "type": 0,
          "file": 3,
          "line": 26,
          "col": 3,
          "lit": "cache-dependency-path"
        },
        "value": ""
      },
      {
        "key": {
          "type": 0,
          "file": 3,
          "line": 28,
          "col": 3,
          "lit": "mirror"
        },
        "value": ""
      },
      {
        "key": {
          "type": 0,
          "file": 3,
          "line": 30,
          "col": 3,
          "lit": "mirror-token"
        },
        "value": ""
      }
    ]
  },
  "execution": {
    "executionType": "nodeJS",
    "hasPre": false,
    "hasPost": true,
    "script": "dist/setup/index.js",
    "pre": null,
    "post": "dist/cache-save/index.js",
    "nodeVersion": "node20",
    "cleanupCondition": "success()",
    "initCondition": "always()"
  },
  "deprecated": null
}
[2026-06-11 08:36:19Z INFO ActionManager] Action pre node.js file: N/A.
[2026-06-11 08:36:19Z INFO ActionManager] Action node.js file: dist/setup/index.js.
[2026-06-11 08:36:19Z INFO ActionManager] Action post node.js file: dist/cache-save/index.js.
[2026-06-11 08:36:19Z INFO HostContext] Well known directory 'Bin': 'C:\Users\highf\Downloads\hfs\actions-runner\actions-runner\bin'
[2026-06-11 08:36:19Z INFO HostContext] Well known directory 'Root': 'C:\Users\highf\Downloads\hfs\actions-runner\actions-runner'
[2026-06-11 08:36:19Z INFO HostContext] Well known directory 'Diag': 'C:\Users\highf\Downloads\hfs\actions-runner\actions-runner\_diag'
[2026-06-11 08:36:19Z INFO HostContext] Well known directory 'Bin': 'C:\Users\highf\Downloads\hfs\actions-runner\actions-runner\bin'
[2026-06-11 08:36:19Z INFO HostContext] Well known directory 'Root': 'C:\Users\highf\Downloads\hfs\actions-runner\actions-runner'
[2026-06-11 08:36:19Z INFO HostContext] Well known directory 'Diag': 'C:\Users\highf\Downloads\hfs\actions-runner\actions-runner\_diag'
[2026-06-11 08:36:19Z INFO HostContext] Well known directory 'Bin': 'C:\Users\highf\Downloads\hfs\actions-runner\actions-runner\bin'
[2026-06-11 08:36:19Z INFO HostContext] Well known directory 'Root': 'C:\Users\highf\Downloads\hfs\actions-runner\actions-runner'
[2026-06-11 08:36:19Z INFO HostContext] Well known directory 'Work': 'C:\Users\highf\Downloads\hfs\actions-runner\actions-runner\_work'
[2026-06-11 08:36:19Z INFO HostContext] Well known directory 'Temp': 'C:\Users\highf\Downloads\hfs\actions-runner\actions-runner\_work\_temp'
[2026-06-11 08:36:19Z INFO ExecutionContext] Write event payload to C:\Users\highf\Downloads\hfs\actions-runner\actions-runner\_work\_temp\_github_workflow\event.json
[2026-06-11 08:36:19Z INFO HostContext] Well known directory 'Bin': 'C:\Users\highf\Downloads\hfs\actions-runner\actions-runner\bin'
[2026-06-11 08:36:19Z INFO HostContext] Well known directory 'Root': 'C:\Users\highf\Downloads\hfs\actions-runner\actions-runner'
[2026-06-11 08:36:19Z INFO HostContext] Well known directory 'Work': 'C:\Users\highf\Downloads\hfs\actions-runner\actions-runner\_work'
[2026-06-11 08:36:19Z INFO HostContext] Well known directory 'Temp': 'C:\Users\highf\Downloads\hfs\actions-runner\actions-runner\_work\_temp'
[2026-06-11 08:36:19Z INFO ExtensionManager] Getting extensions for interface: 'GitHub.Runner.Worker.IFileCommandExtension'
[2026-06-11 08:36:19Z INFO ActionManifestManagerLegacy] Input 'always-auth': default value evaluate result: {
  "type": 0,
  "file": 3,
  "line": 7,
  "col": 14,
  "lit": "false"
}
[2026-06-11 08:36:19Z INFO ActionManifestManagerLegacy] Input 'node-version-file': default value evaluate result: ""
[2026-06-11 08:36:19Z INFO ActionManifestManagerLegacy] Input 'architecture': default value evaluate result: ""
[2026-06-11 08:36:19Z INFO ActionManifestManagerLegacy] Input 'check-latest': default value evaluate result: {
  "type": 0,
  "file": 3,
  "line": 16,
  "col": 14,
  "lit": "false"
}
[2026-06-11 08:36:19Z INFO ActionManifestManagerLegacy] Input 'registry-url': default value evaluate result: ""
[2026-06-11 08:36:19Z INFO ActionManifestManagerLegacy] Input 'scope': default value evaluate result: ""
[2026-06-11 08:36:19Z INFO ActionManifestManagerLegacy] Input 'token': default value evaluate result: {
  "type": 0,
  "file": 3,
  "line": 23,
  "col": 14,
  "lit": "***"
}
[2026-06-11 08:36:19Z INFO ActionManifestManagerLegacy] Input 'cache': default value evaluate result: ""
[2026-06-11 08:36:19Z INFO ActionManifestManagerLegacy] Input 'cache-dependency-path': default value evaluate result: ""
[2026-06-11 08:36:19Z INFO ActionManifestManagerLegacy] Input 'mirror': default value evaluate result: ""
[2026-06-11 08:36:19Z INFO ActionManifestManagerLegacy] Input 'mirror-token': default value evaluate result: ""
[2026-06-11 08:36:19Z INFO ExtensionManager] Getting extensions for interface: 'GitHub.Runner.Worker.IActionCommandExtension'
[2026-06-11 08:36:19Z INFO ActionCommandManager] Register action command extension for command internal-set-repo-path
[2026-06-11 08:36:19Z INFO ActionCommandManager] Register action command extension for command set-env
[2026-06-11 08:36:19Z INFO ActionCommandManager] Register action command extension for command set-output
[2026-06-11 08:36:19Z INFO ActionCommandManager] Register action command extension for command save-state
[2026-06-11 08:36:19Z INFO ActionCommandManager] Register action command extension for command add-path
[2026-06-11 08:36:19Z INFO ActionCommandManager] Register action command extension for command add-mask
[2026-06-11 08:36:19Z INFO ActionCommandManager] Register action command extension for command add-matcher
[2026-06-11 08:36:19Z INFO ActionCommandManager] Register action command extension for command remove-matcher
[2026-06-11 08:36:19Z INFO ActionCommandManager] Register action command extension for command warning
[2026-06-11 08:36:19Z INFO ActionCommandManager] Register action command extension for command error
[2026-06-11 08:36:19Z INFO ActionCommandManager] Register action command extension for command notice
[2026-06-11 08:36:19Z INFO ActionCommandManager] Register action command extension for command debug
[2026-06-11 08:36:19Z INFO ActionCommandManager] Register action command extension for command group
[2026-06-11 08:36:19Z INFO ActionCommandManager] Register action command extension for command endgroup
[2026-06-11 08:36:19Z INFO ActionCommandManager] Register action command extension for command echo
[2026-06-11 08:36:19Z INFO HostContext] Well known directory 'Bin': 'C:\Users\highf\Downloads\hfs\actions-runner\actions-runner\bin'
[2026-06-11 08:36:19Z INFO HostContext] Well known directory 'Root': 'C:\Users\highf\Downloads\hfs\actions-runner\actions-runner'
[2026-06-11 08:36:19Z INFO HostContext] Well known directory 'Externals': 'C:\Users\highf\Downloads\hfs\actions-runner\actions-runner\externals'
[2026-06-11 08:36:19Z INFO ProcessInvokerWrapper] Starting process:
[2026-06-11 08:36:19Z INFO ProcessInvokerWrapper]   File name: 'C:\Users\highf\Downloads\hfs\actions-runner\actions-runner\externals\node20\bin\node.exe'
[2026-06-11 08:36:19Z INFO ProcessInvokerWrapper]   Arguments: '"C:\Users\highf\Downloads\hfs\actions-runner\actions-runner\_work\_actions\actions\setup-node\v4\dist/setup/index.js"'
[2026-06-11 08:36:19Z INFO ProcessInvokerWrapper]   Working directory: 'C:\Users\highf\Downloads\hfs\actions-runner\actions-runner\_work\hfs-uber-sync\hfs-uber-sync'
[2026-06-11 08:36:19Z INFO ProcessInvokerWrapper]   Require exit code zero: 'False'
[2026-06-11 08:36:19Z INFO ProcessInvokerWrapper]   Encoding web name: utf-8 ; code page: '65001'
[2026-06-11 08:36:19Z INFO ProcessInvokerWrapper]   Force kill process on cancellation: 'False'
[2026-06-11 08:36:19Z INFO ProcessInvokerWrapper]   Redirected STDIN: 'False'
[2026-06-11 08:36:19Z INFO ProcessInvokerWrapper]   Persist current code page: 'True'
[2026-06-11 08:36:19Z INFO ProcessInvokerWrapper]   Keep redirected STDIN open: 'False'
[2026-06-11 08:36:19Z INFO ProcessInvokerWrapper]   High priority process: 'False'
[2026-06-11 08:36:19Z INFO ProcessInvokerWrapper] Process started with process id 20804, waiting for process exit.
[2026-06-11 08:36:19Z INFO JobServerQueue] Try to upload 1 log files or attachments, success rate: 1/1.
[2026-06-11 08:36:20Z INFO JobServerQueue] Try to append 1 batches web console lines for record 'c7e778dd-17b0-4f07-a05f-526baf760e4a', success rate: 1/1.
[2026-06-11 08:36:20Z INFO JobServerQueue] Got a step log file to send to results service.
[2026-06-11 08:36:20Z INFO JobServerQueue] Starting upload of step log file to results service ResultsLog, C:\Users\highf\Downloads\hfs\actions-runner\actions-runner\_diag\blocks\c2e1e3e2-dfd3-418f-b8d7-c9514da9b00d_cc5587c2-9148-4138-b19b-0801c061c9ab.1
[2026-06-11 08:36:20Z INFO JobServerQueue] Try to append 1 batches web console lines for record 'c7e778dd-17b0-4f07-a05f-526baf760e4a', success rate: 1/1.
[2026-06-11 08:36:20Z INFO ProcessInvokerWrapper] STDOUT/STDERR stream read finished.
[2026-06-11 08:36:20Z INFO ProcessInvokerWrapper] STDOUT/STDERR stream read finished.
[2026-06-11 08:36:20Z INFO ProcessInvokerWrapper] Finished process 20804 with exit code 0, and elapsed time 00:00:01.0972660.
[2026-06-11 08:36:20Z INFO CreateStepSummaryCommand] Step Summary file (C:\Users\highf\Downloads\hfs\actions-runner\actions-runner\_work\_temp\_runner_file_commands\step_summary_ed2e5677-de5e-4f2a-9aa7-cc18890b68e4) is empty; skipping attachment upload
[2026-06-11 08:36:20Z INFO StepsRunner] Step result: 
[2026-06-11 08:36:20Z INFO ExecutionContext] Publish step telemetry for current step {
  "action": "actions/setup-node",
  "ref": "v4",
  "type": "node20",
  "stage": "Main",
  "stepId": "c7e778dd-17b0-4f07-a05f-526baf760e4a",
  "stepContextName": "__actions_setup-node",
  "hasPreStep": false,
  "hasPostStep": true,
  "result": "succeeded",
  "errorMessages": [],
  "executionTimeInSeconds": 2,
  "startTime": "2026-06-11T08:36:19.8738578Z",
  "finishTime": "2026-06-11T08:36:20.9964256Z"
}.
[2026-06-11 08:36:20Z INFO StepsRunner] No need for updating job result with current step result 'Succeeded'.
[2026-06-11 08:36:20Z INFO StepsRunner] Current state: job state = ''
[2026-06-11 08:36:20Z INFO StepsRunner] Processing step: DisplayName='Install dependencies'
[2026-06-11 08:36:20Z INFO StepsRunner] Evaluating: success()
[2026-06-11 08:36:20Z INFO StepsRunner] Result: true
[2026-06-11 08:36:20Z INFO StepsRunner] Starting the step.
[2026-06-11 08:36:20Z INFO HostContext] Well known directory 'Bin': 'C:\Users\highf\Downloads\hfs\actions-runner\actions-runner\bin'
[2026-06-11 08:36:20Z INFO HostContext] Well known directory 'Root': 'C:\Users\highf\Downloads\hfs\actions-runner\actions-runner'
[2026-06-11 08:36:20Z INFO HostContext] Well known directory 'Work': 'C:\Users\highf\Downloads\hfs\actions-runner\actions-runner\_work'
[2026-06-11 08:36:20Z INFO StepsRunner] Which2: 'chcp'
[2026-06-11 08:36:20Z INFO StepsRunner] Location: 'C:\WINDOWS\system32\chcp.COM'
[2026-06-11 08:36:20Z INFO ProcessInvokerWrapper] Starting process:
[2026-06-11 08:36:20Z INFO ProcessInvokerWrapper]   File name: 'C:\WINDOWS\system32\chcp.COM'
[2026-06-11 08:36:20Z INFO ProcessInvokerWrapper]   Arguments: '65001'
[2026-06-11 08:36:20Z INFO ProcessInvokerWrapper]   Working directory: 'C:\Users\highf\Downloads\hfs\actions-runner\actions-runner\_work'
[2026-06-11 08:36:20Z INFO ProcessInvokerWrapper]   Require exit code zero: 'False'
[2026-06-11 08:36:20Z INFO ProcessInvokerWrapper]   Encoding web name:  ; code page: ''
[2026-06-11 08:36:20Z INFO ProcessInvokerWrapper]   Force kill process on cancellation: 'False'
[2026-06-11 08:36:20Z INFO ProcessInvokerWrapper]   Redirected STDIN: 'False'
[2026-06-11 08:36:20Z INFO ProcessInvokerWrapper]   Persist current code page: 'True'
[2026-06-11 08:36:20Z INFO ProcessInvokerWrapper]   Keep redirected STDIN open: 'False'
[2026-06-11 08:36:20Z INFO ProcessInvokerWrapper]   High priority process: 'False'
[2026-06-11 08:36:21Z INFO ProcessInvokerWrapper] Process started with process id 21300, waiting for process exit.
[2026-06-11 08:36:21Z INFO ProcessInvokerWrapper] STDOUT/STDERR stream read finished.
[2026-06-11 08:36:21Z INFO ProcessInvokerWrapper] STDOUT/STDERR stream read finished.
[2026-06-11 08:36:21Z INFO ProcessInvokerWrapper] Finished process 21300 with exit code 0, and elapsed time 00:00:00.0074924.
[2026-06-11 08:36:21Z INFO StepsRunner] Successfully returned to code page 65001 (UTF8)
[2026-06-11 08:36:21Z INFO HostContext] Well known directory 'Bin': 'C:\Users\highf\Downloads\hfs\actions-runner\actions-runner\bin'
[2026-06-11 08:36:21Z INFO HostContext] Well known directory 'Root': 'C:\Users\highf\Downloads\hfs\actions-runner\actions-runner'
[2026-06-11 08:36:21Z INFO HostContext] Well known directory 'Work': 'C:\Users\highf\Downloads\hfs\actions-runner\actions-runner\_work'
[2026-06-11 08:36:21Z INFO HostContext] Well known directory 'Temp': 'C:\Users\highf\Downloads\hfs\actions-runner\actions-runner\_work\_temp'
[2026-06-11 08:36:21Z INFO ExecutionContext] Write event payload to C:\Users\highf\Downloads\hfs\actions-runner\actions-runner\_work\_temp\_github_workflow\event.json
[2026-06-11 08:36:21Z INFO HostContext] Well known directory 'Bin': 'C:\Users\highf\Downloads\hfs\actions-runner\actions-runner\bin'
[2026-06-11 08:36:21Z INFO HostContext] Well known directory 'Root': 'C:\Users\highf\Downloads\hfs\actions-runner\actions-runner'
[2026-06-11 08:36:21Z INFO HostContext] Well known directory 'Work': 'C:\Users\highf\Downloads\hfs\actions-runner\actions-runner\_work'
[2026-06-11 08:36:21Z INFO HostContext] Well known directory 'Temp': 'C:\Users\highf\Downloads\hfs\actions-runner\actions-runner\_work\_temp'
[2026-06-11 08:36:21Z INFO ExtensionManager] Getting extensions for interface: 'GitHub.Runner.Worker.IFileCommandExtension'
[2026-06-11 08:36:21Z INFO ExtensionManager] Getting extensions for interface: 'GitHub.Runner.Worker.IActionCommandExtension'
[2026-06-11 08:36:21Z INFO ActionCommandManager] Register action command extension for command internal-set-repo-path
[2026-06-11 08:36:21Z INFO ActionCommandManager] Register action command extension for command set-env
[2026-06-11 08:36:21Z INFO ActionCommandManager] Register action command extension for command set-output
[2026-06-11 08:36:21Z INFO ActionCommandManager] Register action command extension for command save-state
[2026-06-11 08:36:21Z INFO ActionCommandManager] Register action command extension for command add-path
[2026-06-11 08:36:21Z INFO ActionCommandManager] Register action command extension for command add-mask
[2026-06-11 08:36:21Z INFO ActionCommandManager] Register action command extension for command add-matcher
[2026-06-11 08:36:21Z INFO ActionCommandManager] Register action command extension for command remove-matcher
[2026-06-11 08:36:21Z INFO ActionCommandManager] Register action command extension for command warning
[2026-06-11 08:36:21Z INFO ActionCommandManager] Register action command extension for command error
[2026-06-11 08:36:21Z INFO ActionCommandManager] Register action command extension for command notice
[2026-06-11 08:36:21Z INFO ActionCommandManager] Register action command extension for command debug
[2026-06-11 08:36:21Z INFO ActionCommandManager] Register action command extension for command group
[2026-06-11 08:36:21Z INFO ActionCommandManager] Register action command extension for command endgroup
[2026-06-11 08:36:21Z INFO ActionCommandManager] Register action command extension for command echo
[2026-06-11 08:36:21Z INFO ScriptHandler] Which2: 'pwsh'
[2026-06-11 08:36:21Z INFO JobServerQueue] Tried to upload 1 file(s) to results, success rate: 1/1.
[2026-06-11 08:36:21Z INFO ScriptHandler] pwsh: command not found. Make sure 'pwsh' is installed and its location included in the 'Path' environment variable.
[2026-06-11 08:36:21Z INFO ScriptHandler] Defaulting to powershell
[2026-06-11 08:36:21Z INFO ScriptHandler] Which2: 'powershell'
[2026-06-11 08:36:21Z INFO ScriptHandler] Location: 'C:\WINDOWS\System32\WindowsPowerShell\v1.0\powershell.EXE'
[2026-06-11 08:36:21Z INFO HostContext] Well known directory 'Bin': 'C:\Users\highf\Downloads\hfs\actions-runner\actions-runner\bin'
[2026-06-11 08:36:21Z INFO HostContext] Well known directory 'Root': 'C:\Users\highf\Downloads\hfs\actions-runner\actions-runner'
[2026-06-11 08:36:21Z INFO HostContext] Well known directory 'Work': 'C:\Users\highf\Downloads\hfs\actions-runner\actions-runner\_work'
[2026-06-11 08:36:21Z INFO HostContext] Well known directory 'Temp': 'C:\Users\highf\Downloads\hfs\actions-runner\actions-runner\_work\_temp'
[2026-06-11 08:36:21Z INFO ScriptHandler] Which2: 'pwsh'
[2026-06-11 08:36:21Z INFO ScriptHandler] pwsh: command not found. Make sure 'pwsh' is installed and its location included in the 'Path' environment variable.
[2026-06-11 08:36:21Z INFO ScriptHandler] Defaulting to powershell
[2026-06-11 08:36:21Z INFO ScriptHandler] Which2: 'powershell'
[2026-06-11 08:36:21Z INFO ScriptHandler] Location: 'C:\WINDOWS\System32\WindowsPowerShell\v1.0\powershell.EXE'
[2026-06-11 08:36:21Z INFO ProcessInvokerWrapper] Starting process:
[2026-06-11 08:36:21Z INFO ProcessInvokerWrapper]   File name: 'C:\WINDOWS\System32\WindowsPowerShell\v1.0\powershell.EXE'
[2026-06-11 08:36:21Z INFO ProcessInvokerWrapper]   Arguments: '-command ". 'C:\Users\highf\Downloads\hfs\actions-runner\actions-runner\_work\_temp\1554a856-9048-460c-9abd-4a38fa19df79.ps1'"'
[2026-06-11 08:36:21Z INFO ProcessInvokerWrapper]   Working directory: 'C:\Users\highf\Downloads\hfs\actions-runner\actions-runner\_work\hfs-uber-sync\hfs-uber-sync'
[2026-06-11 08:36:21Z INFO ProcessInvokerWrapper]   Require exit code zero: 'False'
[2026-06-11 08:36:21Z INFO ProcessInvokerWrapper]   Encoding web name:  ; code page: ''
[2026-06-11 08:36:21Z INFO ProcessInvokerWrapper]   Force kill process on cancellation: 'False'
[2026-06-11 08:36:21Z INFO ProcessInvokerWrapper]   Redirected STDIN: 'False'
[2026-06-11 08:36:21Z INFO ProcessInvokerWrapper]   Persist current code page: 'True'
[2026-06-11 08:36:21Z INFO ProcessInvokerWrapper]   Keep redirected STDIN open: 'False'
[2026-06-11 08:36:21Z INFO ProcessInvokerWrapper]   High priority process: 'False'
[2026-06-11 08:36:21Z INFO ProcessInvokerWrapper] Process started with process id 7676, waiting for process exit.
[2026-06-11 08:36:21Z INFO JobServerQueue] Try to append 1 batches web console lines for record 'c7e778dd-17b0-4f07-a05f-526baf760e4a', success rate: 1/1.
[2026-06-11 08:36:21Z INFO JobServerQueue] Try to append 1 batches web console lines for record '805d24b6-dae3-4264-85d4-6ce31f85da62', success rate: 1/1.
[2026-06-11 08:36:21Z INFO JobServerQueue] Try to upload 1 log files or attachments, success rate: 1/1.
[2026-06-11 08:36:22Z INFO JobServerQueue] Got a step log file to send to results service.
[2026-06-11 08:36:22Z INFO JobServerQueue] Starting upload of step log file to results service ResultsLog, C:\Users\highf\Downloads\hfs\actions-runner\actions-runner\_diag\blocks\c2e1e3e2-dfd3-418f-b8d7-c9514da9b00d_c7e778dd-17b0-4f07-a05f-526baf760e4a.1
[2026-06-11 08:36:22Z INFO JobServerQueue] Try to append 1 batches web console lines for record '805d24b6-dae3-4264-85d4-6ce31f85da62', success rate: 1/1.
[2026-06-11 08:36:22Z INFO ProcessInvokerWrapper] STDOUT/STDERR stream read finished.
[2026-06-11 08:36:22Z INFO ProcessInvokerWrapper] STDOUT/STDERR stream read finished.
[2026-06-11 08:36:22Z INFO ProcessInvokerWrapper] Finished process 7676 with exit code 0, and elapsed time 00:00:01.6880070.
[2026-06-11 08:36:22Z INFO CreateStepSummaryCommand] Step Summary file (C:\Users\highf\Downloads\hfs\actions-runner\actions-runner\_work\_temp\_runner_file_commands\step_summary_b89ddf23-3bd3-4a96-a34a-ddb941d7d4dc) is empty; skipping attachment upload
[2026-06-11 08:36:22Z INFO StepsRunner] Step result: 
[2026-06-11 08:36:22Z INFO ExecutionContext] Publish step telemetry for current step {
  "action": "powershell",
  "type": "run",
  "stage": "Main",
  "stepId": "805d24b6-dae3-4264-85d4-6ce31f85da62",
  "stepContextName": "__run",
  "result": "succeeded",
  "errorMessages": [],
  "executionTimeInSeconds": 2,
  "startTime": "2026-06-11T08:36:20.9974966Z",
  "finishTime": "2026-06-11T08:36:22.7203708Z"
}.
[2026-06-11 08:36:22Z INFO StepsRunner] No need for updating job result with current step result 'Succeeded'.
[2026-06-11 08:36:22Z INFO StepsRunner] Current state: job state = ''
[2026-06-11 08:36:22Z INFO StepsRunner] Processing step: DisplayName='Run sync'
[2026-06-11 08:36:22Z INFO StepsRunner] Evaluating: success()
[2026-06-11 08:36:22Z INFO StepsRunner] Result: true
[2026-06-11 08:36:22Z INFO StepsRunner] Starting the step.
[2026-06-11 08:36:22Z INFO HostContext] Well known directory 'Bin': 'C:\Users\highf\Downloads\hfs\actions-runner\actions-runner\bin'
[2026-06-11 08:36:22Z INFO HostContext] Well known directory 'Root': 'C:\Users\highf\Downloads\hfs\actions-runner\actions-runner'
[2026-06-11 08:36:22Z INFO HostContext] Well known directory 'Work': 'C:\Users\highf\Downloads\hfs\actions-runner\actions-runner\_work'
[2026-06-11 08:36:22Z INFO StepsRunner] Which2: 'chcp'
[2026-06-11 08:36:22Z INFO StepsRunner] Location: 'C:\WINDOWS\system32\chcp.COM'
[2026-06-11 08:36:22Z INFO ProcessInvokerWrapper] Starting process:
[2026-06-11 08:36:22Z INFO ProcessInvokerWrapper]   File name: 'C:\WINDOWS\system32\chcp.COM'
[2026-06-11 08:36:22Z INFO ProcessInvokerWrapper]   Arguments: '65001'
[2026-06-11 08:36:22Z INFO ProcessInvokerWrapper]   Working directory: 'C:\Users\highf\Downloads\hfs\actions-runner\actions-runner\_work'
[2026-06-11 08:36:22Z INFO ProcessInvokerWrapper]   Require exit code zero: 'False'
[2026-06-11 08:36:22Z INFO ProcessInvokerWrapper]   Encoding web name:  ; code page: ''
[2026-06-11 08:36:22Z INFO ProcessInvokerWrapper]   Force kill process on cancellation: 'False'
[2026-06-11 08:36:22Z INFO ProcessInvokerWrapper]   Redirected STDIN: 'False'
[2026-06-11 08:36:22Z INFO ProcessInvokerWrapper]   Persist current code page: 'True'
[2026-06-11 08:36:22Z INFO ProcessInvokerWrapper]   Keep redirected STDIN open: 'False'
[2026-06-11 08:36:22Z INFO ProcessInvokerWrapper]   High priority process: 'False'
[2026-06-11 08:36:22Z INFO ProcessInvokerWrapper] Process started with process id 15340, waiting for process exit.
[2026-06-11 08:36:22Z INFO ProcessInvokerWrapper] STDOUT/STDERR stream read finished.
[2026-06-11 08:36:22Z INFO ProcessInvokerWrapper] STDOUT/STDERR stream read finished.
[2026-06-11 08:36:22Z INFO ProcessInvokerWrapper] Finished process 15340 with exit code 0, and elapsed time 00:00:00.0089644.
[2026-06-11 08:36:22Z INFO StepsRunner] Successfully returned to code page 65001 (UTF8)
[2026-06-11 08:36:22Z INFO HostContext] Well known directory 'Bin': 'C:\Users\highf\Downloads\hfs\actions-runner\actions-runner\bin'
[2026-06-11 08:36:22Z INFO HostContext] Well known directory 'Root': 'C:\Users\highf\Downloads\hfs\actions-runner\actions-runner'
[2026-06-11 08:36:22Z INFO HostContext] Well known directory 'Work': 'C:\Users\highf\Downloads\hfs\actions-runner\actions-runner\_work'
[2026-06-11 08:36:22Z INFO HostContext] Well known directory 'Temp': 'C:\Users\highf\Downloads\hfs\actions-runner\actions-runner\_work\_temp'
[2026-06-11 08:36:22Z INFO ExecutionContext] Write event payload to C:\Users\highf\Downloads\hfs\actions-runner\actions-runner\_work\_temp\_github_workflow\event.json
[2026-06-11 08:36:22Z INFO HostContext] Well known directory 'Bin': 'C:\Users\highf\Downloads\hfs\actions-runner\actions-runner\bin'
[2026-06-11 08:36:22Z INFO HostContext] Well known directory 'Root': 'C:\Users\highf\Downloads\hfs\actions-runner\actions-runner'
[2026-06-11 08:36:22Z INFO HostContext] Well known directory 'Work': 'C:\Users\highf\Downloads\hfs\actions-runner\actions-runner\_work'
[2026-06-11 08:36:22Z INFO HostContext] Well known directory 'Temp': 'C:\Users\highf\Downloads\hfs\actions-runner\actions-runner\_work\_temp'
[2026-06-11 08:36:22Z INFO ExtensionManager] Getting extensions for interface: 'GitHub.Runner.Worker.IFileCommandExtension'
[2026-06-11 08:36:22Z INFO ExtensionManager] Getting extensions for interface: 'GitHub.Runner.Worker.IActionCommandExtension'
[2026-06-11 08:36:22Z INFO ActionCommandManager] Register action command extension for command internal-set-repo-path
[2026-06-11 08:36:22Z INFO ActionCommandManager] Register action command extension for command set-env
[2026-06-11 08:36:22Z INFO ActionCommandManager] Register action command extension for command set-output
[2026-06-11 08:36:22Z INFO ActionCommandManager] Register action command extension for command save-state
[2026-06-11 08:36:22Z INFO ActionCommandManager] Register action command extension for command add-path
[2026-06-11 08:36:22Z INFO ActionCommandManager] Register action command extension for command add-mask
[2026-06-11 08:36:22Z INFO ActionCommandManager] Register action command extension for command add-matcher
[2026-06-11 08:36:22Z INFO ActionCommandManager] Register action command extension for command remove-matcher
[2026-06-11 08:36:22Z INFO ActionCommandManager] Register action command extension for command warning
[2026-06-11 08:36:22Z INFO ActionCommandManager] Register action command extension for command error
[2026-06-11 08:36:22Z INFO ActionCommandManager] Register action command extension for command notice
[2026-06-11 08:36:22Z INFO ActionCommandManager] Register action command extension for command debug
[2026-06-11 08:36:22Z INFO ActionCommandManager] Register action command extension for command group
[2026-06-11 08:36:22Z INFO ActionCommandManager] Register action command extension for command endgroup
[2026-06-11 08:36:22Z INFO ActionCommandManager] Register action command extension for command echo
[2026-06-11 08:36:22Z INFO ScriptHandler] Which2: 'pwsh'
[2026-06-11 08:36:22Z INFO JobServerQueue] Tried to upload 1 file(s) to results, success rate: 1/1.
[2026-06-11 08:36:22Z INFO ScriptHandler] pwsh: command not found. Make sure 'pwsh' is installed and its location included in the 'Path' environment variable.
[2026-06-11 08:36:22Z INFO ScriptHandler] Defaulting to powershell
[2026-06-11 08:36:22Z INFO ScriptHandler] Which2: 'powershell'
[2026-06-11 08:36:22Z INFO ScriptHandler] Location: 'C:\WINDOWS\System32\WindowsPowerShell\v1.0\powershell.EXE'
[2026-06-11 08:36:22Z INFO HostContext] Well known directory 'Bin': 'C:\Users\highf\Downloads\hfs\actions-runner\actions-runner\bin'
[2026-06-11 08:36:22Z INFO HostContext] Well known directory 'Root': 'C:\Users\highf\Downloads\hfs\actions-runner\actions-runner'
[2026-06-11 08:36:22Z INFO HostContext] Well known directory 'Work': 'C:\Users\highf\Downloads\hfs\actions-runner\actions-runner\_work'
[2026-06-11 08:36:22Z INFO HostContext] Well known directory 'Temp': 'C:\Users\highf\Downloads\hfs\actions-runner\actions-runner\_work\_temp'
[2026-06-11 08:36:22Z INFO ScriptHandler] Which2: 'pwsh'
[2026-06-11 08:36:22Z INFO ScriptHandler] pwsh: command not found. Make sure 'pwsh' is installed and its location included in the 'Path' environment variable.
[2026-06-11 08:36:22Z INFO ScriptHandler] Defaulting to powershell
[2026-06-11 08:36:22Z INFO ScriptHandler] Which2: 'powershell'
[2026-06-11 08:36:22Z INFO ScriptHandler] Location: 'C:\WINDOWS\System32\WindowsPowerShell\v1.0\powershell.EXE'
[2026-06-11 08:36:22Z INFO ProcessInvokerWrapper] Starting process:
[2026-06-11 08:36:22Z INFO ProcessInvokerWrapper]   File name: 'C:\WINDOWS\System32\WindowsPowerShell\v1.0\powershell.EXE'
[2026-06-11 08:36:22Z INFO ProcessInvokerWrapper]   Arguments: '-command ". 'C:\Users\highf\Downloads\hfs\actions-runner\actions-runner\_work\_temp\7bff29b1-524e-482e-93b6-b3c4308257bf.ps1'"'
[2026-06-11 08:36:22Z INFO ProcessInvokerWrapper]   Working directory: 'C:\Users\highf\Downloads\hfs\actions-runner\actions-runner\_work\hfs-uber-sync\hfs-uber-sync'
[2026-06-11 08:36:22Z INFO ProcessInvokerWrapper]   Require exit code zero: 'False'
[2026-06-11 08:36:22Z INFO ProcessInvokerWrapper]   Encoding web name:  ; code page: ''
[2026-06-11 08:36:22Z INFO ProcessInvokerWrapper]   Force kill process on cancellation: 'False'
[2026-06-11 08:36:22Z INFO ProcessInvokerWrapper]   Redirected STDIN: 'False'
[2026-06-11 08:36:22Z INFO ProcessInvokerWrapper]   Persist current code page: 'True'
[2026-06-11 08:36:22Z INFO ProcessInvokerWrapper]   Keep redirected STDIN open: 'False'
[2026-06-11 08:36:22Z INFO ProcessInvokerWrapper]   High priority process: 'False'
[2026-06-11 08:36:22Z INFO ProcessInvokerWrapper] Process started with process id 19568, waiting for process exit.
[2026-06-11 08:36:22Z INFO JobServerQueue] Try to upload 1 log files or attachments, success rate: 1/1.
[2026-06-11 08:36:22Z INFO JobServerQueue] Try to append 1 batches web console lines for record '93abd2e4-d2ca-4768-9f98-0d32dbd1d05f', success rate: 1/1.
[2026-06-11 08:36:23Z INFO JobServerQueue] Got a step log file to send to results service.
[2026-06-11 08:36:23Z INFO JobServerQueue] Starting upload of step log file to results service ResultsLog, C:\Users\highf\Downloads\hfs\actions-runner\actions-runner\_diag\blocks\c2e1e3e2-dfd3-418f-b8d7-c9514da9b00d_805d24b6-dae3-4264-85d4-6ce31f85da62.1
[2026-06-11 08:36:24Z INFO JobServerQueue] Tried to upload 1 file(s) to results, success rate: 1/1.
[2026-06-11 08:36:24Z INFO HostContext] Well known directory 'Bin': 'C:\Users\highf\Downloads\hfs\actions-runner\actions-runner\bin'
[2026-06-11 08:36:24Z INFO HostContext] Well known directory 'Root': 'C:\Users\highf\Downloads\hfs\actions-runner\actions-runner'
[2026-06-11 08:36:24Z INFO HostContext] Well known directory 'Work': 'C:\Users\highf\Downloads\hfs\actions-runner\actions-runner\_work'
[2026-06-11 08:36:26Z INFO JobServerQueue] Try to append 1 batches web console lines for record '93abd2e4-d2ca-4768-9f98-0d32dbd1d05f', success rate: 1/1.
[2026-06-11 08:36:26Z INFO ProcessInvokerWrapper] STDOUT/STDERR stream read finished.
[2026-06-11 08:36:26Z INFO ProcessInvokerWrapper] STDOUT/STDERR stream read finished.
[2026-06-11 08:36:26Z INFO ProcessInvokerWrapper] Finished process 19568 with exit code 1, and elapsed time 00:00:03.3036929.
[2026-06-11 08:36:26Z INFO CreateStepSummaryCommand] Step Summary file (C:\Users\highf\Downloads\hfs\actions-runner\actions-runner\_work\_temp\_runner_file_commands\step_summary_32ce5a84-d642-45c6-9440-9b5502277755) is empty; skipping attachment upload
[2026-06-11 08:36:26Z INFO StepsRunner] Step result: Failed
[2026-06-11 08:36:26Z INFO ExecutionContext] Publish step telemetry for current step {
  "action": "powershell",
  "type": "run",
  "stage": "Main",
  "stepId": "93abd2e4-d2ca-4768-9f98-0d32dbd1d05f",
  "stepContextName": "__run_2",
  "result": "failed",
  "errorMessages": [
    "Process completed with exit code 1."
  ],
  "executionTimeInSeconds": 4,
  "startTime": "2026-06-11T08:36:22.7211509Z",
  "finishTime": "2026-06-11T08:36:26.0510861Z"
}.
[2026-06-11 08:36:26Z INFO StepsRunner] Update job result with current step result 'Failed'.
[2026-06-11 08:36:26Z INFO StepsRunner] Current state: job state = 'Failed'
[2026-06-11 08:36:26Z INFO StepsRunner] Processing step: DisplayName='Post Setup Node'
[2026-06-11 08:36:26Z INFO StepsRunner] Evaluating: success()
[2026-06-11 08:36:26Z INFO StepsRunner] Result: false
[2026-06-11 08:36:26Z INFO StepsRunner] Skipping step due to condition evaluation.
[2026-06-11 08:36:26Z INFO StepsRunner] No need for updating job result with current step result 'Skipped'.
[2026-06-11 08:36:26Z INFO StepsRunner] Current state: job state = 'Failed'
[2026-06-11 08:36:26Z INFO StepsRunner] Processing step: DisplayName='Post Checkout'
[2026-06-11 08:36:26Z INFO StepsRunner] Evaluating: always()
[2026-06-11 08:36:26Z INFO StepsRunner] Result: true
[2026-06-11 08:36:26Z INFO StepsRunner] Starting the step.
[2026-06-11 08:36:26Z INFO HostContext] Well known directory 'Bin': 'C:\Users\highf\Downloads\hfs\actions-runner\actions-runner\bin'
[2026-06-11 08:36:26Z INFO HostContext] Well known directory 'Root': 'C:\Users\highf\Downloads\hfs\actions-runner\actions-runner'
[2026-06-11 08:36:26Z INFO HostContext] Well known directory 'Work': 'C:\Users\highf\Downloads\hfs\actions-runner\actions-runner\_work'
[2026-06-11 08:36:26Z INFO StepsRunner] Which2: 'chcp'
[2026-06-11 08:36:26Z INFO StepsRunner] Location: 'C:\WINDOWS\system32\chcp.COM'
[2026-06-11 08:36:26Z INFO ProcessInvokerWrapper] Starting process:
[2026-06-11 08:36:26Z INFO ProcessInvokerWrapper]   File name: 'C:\WINDOWS\system32\chcp.COM'
[2026-06-11 08:36:26Z INFO ProcessInvokerWrapper]   Arguments: '65001'
[2026-06-11 08:36:26Z INFO ProcessInvokerWrapper]   Working directory: 'C:\Users\highf\Downloads\hfs\actions-runner\actions-runner\_work'
[2026-06-11 08:36:26Z INFO ProcessInvokerWrapper]   Require exit code zero: 'False'
[2026-06-11 08:36:26Z INFO ProcessInvokerWrapper]   Encoding web name:  ; code page: ''
[2026-06-11 08:36:26Z INFO ProcessInvokerWrapper]   Force kill process on cancellation: 'False'
[2026-06-11 08:36:26Z INFO ProcessInvokerWrapper]   Redirected STDIN: 'False'
[2026-06-11 08:36:26Z INFO ProcessInvokerWrapper]   Persist current code page: 'True'
[2026-06-11 08:36:26Z INFO ProcessInvokerWrapper]   Keep redirected STDIN open: 'False'
[2026-06-11 08:36:26Z INFO ProcessInvokerWrapper]   High priority process: 'False'
[2026-06-11 08:36:26Z INFO ProcessInvokerWrapper] Process started with process id 21020, waiting for process exit.
[2026-06-11 08:36:26Z INFO ProcessInvokerWrapper] STDOUT/STDERR stream read finished.
[2026-06-11 08:36:26Z INFO ProcessInvokerWrapper] STDOUT/STDERR stream read finished.
[2026-06-11 08:36:26Z INFO ProcessInvokerWrapper] Finished process 21020 with exit code 0, and elapsed time 00:00:00.0085667.
[2026-06-11 08:36:26Z INFO StepsRunner] Successfully returned to code page 65001 (UTF8)
[2026-06-11 08:36:26Z INFO HostContext] Well known directory 'Bin': 'C:\Users\highf\Downloads\hfs\actions-runner\actions-runner\bin'
[2026-06-11 08:36:26Z INFO HostContext] Well known directory 'Root': 'C:\Users\highf\Downloads\hfs\actions-runner\actions-runner'
[2026-06-11 08:36:26Z INFO HostContext] Well known directory 'Work': 'C:\Users\highf\Downloads\hfs\actions-runner\actions-runner\_work'
[2026-06-11 08:36:26Z INFO HostContext] Well known directory 'Actions': 'C:\Users\highf\Downloads\hfs\actions-runner\actions-runner\_work\_actions'
[2026-06-11 08:36:26Z INFO ActionManager] Load action that reference repository from 'C:\Users\highf\Downloads\hfs\actions-runner\actions-runner\_work\_actions\actions\checkout\v4'
[2026-06-11 08:36:26Z INFO HostContext] Well known directory 'Bin': 'C:\Users\highf\Downloads\hfs\actions-runner\actions-runner\bin'
[2026-06-11 08:36:26Z INFO HostContext] Well known directory 'Root': 'C:\Users\highf\Downloads\hfs\actions-runner\actions-runner'
[2026-06-11 08:36:26Z INFO HostContext] Well known directory 'Work': 'C:\Users\highf\Downloads\hfs\actions-runner\actions-runner\_work'
[2026-06-11 08:36:26Z INFO HostContext] Well known directory 'Actions': 'C:\Users\highf\Downloads\hfs\actions-runner\actions-runner\_work\_actions'
[2026-06-11 08:36:26Z INFO ActionManifestManagerLegacy] Loaded action.yml file: {
  "name": "Checkout",
  "description": "Checkout a Git repository at a particular version",
  "inputs": {
    "type": 2,
    "map": [
      {
        "key": {
          "type": 0,
          "file": 2,
          "line": 4,
          "col": 3,
          "lit": "repository"
        },
        "value": {
          "type": 3,
          "file": 2,
          "line": 6,
          "col": 14,
          "expr": "github.repository"
        }
      },
      {
        "key": {
          "type": 0,
          "file": 2,
          "line": 7,
          "col": 3,
          "lit": "ref"
        },
        "value": ""
      },
      {
        "key": {
          "type": 0,
          "file": 2,
          "line": 12,
          "col": 3,
          "lit": "token"
        },
        "value": {
          "type": 3,
          "file": 2,
          "line": 24,
          "col": 14,
          "expr": "github.token"
        }
      },
      {
        "key": {
          "type": 0,
          "file": 2,
          "line": 25,
          "col": 3,
          "lit": "ssh-key"
        },
        "value": ""
      },
      {
        "key": {
          "type": 0,
          "file": 2,
          "line": 37,
          "col": 3,
          "lit": "ssh-known-hosts"
        },
        "value": ""
      },
      {
        "key": {
          "type": 0,
          "file": 2,
          "line": 42,
          "col": 3,
          "lit": "ssh-strict"
        },
        "value": {
          "type": 0,
          "file": 2,
          "line": 47,
          "col": 14,
          "lit": "true"
        }
      },
      {
        "key": {
          "type": 0,
          "file": 2,
          "line": 48,
          "col": 3,
          "lit": "ssh-user"
        },
        "value": {
          "type": 0,
          "file": 2,
          "line": 51,
          "col": 14,
          "lit": "git"
        }
      },
      {
        "key": {
          "type": 0,
          "file": 2,
          "line": 52,
          "col": 3,
          "lit": "persist-credentials"
        },
        "value": {
          "type": 0,
          "file": 2,
          "line": 54,
          "col": 14,
          "lit": "true"
        }
      },
      {
        "key": {
          "type": 0,
          "file": 2,
          "line": 55,
          "col": 3,
          "lit": "path"
        },
        "value": ""
      },
      {
        "key": {
          "type": 0,
          "file": 2,
          "line": 57,
          "col": 3,
          "lit": "clean"
        },
        "value": {
          "type": 0,
          "file": 2,
          "line": 59,
          "col": 14,
          "lit": "true"
        }
      },
      {
        "key": {
          "type": 0,
          "file": 2,
          "line": 60,
          "col": 3,
          "lit": "filter"
        },
        "value": {
          "type": 0,
          "file": 2,
          "line": 64,
          "col": 14,
          "lit": ""
        }
      },
      {
        "key": {
          "type": 0,
          "file": 2,
          "line": 65,
          "col": 3,
          "lit": "sparse-checkout"
        },
        "value": {
          "type": 0,
          "file": 2,
          "line": 69,
          "col": 14,
          "lit": ""
        }
      },
      {
        "key": {
          "type": 0,
          "file": 2,
          "line": 70,
          "col": 3,
          "lit": "sparse-checkout-cone-mode"
        },
        "value": {
          "type": 0,
          "file": 2,
          "line": 73,
          "col": 14,
          "lit": "true"
        }
      },
      {
        "key": {
          "type": 0,
          "file": 2,
          "line": 74,
          "col": 3,
          "lit": "fetch-depth"
        },
        "value": {
          "type": 0,
          "file": 2,
          "line": 76,
          "col": 14,
          "lit": "1"
        }
      },
      {
        "key": {
          "type": 0,
          "file": 2,
          "line": 77,
          "col": 3,
          "lit": "fetch-tags"
        },
        "value": {
          "type": 0,
          "file": 2,
          "line": 79,
          "col": 14,
          "lit": "false"
        }
      },
      {
        "key": {
          "type": 0,
          "file": 2,
          "line": 80,
          "col": 3,
          "lit": "show-progress"
        },
        "value": {
          "type": 0,
          "file": 2,
          "line": 82,
          "col": 14,
          "lit": "true"
        }
      },
      {
        "key": {
          "type": 0,
          "file": 2,
          "line": 83,
          "col": 3,
          "lit": "lfs"
        },
        "value": {
          "type": 0,
          "file": 2,
          "line": 85,
          "col": 14,
          "lit": "false"
        }
      },
      {
        "key": {
          "type": 0,
          "file": 2,
          "line": 86,
          "col": 3,
          "lit": "submodules"
        },
        "value": {
          "type": 0,
          "file": 2,
          "line": 94,
          "col": 14,
          "lit": "false"
        }
      },
      {
        "key": {
          "type": 0,
          "file": 2,
          "line": 95,
          "col": 3,
          "lit": "set-safe-directory"
        },
        "value": {
          "type": 0,
          "file": 2,
          "line": 97,
          "col": 14,
          "lit": "true"
        }
      },
      {
        "key": {
          "type": 0,
          "file": 2,
          "line": 98,
          "col": 3,
          "lit": "github-server-url"
        },
        "value": ""
      }
    ]
  },
  "execution": {
    "executionType": "nodeJS",
    "hasPre": false,
    "hasPost": true,
    "script": "dist/index.js",
    "pre": null,
    "post": "dist/index.js",
    "nodeVersion": "node20",
    "cleanupCondition": "always()",
    "initCondition": "always()"
  },
  "deprecated": null
}
[2026-06-11 08:36:26Z INFO ActionManager] Action pre node.js file: N/A.
[2026-06-11 08:36:26Z INFO ActionManager] Action node.js file: dist/index.js.
[2026-06-11 08:36:26Z INFO ActionManager] Action post node.js file: dist/index.js.
[2026-06-11 08:36:26Z INFO HostContext] Well known directory 'Bin': 'C:\Users\highf\Downloads\hfs\actions-runner\actions-runner\bin'
[2026-06-11 08:36:26Z INFO HostContext] Well known directory 'Root': 'C:\Users\highf\Downloads\hfs\actions-runner\actions-runner'
[2026-06-11 08:36:26Z INFO HostContext] Well known directory 'Work': 'C:\Users\highf\Downloads\hfs\actions-runner\actions-runner\_work'
[2026-06-11 08:36:26Z INFO HostContext] Well known directory 'Temp': 'C:\Users\highf\Downloads\hfs\actions-runner\actions-runner\_work\_temp'
[2026-06-11 08:36:26Z INFO ExecutionContext] Write event payload to C:\Users\highf\Downloads\hfs\actions-runner\actions-runner\_work\_temp\_github_workflow\event.json
[2026-06-11 08:36:26Z INFO HostContext] Well known directory 'Bin': 'C:\Users\highf\Downloads\hfs\actions-runner\actions-runner\bin'
[2026-06-11 08:36:26Z INFO HostContext] Well known directory 'Root': 'C:\Users\highf\Downloads\hfs\actions-runner\actions-runner'
[2026-06-11 08:36:26Z INFO HostContext] Well known directory 'Work': 'C:\Users\highf\Downloads\hfs\actions-runner\actions-runner\_work'
[2026-06-11 08:36:26Z INFO HostContext] Well known directory 'Temp': 'C:\Users\highf\Downloads\hfs\actions-runner\actions-runner\_work\_temp'
[2026-06-11 08:36:26Z INFO ExtensionManager] Getting extensions for interface: 'GitHub.Runner.Worker.IFileCommandExtension'
[2026-06-11 08:36:26Z INFO ActionManifestManagerLegacy] Input 'repository': default value evaluate result: {
  "type": 0,
  "file": 2,
  "line": 6,
  "col": 14,
  "lit": "sitaramm25/hfs-uber-sync"
}
[2026-06-11 08:36:26Z INFO ActionManifestManagerLegacy] Input 'ref': default value evaluate result: ""
[2026-06-11 08:36:26Z INFO ActionManifestManagerLegacy] Input 'token': default value evaluate result: {
  "type": 0,
  "file": 2,
  "line": 24,
  "col": 14,
  "lit": "***"
}
[2026-06-11 08:36:26Z INFO ActionManifestManagerLegacy] Input 'ssh-key': default value evaluate result: ""
[2026-06-11 08:36:26Z INFO ActionManifestManagerLegacy] Input 'ssh-known-hosts': default value evaluate result: ""
[2026-06-11 08:36:26Z INFO ActionManifestManagerLegacy] Input 'ssh-strict': default value evaluate result: {
  "type": 0,
  "file": 2,
  "line": 47,
  "col": 14,
  "lit": "true"
}
[2026-06-11 08:36:26Z INFO ActionManifestManagerLegacy] Input 'ssh-user': default value evaluate result: {
  "type": 0,
  "file": 2,
  "line": 51,
  "col": 14,
  "lit": "git"
}
[2026-06-11 08:36:26Z INFO ActionManifestManagerLegacy] Input 'persist-credentials': default value evaluate result: {
  "type": 0,
  "file": 2,
  "line": 54,
  "col": 14,
  "lit": "true"
}
[2026-06-11 08:36:26Z INFO ActionManifestManagerLegacy] Input 'path': default value evaluate result: ""
[2026-06-11 08:36:26Z INFO ActionManifestManagerLegacy] Input 'clean': default value evaluate result: {
  "type": 0,
  "file": 2,
  "line": 59,
  "col": 14,
  "lit": "true"
}
[2026-06-11 08:36:26Z INFO ActionManifestManagerLegacy] Input 'filter': default value evaluate result: {
  "type": 0,
  "file": 2,
  "line": 64,
  "col": 14,
  "lit": ""
}
[2026-06-11 08:36:26Z INFO ActionManifestManagerLegacy] Input 'sparse-checkout': default value evaluate result: {
  "type": 0,
  "file": 2,
  "line": 69,
  "col": 14,
  "lit": ""
}
[2026-06-11 08:36:26Z INFO ActionManifestManagerLegacy] Input 'sparse-checkout-cone-mode': default value evaluate result: {
  "type": 0,
  "file": 2,
  "line": 73,
  "col": 14,
  "lit": "true"
}
[2026-06-11 08:36:26Z INFO ActionManifestManagerLegacy] Input 'fetch-depth': default value evaluate result: {
  "type": 0,
  "file": 2,
  "line": 76,
  "col": 14,
  "lit": "1"
}
[2026-06-11 08:36:26Z INFO ActionManifestManagerLegacy] Input 'fetch-tags': default value evaluate result: {
  "type": 0,
  "file": 2,
  "line": 79,
  "col": 14,
  "lit": "false"
}
[2026-06-11 08:36:26Z INFO ActionManifestManagerLegacy] Input 'show-progress': default value evaluate result: {
  "type": 0,
  "file": 2,
  "line": 82,
  "col": 14,
  "lit": "true"
}
[2026-06-11 08:36:26Z INFO ActionManifestManagerLegacy] Input 'lfs': default value evaluate result: {
  "type": 0,
  "file": 2,
  "line": 85,
  "col": 14,
  "lit": "false"
}
[2026-06-11 08:36:26Z INFO ActionManifestManagerLegacy] Input 'submodules': default value evaluate result: {
  "type": 0,
  "file": 2,
  "line": 94,
  "col": 14,
  "lit": "false"
}
[2026-06-11 08:36:26Z INFO ActionManifestManagerLegacy] Input 'set-safe-directory': default value evaluate result: {
  "type": 0,
  "file": 2,
  "line": 97,
  "col": 14,
  "lit": "true"
}
[2026-06-11 08:36:26Z INFO ActionManifestManagerLegacy] Input 'github-server-url': default value evaluate result: ""
[2026-06-11 08:36:26Z INFO ExtensionManager] Getting extensions for interface: 'GitHub.Runner.Worker.IActionCommandExtension'
[2026-06-11 08:36:26Z INFO ActionCommandManager] Register action command extension for command internal-set-repo-path
[2026-06-11 08:36:26Z INFO ActionCommandManager] Register action command extension for command set-env
[2026-06-11 08:36:26Z INFO ActionCommandManager] Register action command extension for command set-output
[2026-06-11 08:36:26Z INFO ActionCommandManager] Register action command extension for command save-state
[2026-06-11 08:36:26Z INFO ActionCommandManager] Register action command extension for command add-path
[2026-06-11 08:36:26Z INFO ActionCommandManager] Register action command extension for command add-mask
[2026-06-11 08:36:26Z INFO ActionCommandManager] Register action command extension for command add-matcher
[2026-06-11 08:36:26Z INFO ActionCommandManager] Register action command extension for command remove-matcher
[2026-06-11 08:36:26Z INFO ActionCommandManager] Register action command extension for command warning
[2026-06-11 08:36:26Z INFO ActionCommandManager] Register action command extension for command error
[2026-06-11 08:36:26Z INFO ActionCommandManager] Register action command extension for command notice
[2026-06-11 08:36:26Z INFO ActionCommandManager] Register action command extension for command debug
[2026-06-11 08:36:26Z INFO ActionCommandManager] Register action command extension for command group
[2026-06-11 08:36:26Z INFO ActionCommandManager] Register action command extension for command endgroup
[2026-06-11 08:36:26Z INFO ActionCommandManager] Register action command extension for command echo
[2026-06-11 08:36:26Z INFO HostContext] Well known directory 'Bin': 'C:\Users\highf\Downloads\hfs\actions-runner\actions-runner\bin'
[2026-06-11 08:36:26Z INFO HostContext] Well known directory 'Root': 'C:\Users\highf\Downloads\hfs\actions-runner\actions-runner'
[2026-06-11 08:36:26Z INFO HostContext] Well known directory 'Externals': 'C:\Users\highf\Downloads\hfs\actions-runner\actions-runner\externals'
[2026-06-11 08:36:26Z INFO ProcessInvokerWrapper] Starting process:
[2026-06-11 08:36:26Z INFO ProcessInvokerWrapper]   File name: 'C:\Users\highf\Downloads\hfs\actions-runner\actions-runner\externals\node20\bin\node.exe'
[2026-06-11 08:36:26Z INFO ProcessInvokerWrapper]   Arguments: '"C:\Users\highf\Downloads\hfs\actions-runner\actions-runner\_work\_actions\actions\checkout\v4\dist/index.js"'
[2026-06-11 08:36:26Z INFO ProcessInvokerWrapper]   Working directory: 'C:\Users\highf\Downloads\hfs\actions-runner\actions-runner\_work\hfs-uber-sync\hfs-uber-sync'
[2026-06-11 08:36:26Z INFO ProcessInvokerWrapper]   Require exit code zero: 'False'
[2026-06-11 08:36:26Z INFO ProcessInvokerWrapper]   Encoding web name: utf-8 ; code page: '65001'
[2026-06-11 08:36:26Z INFO ProcessInvokerWrapper]   Force kill process on cancellation: 'False'
[2026-06-11 08:36:26Z INFO ProcessInvokerWrapper]   Redirected STDIN: 'False'
[2026-06-11 08:36:26Z INFO ProcessInvokerWrapper]   Persist current code page: 'True'
[2026-06-11 08:36:26Z INFO ProcessInvokerWrapper]   Keep redirected STDIN open: 'False'
[2026-06-11 08:36:26Z INFO ProcessInvokerWrapper]   High priority process: 'False'
[2026-06-11 08:36:26Z INFO ProcessInvokerWrapper] Process started with process id 7052, waiting for process exit.
[2026-06-11 08:36:26Z INFO AddMaskCommandExtension] Add new secret mask with length of 32
[2026-06-11 08:36:26Z INFO JobServerQueue] Try to append 1 batches web console lines for record '93abd2e4-d2ca-4768-9f98-0d32dbd1d05f', success rate: 1/1.
[2026-06-11 08:36:26Z INFO JobServerQueue] Try to append 1 batches web console lines for record '4c4bf1aa-2ab2-4490-a785-6dfdd293ea72', success rate: 1/1.
[2026-06-11 08:36:26Z INFO JobServerQueue] Got a step log file to send to results service.
[2026-06-11 08:36:26Z INFO JobServerQueue] Starting upload of step log file to results service ResultsLog, C:\Users\highf\Downloads\hfs\actions-runner\actions-runner\_diag\blocks\c2e1e3e2-dfd3-418f-b8d7-c9514da9b00d_93abd2e4-d2ca-4768-9f98-0d32dbd1d05f.1
[2026-06-11 08:36:26Z INFO JobServerQueue] Try to append 1 batches web console lines for record '4c4bf1aa-2ab2-4490-a785-6dfdd293ea72', success rate: 1/1.
[2026-06-11 08:36:26Z INFO JobServerQueue] Try to upload 1 log files or attachments, success rate: 1/1.
[2026-06-11 08:36:27Z INFO ProcessInvokerWrapper] STDOUT/STDERR stream read finished.
[2026-06-11 08:36:27Z INFO ProcessInvokerWrapper] STDOUT/STDERR stream read finished.
[2026-06-11 08:36:27Z INFO ProcessInvokerWrapper] Finished process 7052 with exit code 0, and elapsed time 00:00:00.9436696.
[2026-06-11 08:36:27Z INFO CreateStepSummaryCommand] Step Summary file (C:\Users\highf\Downloads\hfs\actions-runner\actions-runner\_work\_temp\_runner_file_commands\step_summary_c14c1a98-dc94-42b3-9283-32b2d55d6433) is empty; skipping attachment upload
[2026-06-11 08:36:27Z INFO StepsRunner] Step result: 
[2026-06-11 08:36:27Z INFO ExecutionContext] Publish step telemetry for current step {
  "action": "actions/checkout",
  "ref": "v4",
  "type": "node20",
  "stage": "Post",
  "stepId": "4c4bf1aa-2ab2-4490-a785-6dfdd293ea72",
  "result": "succeeded",
  "errorMessages": [
    "The process 'C:\\Program Files\\Git\\cmd\\git.exe' failed with exit code 128"
  ],
  "executionTimeInSeconds": 1,
  "startTime": "2026-06-11T08:36:26.0526523Z",
  "finishTime": "2026-06-11T08:36:27.0186382Z"
}.
[2026-06-11 08:36:27Z INFO StepsRunner] No need for updating job result with current step result 'Succeeded'.
[2026-06-11 08:36:27Z INFO StepsRunner] Current state: job state = 'Failed'
[2026-06-11 08:36:27Z INFO JobRunner] Finalize job.
[2026-06-11 08:36:27Z INFO HostContext] Well known directory 'Bin': 'C:\Users\highf\Downloads\hfs\actions-runner\actions-runner\bin'
[2026-06-11 08:36:27Z INFO HostContext] Well known directory 'Root': 'C:\Users\highf\Downloads\hfs\actions-runner\actions-runner'
[2026-06-11 08:36:27Z INFO HostContext] Well known directory 'Diag': 'C:\Users\highf\Downloads\hfs\actions-runner\actions-runner\_diag'
[2026-06-11 08:36:27Z INFO HostContext] Well known directory 'Bin': 'C:\Users\highf\Downloads\hfs\actions-runner\actions-runner\bin'
[2026-06-11 08:36:27Z INFO HostContext] Well known directory 'Root': 'C:\Users\highf\Downloads\hfs\actions-runner\actions-runner'
[2026-06-11 08:36:27Z INFO HostContext] Well known directory 'Diag': 'C:\Users\highf\Downloads\hfs\actions-runner\actions-runner\_diag'
[2026-06-11 08:36:27Z INFO JobExtension] Initialize Env context
[2026-06-11 08:36:27Z INFO JobExtension] Initialize steps context
[2026-06-11 08:36:27Z INFO JobExtension] Total accessible running process: 304.
[2026-06-11 08:36:27Z INFO JobExtension] Wait for all connectivity checks to finish.
[2026-06-11 08:36:27Z INFO JobExtension] Connectivity check result: GitHub.Runner.Worker.JobExtension+CheckResult
[2026-06-11 08:36:27Z INFO JobExtension] Connectivity check result: GitHub.Runner.Worker.JobExtension+CheckResult
[2026-06-11 08:36:27Z INFO JobExtension] Connectivity check result: GitHub.Runner.Worker.JobExtension+CheckResult
[2026-06-11 08:36:27Z INFO ExecutionContext] Publish step telemetry for current step {
  "action": "complete_job",
  "type": "runner",
  "stage": "Post",
  "stepId": "668940a2-145b-4adf-9626-774c4ad8ea25",
  "result": "succeeded",
  "errorMessages": [
    "Node.js 20 actions are deprecated. The following actions are running on Node.js 20 and may not work as expected: actions/checkout@v4, actions/setup-node@v4. Actions will be forced to run with Node.js 24 by default starting June 16th, 2026. Node.js 20 will "
  ],
  "executionTimeInSeconds": 1,
  "startTime": "2026-06-11T08:36:27.0249971Z",
  "finishTime": "2026-06-11T08:36:27.0371437Z"
}.
[2026-06-11 08:36:27Z INFO JobRunner] Job result after all job steps finish: Failed
[2026-06-11 08:36:27Z INFO JobRunner] Completing the job execution context.
[2026-06-11 08:36:27Z INFO JobRunner] Shutting down the job server queue.
[2026-06-11 08:36:27Z INFO JobServerQueue] Fire signal to shutdown all queues.
[2026-06-11 08:36:27Z INFO JobServerQueue] Tried to upload 1 file(s) to results, success rate: 1/1.
[2026-06-11 08:36:28Z INFO JobServerQueue] All queue process task stopped.
[2026-06-11 08:36:28Z INFO JobServerQueue] Try to append 1 batches web console lines for record '4c4bf1aa-2ab2-4490-a785-6dfdd293ea72', success rate: 1/1.
[2026-06-11 08:36:28Z INFO JobServerQueue] Try to append 1 batches web console lines for record '668940a2-145b-4adf-9626-774c4ad8ea25', success rate: 1/1.
[2026-06-11 08:36:28Z INFO JobServerQueue] Web console line queue drained.
[2026-06-11 08:36:28Z INFO JobServerQueue] Uploading 3 files in one shot.
[2026-06-11 08:36:28Z INFO JobServerQueue] Try to upload 3 log files or attachments, success rate: 3/3.
[2026-06-11 08:36:28Z INFO JobServerQueue] File upload queue drained.
[2026-06-11 08:36:28Z INFO JobServerQueue] Starting results-based upload queue...
[2026-06-11 08:36:28Z INFO JobServerQueue] Uploading 3 file(s) in one shot through results service.
[2026-06-11 08:36:28Z INFO JobServerQueue] Got a step log file to send to results service.
[2026-06-11 08:36:28Z INFO JobServerQueue] Starting upload of step log file to results service ResultsLog, C:\Users\highf\Downloads\hfs\actions-runner\actions-runner\_diag\blocks\c2e1e3e2-dfd3-418f-b8d7-c9514da9b00d_4c4bf1aa-2ab2-4490-a785-6dfdd293ea72.1
[2026-06-11 08:36:29Z INFO JobServerQueue] Got a step log file to send to results service.
[2026-06-11 08:36:29Z INFO JobServerQueue] Starting upload of step log file to results service ResultsLog, C:\Users\highf\Downloads\hfs\actions-runner\actions-runner\_diag\blocks\c2e1e3e2-dfd3-418f-b8d7-c9514da9b00d_668940a2-145b-4adf-9626-774c4ad8ea25.1
[2026-06-11 08:36:30Z INFO JobServerQueue] Got a job log file to send to results service.
[2026-06-11 08:36:30Z INFO JobServerQueue] Starting upload of job log file to results service ResultsLog, C:\Users\highf\Downloads\hfs\actions-runner\actions-runner\_diag\blocks\c2e1e3e2-dfd3-418f-b8d7-c9514da9b00d_dc371a46-2783-528b-82a9-df63175f6ef6.1
[2026-06-11 08:36:31Z INFO JobServerQueue] Tried to upload 3 file(s) to results, success rate: 3/3.
[2026-06-11 08:36:31Z INFO JobServerQueue] Results upload queue drained.
[2026-06-11 08:36:31Z INFO JobServerQueue] Timeline update queue drained.
[2026-06-11 08:36:31Z INFO JobServerQueue] Disposing job server ...
[2026-06-11 08:36:31Z INFO JobServerQueue] Disposing results server ...
[2026-06-11 08:36:31Z INFO JobServerQueue] All queue process tasks have been stopped, and all queues are drained.
[2026-06-11 08:36:31Z INFO TempDirectoryManager] Cleaning runner temp folder: C:\Users\highf\Downloads\hfs\actions-runner\actions-runner\_work\_temp
[2026-06-11 08:36:31Z INFO HostContext] Well known directory 'Bin': 'C:\Users\highf\Downloads\hfs\actions-runner\actions-runner\bin'
[2026-06-11 08:36:31Z INFO HostContext] Well known directory 'Root': 'C:\Users\highf\Downloads\hfs\actions-runner\actions-runner'
[2026-06-11 08:36:31Z INFO HostContext] Well known directory 'Diag': 'C:\Users\highf\Downloads\hfs\actions-runner\actions-runner\_diag'
[2026-06-11 08:36:31Z INFO HostContext] Well known config file 'Telemetry': 'C:\Users\highf\Downloads\hfs\actions-runner\actions-runner\_diag\.telemetry'
[2026-06-11 08:36:31Z INFO JobRunner] Raising job completed against run service
[2026-06-11 08:36:32Z INFO Worker] Job completed.
