[2026-06-11 08:25:02Z INFO HostContext] No proxy settings were found based on environmental variables (http_proxy/https_proxy/HTTP_PROXY/HTTPS_PROXY)
[2026-06-11 08:25:02Z INFO HostContext] Well known directory 'Bin': 'C:\Users\highf\Downloads\hfs\actions-runner\actions-runner\bin'
[2026-06-11 08:25:02Z INFO HostContext] Well known directory 'Root': 'C:\Users\highf\Downloads\hfs\actions-runner\actions-runner'
[2026-06-11 08:25:02Z INFO HostContext] Well known config file 'Credentials': 'C:\Users\highf\Downloads\hfs\actions-runner\actions-runner\.credentials'
[2026-06-11 08:25:02Z INFO HostContext] Well known directory 'Bin': 'C:\Users\highf\Downloads\hfs\actions-runner\actions-runner\bin'
[2026-06-11 08:25:02Z INFO HostContext] Well known directory 'Root': 'C:\Users\highf\Downloads\hfs\actions-runner\actions-runner'
[2026-06-11 08:25:02Z INFO HostContext] Well known config file 'Runner': 'C:\Users\highf\Downloads\hfs\actions-runner\actions-runner\.runner'
[2026-06-11 08:25:02Z INFO Worker] Version: 2.334.0
[2026-06-11 08:25:02Z INFO Worker] Commit: f1995ede5d885c997d13d8eca5467c4ce97fe69c
[2026-06-11 08:25:02Z INFO Worker] Culture: ja-JP
[2026-06-11 08:25:02Z INFO Worker] UI Culture: ja-JP
[2026-06-11 08:25:02Z INFO Worker] Waiting to receive the job message from the channel.
[2026-06-11 08:25:02Z INFO ProcessChannel] Receiving message of length 24559, with hash 'ff2c502ed60221cecb723aedcc810d49ff91bd14b706e9d06f6fdc3be969b9c7'
[2026-06-11 08:25:02Z INFO Worker] Message received.
[2026-06-11 08:25:02Z INFO Worker] Job message:
 {
  "fileTable": [
    ".github/workflows/rocket-sync.yml"
  ],
  "mask": [
    {
      "type": "regex",
      "value": "***"
    },
    {
      "type": "regex",
      "value": "***"
    },
    {
      "type": "regex",
      "value": "***"
    },
    {
      "type": "regex",
      "value": "***"
    },
    {
      "type": "regex",
      "value": "***"
    },
    {
      "type": "regex",
      "value": "***"
    },
    {
      "type": "regex",
      "value": "***"
    },
    {
      "type": "regex",
      "value": "***"
    },
    {
      "type": "regex",
      "value": "***"
    },
    {
      "type": "regex",
      "value": "***"
    },
    {
      "type": "regex",
      "value": "***"
    },
    {
      "type": "regex",
      "value": "***"
    },
    {
      "type": "regex",
      "value": "***"
    },
    {
      "type": "regex",
      "value": "***"
    },
    {
      "type": "regex",
      "value": "***"
    },
    {
      "type": "regex",
      "value": "***"
    },
    {
      "type": "regex",
      "value": "***"
    },
    {
      "type": "regex",
      "value": "***"
    },
    {
      "type": "regex",
      "value": "***"
    },
    {
      "type": "regex",
      "value": "***"
    },
    {
      "type": "regex",
      "value": "***"
    },
    {
      "type": "regex",
      "value": "***"
    },
    {
      "type": "regex",
      "value": "***"
    },
    {
      "type": "regex",
      "value": "***"
    }
  ],
  "steps": [
    {
      "type": "action",
      "reference": {
        "type": "repository",
        "name": "actions/checkout",
        "ref": "v4",
        "repositoryType": "GitHub"
      },
      "contextName": "__actions_checkout",
      "inputs": {
        "type": 2,
        "file": 1,
        "line": 16,
        "col": 11,
        "map": [
          {
            "key": {
              "type": 0,
              "file": 1,
              "line": 16,
              "col": 11,
              "lit": "fetch-depth"
            },
            "value": {
              "type": 0,
              "file": 1,
              "line": 16,
              "col": 24,
              "lit": "0"
            }
          }
        ]
      },
      "condition": "success()",
      "id": "52476921-2d7f-4942-bb2e-35b2265dfee4",
      "name": "__actions_checkout"
    },
    {
      "type": "action",
      "reference": {
        "type": "repository",
        "name": "actions/setup-node",
        "ref": "v4",
        "repositoryType": "GitHub"
      },
      "contextName": "__actions_setup-node",
      "inputs": {
        "type": 2,
        "file": 1,
        "line": 20,
        "col": 11,
        "map": [
          {
            "key": {
              "type": 0,
              "file": 1,
              "line": 20,
              "col": 11,
              "lit": "node-version"
            },
            "value": {
              "type": 0,
              "file": 1,
              "line": 20,
              "col": 25,
              "lit": "20"
            }
          },
          {
            "key": {
              "type": 0,
              "file": 1,
              "line": 21,
              "col": 11,
              "lit": "cache"
            },
            "value": {
              "type": 0,
              "file": 1,
              "line": 21,
              "col": 18,
              "lit": "npm"
            }
          }
        ]
      },
      "condition": "success()",
      "id": "dd855318-e09b-4453-8ca9-d2930d7445e5",
      "name": "__actions_setup-node"
    },
    {
      "type": "action",
      "reference": {
        "type": "script"
      },
      "contextName": "__run",
      "inputs": {
        "type": 2,
        "map": [
          {
            "key": "script",
            "value": {
              "type": 0,
              "file": 1,
              "line": 23,
              "col": 14,
              "lit": "npm ci"
            }
          }
        ]
      },
      "condition": "success()",
      "id": "80f11ffc-b6fc-4c55-aea0-5779428621b4",
      "name": "__run"
    },
    {
      "type": "action",
      "reference": {
        "type": "script"
      },
      "displayNameToken": {
        "type": 0,
        "file": 1,
        "line": 25,
        "col": 15,
        "lit": "Run Rocket Sync"
      },
      "contextName": "__run_2",
      "environment": {
        "type": 2,
        "file": 1,
        "line": 27,
        "col": 11,
        "map": [
          {
            "key": {
              "type": 0,
              "file": 1,
              "line": 27,
              "col": 11,
              "lit": "SUPABASE_URL"
            },
            "value": {
              "type": 3,
              "file": 1,
              "line": 27,
              "col": 25,
              "expr": "secrets.SUPABASE_URL"
            }
          },
          {
            "key": {
              "type": 0,
              "file": 1,
              "line": 28,
              "col": 11,
              "lit": "SUPABASE_SERVICE_ROLE_KEY"
            },
            "value": {
              "type": 3,
              "file": 1,
              "line": 28,
              "col": 38,
              "expr": "secrets.SUPABASE_SERVICE_ROLE_KEY"
            }
          }
        ]
      },
      "inputs": {
        "type": 2,
        "map": [
          {
            "key": "script",
            "value": {
              "type": 0,
              "file": 1,
              "line": 29,
              "col": 14,
              "lit": "npx tsx rocket-sync.ts"
            }
          }
        ]
      },
      "condition": "success()",
      "id": "180af272-e7d3-43b6-be7d-9b830decd821",
      "name": "__run_2"
    },
    {
      "type": "action",
      "reference": {
        "type": "script"
      },
      "displayNameToken": {
        "type": 0,
        "file": 1,
        "line": 31,
        "col": 15,
        "lit": "Commit changes"
      },
      "contextName": "__run_3",
      "inputs": {
        "type": 2,
        "map": [
          {
            "key": "script",
            "value": {
              "type": 0,
              "file": 1,
              "line": 32,
              "col": 14,
              "lit": "git config user.name \"github-actions[bot]\"\ngit config user.email \"github-actions[bot]@users.noreply.github.com\"\ngit add .\n\ngit diff --cached --quiet || git commit -m \"rocket sync update\"\n"
            }
          }
        ]
      },
      "condition": "success()",
      "id": "0a5faad1-3460-42c3-b553-6363c617184b",
      "name": "__run_3"
    },
    {
      "type": "action",
      "reference": {
        "type": "script"
      },
      "displayNameToken": {
        "type": 0,
        "file": 1,
        "line": 39,
        "col": 15,
        "lit": "Push changes"
      },
      "contextName": "__run_4",
      "inputs": {
        "type": 2,
        "map": [
          {
            "key": "script",
            "value": {
              "type": 0,
              "file": 1,
              "line": 40,
              "col": 14,
              "lit": "git push"
            }
          }
        ]
      },
      "condition": "success()",
      "id": "c236e2cc-73b1-493b-a66c-d96e3e188207",
      "name": "__run_4"
    }
  ],
  "variables": {
    "Actions.EnableHttpRedirects": {
      "value": "true"
    },
    "DistributedTask.AddWarningToNode12Action": {
      "value": "true"
    },
    "DistributedTask.AddWarningToNode16Action": {
      "value": "true"
    },
    "DistributedTask.AllowRunnerContainerHooks": {
      "value": "true"
    },
    "DistributedTask.DeprecateStepOutputCommands": {
      "value": "true"
    },
    "DistributedTask.DetailUntarFailure": {
      "value": "true"
    },
    "DistributedTask.EnableCompositeActions": {
      "value": "true"
    },
    "DistributedTask.EnableJobServerQueueTelemetry": {
      "value": "true"
    },
    "DistributedTask.EnhancedAnnotations": {
      "value": "true"
    },
    "DistributedTask.ForceGithubJavascriptActionsToNode16": {
      "value": "true"
    },
    "DistributedTask.ForceGithubJavascriptActionsToNode20": {
      "value": "true"
    },
    "DistributedTask.LogTemplateErrorsAsDebugMessages": {
      "value": "true"
    },
    "DistributedTask.MarkJobAsFailedOnWorkerCrash": {
      "value": "true"
    },
    "DistributedTask.NewActionMetadata": {
      "value": "true"
    },
    "DistributedTask.UploadStepSummary": {
      "value": "true"
    },
    "DistributedTask.UseActionArchiveCache": {
      "value": "true"
    },
    "DistributedTask.UseWhich2": {
      "value": "true"
    },
    "RunService.FixEmbeddedIssues": {
      "value": "true"
    },
    "SUPABASE_SERVICE_ROLE_KEY": {
      "value": "***",
      "isSecret": true
    },
    "SUPABASE_URL": {
      "value": "***",
      "isSecret": true
    },
    "actions.runner.requirenode24": {
      "value": "false"
    },
    "actions.runner.usenode24bydefault": {
      "value": "false"
    },
    "actions.runner.warnonnode20": {
      "value": "true"
    },
    "actions_add_check_run_id_to_job_context": {
      "value": "true"
    },
    "actions_batch_action_resolution": {
      "value": "false"
    },
    "actions_container_action_runner_temp": {
      "value": "true"
    },
    "actions_display_helpful_actions_download_errors": {
      "value": "true"
    },
    "actions_runner_compare_workflow_parser": {
      "value": "false"
    },
    "actions_runner_deprecate_linux_arm32": {
      "value": "false"
    },
    "actions_runner_emit_composite_markers": {
      "value": "false"
    },
    "actions_runner_kill_linux_arm32": {
      "value": "false"
    },
    "actions_runner_node20_removal_date": {
      "value": ""
    },
    "actions_runner_node24_default_date": {
      "value": "June 16th, 2026"
    },
    "actions_service_container_command": {
      "value": "true"
    },
    "actions_set_orchestration_id_env_for_actions": {
      "value": "true"
    },
    "actions_skip_retry_complete_job_upon_known_errors": {
      "value": "true"
    },
    "actions_snapshot_preflight_hosted_runner_check": {
      "value": "false"
    },
    "actions_snapshot_preflight_image_gen_pool_check": {
      "value": "false"
    },
    "actions_use_bearer_token_for_codeload": {
      "value": "false"
    },
    "actions_uses_cache_service_v2": {
      "value": "true"
    },
    "github_token": {
      "value": "***",
      "isSecret": true
    },
    "system.from_run_service": {
      "value": "true"
    },
    "system.github.job": {
      "value": "rocket-sync"
    },
    "system.github.launch_endpoint": {
      "value": "https://launch.actions.githubusercontent.com"
    },
    "system.github.results_endpoint": {
      "value": "https://results-receiver.actions.githubusercontent.com/"
    },
    "system.github.results_upload_with_sdk": {
      "value": "true"
    },
    "system.github.token": {
      "value": "***",
      "isSecret": true
    },
    "system.github.token.permissions": {
      "value": "{\"Contents\":\"read\",\"Metadata\":\"read\",\"Packages\":\"read\"}"
    },
    "system.orchestrationId": {
      "value": "4bd86fb4-e3a2-4683-91bc-714d9a1f627b.rocket-sync.__default"
    },
    "system.phaseDisplayName": {
      "value": "rocket-sync"
    },
    "system.runner.lowdiskspacethreshold": {
      "value": "100"
    },
    "system.runnerEnvironment": {
      "value": "self-hosted"
    },
    "system.runnerGroupName": {
      "value": "Default"
    }
  },
  "messageType": "RunnerJobRequest",
  "plan": {
    "scopeIdentifier": "00000000-0000-0000-0000-000000000000",
    "planType": "actions",
    "version": 0,
    "planId": "4bd86fb4-e3a2-4683-91bc-714d9a1f627b",
    "planGroup": null,
    "artifactUri": null,
    "artifactLocation": null,
    "definition": null,
    "owner": null
  },
  "timeline": {
    "id": "4bd86fb4-e3a2-4683-91bc-714d9a1f627b",
    "changeId": 0,
    "location": null
  },
  "jobId": "15e56d65-c496-53c9-bd05-c7d0e6fb5dc0",
  "jobDisplayName": "rocket-sync",
  "jobName": "__default",
  "requestId": 0,
  "lockedUntil": "0001-01-01T00:00:00",
  "resources": {
    "endpoints": [
      {
        "data": {
          "ServerId": "",
          "ServerName": "",
          "CacheServerUrl": "https://artifactcache.actions.githubusercontent.com/T27dm1oo1vVbbW7Joieg9XHLkdhSlKdo9VaKMuZ3I9naEyan9h/",
          "FeedStreamUrl": "wss://results-receiver.actions.githubusercontent.com/_ws/ingest.sock",
          "ResultsServiceUrl": "https://results-receiver.actions.githubusercontent.com/",
          "PipelinesServiceUrl": "https://pipelinesghubeus8.actions.githubusercontent.com/T27dm1oo1vVbbW7Joieg9XHLkdhSlKdo9VaKMuZ3I9naEyan9h/",
          "GenerateIdTokenUrl": "",
          "ConnectivityChecks": "[\"https://broker.actions.githubusercontent.com/health\",\"https://token.actions.githubusercontent.com/ready\",\"https://run.actions.githubusercontent.com/health\"]"
        },
        "name": "SystemVssConnection",
        "url": "https://run-actions-3-azure-eastus.actions.githubusercontent.com/69/",
        "authorization": {
          "parameters": {
            "AccessToken": "***"
          },
          "scheme": "OAuth"
        },
        "isShared": false,
        "isReady": true
      }
    ]
  },
  "contextData": {
    "github": {
      "t": 2,
      "d": [
        {
          "k": "ref",
          "v": "refs/heads/main"
        },
        {
          "k": "sha",
          "v": "621bcb8d505396a4bde15f6a87089d500aa6f0e6"
        },
        {
          "k": "repository",
          "v": "sitaramm25/hfs-uber-sync"
        },
        {
          "k": "repository_owner",
          "v": "sitaramm25"
        },
        {
          "k": "repository_owner_id",
          "v": "57124156"
        },
        {
          "k": "repositoryUrl",
          "v": "git://github.com/sitaramm25/hfs-uber-sync.git"
        },
        {
          "k": "run_id",
          "v": "27333948068"
        },
        {
          "k": "run_number",
          "v": "84"
        },
        {
          "k": "retention_days",
          "v": "90"
        },
        {
          "k": "run_attempt",
          "v": "1"
        },
        {
          "k": "artifact_cache_size_limit",
          "v": "10"
        },
        {
          "k": "repository_visibility",
          "v": "public"
        },
        {
          "k": "actor_id",
          "v": "57124156"
        },
        {
          "k": "actor",
          "v": "sitaramm25"
        },
        {
          "k": "workflow",
          "v": "Rocket Sync"
        },
        {
          "k": "head_ref",
          "v": ""
        },
        {
          "k": "base_ref",
          "v": ""
        },
        {
          "k": "event_name",
          "v": "push"
        },
        {
          "k": "server_url",
          "v": "https://github.com"
        },
        {
          "k": "api_url",
          "v": "https://api.github.com"
        },
        {
          "k": "graphql_url",
          "v": "https://api.github.com/graphql"
        },
        {
          "k": "ref_name",
          "v": "main"
        },
        {
          "k": "ref_protected",
          "v": false
        },
        {
          "k": "ref_type",
          "v": "branch"
        },
        {
          "k": "secret_source",
          "v": "Actions"
        },
        {
          "k": "event",
          "v": {
            "t": 2,
            "d": [
              {
                "k": "after",
                "v": "621bcb8d505396a4bde15f6a87089d500aa6f0e6"
              },
              {
                "k": "base_ref",
                "v": null
              },
              {
                "k": "before",
                "v": "c1a5a59db9f263327ea502e5ff428b4cc49e5ff4"
              },
              {
                "k": "commits",
                "v": {
                  "t": 1,
                  "a": [
                    {
                      "t": 2,
                      "d": [
                        {
                          "k": "author",
                          "v": {
                            "t": 2,
                            "d": [
                              {
                                "k": "email",
                                "v": "57124156+sitaramm25@users.noreply.github.com"
                              },
                              {
                                "k": "name",
                                "v": "sitaramm25"
                              },
                              {
                                "k": "username",
                                "v": "sitaramm25"
                              }
                            ]
                          }
                        },
                        {
                          "k": "committer",
                          "v": {
                            "t": 2,
                            "d": [
                              {
                                "k": "email",
                                "v": "noreply@github.com"
                              },
                              {
                                "k": "name",
                                "v": "GitHub"
                              },
                              {
                                "k": "username",
                                "v": "web-flow"
                              }
                            ]
                          }
                        },
                        {
                          "k": "distinct",
                          "v": true
                        },
                        {
                          "k": "id",
                          "v": "621bcb8d505396a4bde15f6a87089d500aa6f0e6"
                        },
                        {
                          "k": "message",
                          "v": "Modify menu sync workflow for scheduled runs\n\nUpdated the workflow to run every 10 minutes and simplified job steps."
                        },
                        {
                          "k": "timestamp",
                          "v": "2026-06-11T17:24:52+09:00"
                        },
                        {
                          "k": "tree_id",
                          "v": "5b3d7c527624e4797b5f3075c813890a0322574d"
                        },
                        {
                          "k": "url",
                          "v": "https://github.com/sitaramm25/hfs-uber-sync/commit/621bcb8d505396a4bde15f6a87089d500aa6f0e6"
                        }
                      ]
                    }
                  ]
                }
              },
              {
                "k": "compare",
                "v": "https://github.com/sitaramm25/hfs-uber-sync/compare/c1a5a59db9f2...621bcb8d5053"
              },
              {
                "k": "created",
                "v": false
              },
              {
                "k": "deleted",
                "v": false
              },
              {
                "k": "forced",
                "v": false
              },
              {
                "k": "head_commit",
                "v": {
                  "t": 2,
                  "d": [
                    {
                      "k": "author",
                      "v": {
                        "t": 2,
                        "d": [
                          {
                            "k": "email",
                            "v": "57124156+sitaramm25@users.noreply.github.com"
                          },
                          {
                            "k": "name",
                            "v": "sitaramm25"
                          },
                          {
                            "k": "username",
                            "v": "sitaramm25"
                          }
                        ]
                      }
                    },
                    {
                      "k": "committer",
                      "v": {
                        "t": 2,
                        "d": [
                          {
                            "k": "email",
                            "v": "noreply@github.com"
                          },
                          {
                            "k": "name",
                            "v": "GitHub"
                          },
                          {
                            "k": "username",
                            "v": "web-flow"
                          }
                        ]
                      }
                    },
                    {
                      "k": "distinct",
                      "v": true
                    },
                    {
                      "k": "id",
                      "v": "621bcb8d505396a4bde15f6a87089d500aa6f0e6"
                    },
                    {
                      "k": "message",
                      "v": "Modify menu sync workflow for scheduled runs\n\nUpdated the workflow to run every 10 minutes and simplified job steps."
                    },
                    {
                      "k": "timestamp",
                      "v": "2026-06-11T17:24:52+09:00"
                    },
                    {
                      "k": "tree_id",
                      "v": "5b3d7c527624e4797b5f3075c813890a0322574d"
                    },
                    {
                      "k": "url",
                      "v": "https://github.com/sitaramm25/hfs-uber-sync/commit/621bcb8d505396a4bde15f6a87089d500aa6f0e6"
                    }
                  ]
                }
              },
              {
                "k": "pusher",
                "v": {
                  "t": 2,
                  "d": [
                    {
                      "k": "email",
                      "v": "57124156+sitaramm25@users.noreply.github.com"
                    },
                    {
                      "k": "name",
                      "v": "sitaramm25"
                    }
                  ]
                }
              },
              {
                "k": "ref",
                "v": "refs/heads/main"
              },
              {
                "k": "repository",
                "v": {
                  "t": 2,
                  "d": [
                    {
                      "k": "allow_forking",
                      "v": true
                    },
                    {
                      "k": "archive_url",
                      "v": "https://api.github.com/repos/sitaramm25/hfs-uber-sync/{archive_format}{/ref}"
                    },
                    {
                      "k": "archived",
                      "v": false
                    },
                    {
                      "k": "assignees_url",
                      "v": "https://api.github.com/repos/sitaramm25/hfs-uber-sync/assignees{/user}"
                    },
                    {
                      "k": "blobs_url",
                      "v": "https://api.github.com/repos/sitaramm25/hfs-uber-sync/git/blobs{/sha}"
                    },
                    {
                      "k": "branches_url",
                      "v": "https://api.github.com/repos/sitaramm25/hfs-uber-sync/branches{/branch}"
                    },
                    {
                      "k": "clone_url",
                      "v": "https://github.com/sitaramm25/hfs-uber-sync.git"
                    },
                    {
                      "k": "collaborators_url",
                      "v": "https://api.github.com/repos/sitaramm25/hfs-uber-sync/collaborators{/collaborator}"
                    },
                    {
                      "k": "comments_url",
                      "v": "https://api.github.com/repos/sitaramm25/hfs-uber-sync/comments{/number}"
                    },
                    {
                      "k": "commits_url",
                      "v": "https://api.github.com/repos/sitaramm25/hfs-uber-sync/commits{/sha}"
                    },
                    {
                      "k": "compare_url",
                      "v": "https://api.github.com/repos/sitaramm25/hfs-uber-sync/compare/{base}...{head}"
                    },
                    {
                      "k": "contents_url",
                      "v": "https://api.github.com/repos/sitaramm25/hfs-uber-sync/contents/{+path}"
                    },
                    {
                      "k": "contributors_url",
                      "v": "https://api.github.com/repos/sitaramm25/hfs-uber-sync/contributors"
                    },
                    {
                      "k": "created_at",
                      "v": 1779965948.0
                    },
                    {
                      "k": "default_branch",
                      "v": "main"
                    },
                    {
                      "k": "deployments_url",
                      "v": "https://api.github.com/repos/sitaramm25/hfs-uber-sync/deployments"
                    },
                    {
                      "k": "description",
                      "v": null
                    },
                    {
                      "k": "disabled",
                      "v": false
                    },
                    {
                      "k": "downloads_url",
                      "v": "https://api.github.com/repos/sitaramm25/hfs-uber-sync/downloads"
                    },
                    {
                      "k": "events_url",
                      "v": "https://api.github.com/repos/sitaramm25/hfs-uber-sync/events"
                    },
                    {
                      "k": "fork",
                      "v": false
                    },
                    {
                      "k": "forks",
                      "v": 0.0
                    },
                    {
                      "k": "forks_count",
                      "v": 0.0
                    },
                    {
                      "k": "forks_url",
                      "v": "https://api.github.com/repos/sitaramm25/hfs-uber-sync/forks"
                    },
                    {
                      "k": "full_name",
                      "v": "sitaramm25/hfs-uber-sync"
                    },
                    {
                      "k": "git_commits_url",
                      "v": "https://api.github.com/repos/sitaramm25/hfs-uber-sync/git/commits{/sha}"
                    },
                    {
                      "k": "git_refs_url",
                      "v": "https://api.github.com/repos/sitaramm25/hfs-uber-sync/git/refs{/sha}"
                    },
                    {
                      "k": "git_tags_url",
                      "v": "https://api.github.com/repos/sitaramm25/hfs-uber-sync/git/tags{/sha}"
                    },
                    {
                      "k": "git_url",
                      "v": "git://github.com/sitaramm25/hfs-uber-sync.git"
                    },
                    {
                      "k": "has_discussions",
                      "v": false
                    },
                    {
                      "k": "has_downloads",
                      "v": true
                    },
                    {
                      "k": "has_issues",
                      "v": true
                    },
                    {
                      "k": "has_pages",
                      "v": false
                    },
                    {
                      "k": "has_projects",
                      "v": true
                    },
                    {
                      "k": "has_pull_requests",
                      "v": true
                    },
                    {
                      "k": "has_wiki",
                      "v": true
                    },
                    {
                      "k": "homepage",
                      "v": null
                    },
                    {
                      "k": "hooks_url",
                      "v": "https://api.github.com/repos/sitaramm25/hfs-uber-sync/hooks"
                    },
                    {
                      "k": "html_url",
                      "v": "https://github.com/sitaramm25/hfs-uber-sync"
                    },
                    {
                      "k": "id",
                      "v": 1252269342.0
                    },
                    {
                      "k": "is_template",
                      "v": false
                    },
                    {
                      "k": "issue_comment_url",
                      "v": "https://api.github.com/repos/sitaramm25/hfs-uber-sync/issues/comments{/number}"
                    },
                    {
                      "k": "issue_events_url",
                      "v": "https://api.github.com/repos/sitaramm25/hfs-uber-sync/issues/events{/number}"
                    },
                    {
                      "k": "issues_url",
                      "v": "https://api.github.com/repos/sitaramm25/hfs-uber-sync/issues{/number}"
                    },
                    {
                      "k": "keys_url",
                      "v": "https://api.github.com/repos/sitaramm25/hfs-uber-sync/keys{/key_id}"
                    },
                    {
                      "k": "labels_url",
                      "v": "https://api.github.com/repos/sitaramm25/hfs-uber-sync/labels{/name}"
                    },
                    {
                      "k": "language",
                      "v": "TypeScript"
                    },
                    {
                      "k": "languages_url",
                      "v": "https://api.github.com/repos/sitaramm25/hfs-uber-sync/languages"
                    },
                    {
                      "k": "license",
                      "v": null
                    },
                    {
                      "k": "master_branch",
                      "v": "main"
                    },
                    {
                      "k": "merges_url",
                      "v": "https://api.github.com/repos/sitaramm25/hfs-uber-sync/merges"
                    },
                    {
                      "k": "milestones_url",
                      "v": "https://api.github.com/repos/sitaramm25/hfs-uber-sync/milestones{/number}"
                    },
                    {
                      "k": "mirror_url",
                      "v": null
                    },
                    {
                      "k": "name",
                      "v": "hfs-uber-sync"
                    },
                    {
                      "k": "node_id",
                      "v": "R_kgDOSqQdHg"
                    },
                    {
                      "k": "notifications_url",
                      "v": "https://api.github.com/repos/sitaramm25/hfs-uber-sync/notifications{?since,all,participating}"
                    },
                    {
                      "k": "open_issues",
                      "v": 0.0
                    },
                    {
                      "k": "open_issues_count",
                      "v": 0.0
                    },
                    {
                      "k": "owner",
                      "v": {
                        "t": 2,
                        "d": [
                          {
                            "k": "avatar_url",
                            "v": "https://avatars.githubusercontent.com/u/57124156?v=4"
                          },
                          {
                            "k": "email",
                            "v": "57124156+sitaramm25@users.noreply.github.com"
                          },
                          {
                            "k": "events_url",
                            "v": "https://api.github.com/users/sitaramm25/events{/privacy}"
                          },
                          {
                            "k": "followers_url",
                            "v": "https://api.github.com/users/sitaramm25/followers"
                          },
                          {
                            "k": "following_url",
                            "v": "https://api.github.com/users/sitaramm25/following{/other_user}"
                          },
                          {
                            "k": "gists_url",
                            "v": "https://api.github.com/users/sitaramm25/gists{/gist_id}"
                          },
                          {
                            "k": "gravatar_id",
                            "v": ""
                          },
                          {
                            "k": "html_url",
                            "v": "https://github.com/sitaramm25"
                          },
                          {
                            "k": "id",
                            "v": 57124156.0
                          },
                          {
                            "k": "login",
                            "v": "sitaramm25"
                          },
                          {
                            "k": "name",
                            "v": "sitaramm25"
                          },
                          {
                            "k": "node_id",
                            "v": "MDQ6VXNlcjU3MTI0MTU2"
                          },
                          {
                            "k": "organizations_url",
                            "v": "https://api.github.com/users/sitaramm25/orgs"
                          },
                          {
                            "k": "received_events_url",
                            "v": "https://api.github.com/users/sitaramm25/received_events"
                          },
                          {
                            "k": "repos_url",
                            "v": "https://api.github.com/users/sitaramm25/repos"
                          },
                          {
                            "k": "site_admin",
                            "v": false
                          },
                          {
                            "k": "starred_url",
                            "v": "https://api.github.com/users/sitaramm25/starred{/owner}{/repo}"
                          },
                          {
                            "k": "subscriptions_url",
                            "v": "https://api.github.com/users/sitaramm25/subscriptions"
                          },
                          {
                            "k": "type",
                            "v": "User"
                          },
                          {
                            "k": "url",
                            "v": "https://api.github.com/users/sitaramm25"
                          },
                          {
                            "k": "user_view_type",
                            "v": "public"
                          }
                        ]
                      }
                    },
                    {
                      "k": "private",
                      "v": false
                    },
                    {
                      "k": "pull_request_creation_policy",
                      "v": "all"
                    },
                    {
                      "k": "pulls_url",
                      "v": "https://api.github.com/repos/sitaramm25/hfs-uber-sync/pulls{/number}"
                    },
                    {
                      "k": "pushed_at",
                      "v": 1781166292.0
                    },
                    {
                      "k": "releases_url",
                      "v": "https://api.github.com/repos/sitaramm25/hfs-uber-sync/releases{/id}"
                    },
                    {
                      "k": "size",
                      "v": 41.0
                    },
                    {
                      "k": "ssh_url",
                      "v": "git@github.com:sitaramm25/hfs-uber-sync.git"
                    },
                    {
                      "k": "stargazers",
                      "v": 0.0
                    },
                    {
                      "k": "stargazers_count",
                      "v": 0.0
                    },
                    {
                      "k": "stargazers_url",
                      "v": "https://api.github.com/repos/sitaramm25/hfs-uber-sync/stargazers"
                    },
                    {
                      "k": "statuses_url",
                      "v": "https://api.github.com/repos/sitaramm25/hfs-uber-sync/statuses/{sha}"
                    },
                    {
                      "k": "subscribers_url",
                      "v": "https://api.github.com/repos/sitaramm25/hfs-uber-sync/subscribers"
                    },
                    {
                      "k": "subscription_url",
                      "v": "https://api.github.com/repos/sitaramm25/hfs-uber-sync/subscription"
                    },
                    {
                      "k": "svn_url",
                      "v": "https://github.com/sitaramm25/hfs-uber-sync"
                    },
                    {
                      "k": "tags_url",
                      "v": "https://api.github.com/repos/sitaramm25/hfs-uber-sync/tags"
                    },
                    {
                      "k": "teams_url",
                      "v": "https://api.github.com/repos/sitaramm25/hfs-uber-sync/teams"
                    },
                    {
                      "k": "topics",
                      "v": {
                        "t": 1
                      }
                    },
                    {
                      "k": "trees_url",
                      "v": "https://api.github.com/repos/sitaramm25/hfs-uber-sync/git/trees{/sha}"
                    },
                    {
                      "k": "updated_at",
                      "v": "2026-06-11T07:37:10Z"
                    },
                    {
                      "k": "url",
                      "v": "https://api.github.com/repos/sitaramm25/hfs-uber-sync"
                    },
                    {
                      "k": "visibility",
                      "v": "public"
                    },
                    {
                      "k": "watchers",
                      "v": 0.0
                    },
                    {
                      "k": "watchers_count",
                      "v": 0.0
                    },
                    {
                      "k": "web_commit_signoff_required",
                      "v": false
                    }
                  ]
                }
              },
              {
                "k": "sender",
                "v": {
                  "t": 2,
                  "d": [
                    {
                      "k": "avatar_url",
                      "v": "https://avatars.githubusercontent.com/u/57124156?v=4"
                    },
                    {
                      "k": "events_url",
                      "v": "https://api.github.com/users/sitaramm25/events{/privacy}"
                    },
                    {
                      "k": "followers_url",
                      "v": "https://api.github.com/users/sitaramm25/followers"
                    },
                    {
                      "k": "following_url",
                      "v": "https://api.github.com/users/sitaramm25/following{/other_user}"
                    },
                    {
                      "k": "gists_url",
                      "v": "https://api.github.com/users/sitaramm25/gists{/gist_id}"
                    },
                    {
                      "k": "gravatar_id",
                      "v": ""
                    },
                    {
                      "k": "html_url",
                      "v": "https://github.com/sitaramm25"
                    },
                    {
                      "k": "id",
                      "v": 57124156.0
                    },
                    {
                      "k": "login",
                      "v": "sitaramm25"
                    },
                    {
                      "k": "node_id",
                      "v": "MDQ6VXNlcjU3MTI0MTU2"
                    },
                    {
                      "k": "organizations_url",
                      "v": "https://api.github.com/users/sitaramm25/orgs"
                    },
                    {
                      "k": "received_events_url",
                      "v": "https://api.github.com/users/sitaramm25/received_events"
                    },
                    {
                      "k": "repos_url",
                      "v": "https://api.github.com/users/sitaramm25/repos"
                    },
                    {
                      "k": "site_admin",
                      "v": false
                    },
                    {
                      "k": "starred_url",
                      "v": "https://api.github.com/users/sitaramm25/starred{/owner}{/repo}"
                    },
                    {
                      "k": "subscriptions_url",
                      "v": "https://api.github.com/users/sitaramm25/subscriptions"
                    },
                    {
                      "k": "type",
                      "v": "User"
                    },
                    {
                      "k": "url",
                      "v": "https://api.github.com/users/sitaramm25"
                    },
                    {
                      "k": "user_view_type",
                      "v": "public"
                    }
                  ]
                }
              }
            ]
          }
        },
        {
          "k": "workflow_ref",
          "v": "sitaramm25/hfs-uber-sync/.github/workflows/rocket-sync.yml@refs/heads/main"
        },
        {
          "k": "workflow_sha",
          "v": "621bcb8d505396a4bde15f6a87089d500aa6f0e6"
        },
        {
          "k": "repository_id",
          "v": "1252269342"
        },
        {
          "k": "triggering_actor",
          "v": "sitaramm25"
        }
      ]
    },
    "inputs": {
      "t": 2
    },
    "job": {
      "t": 2,
      "d": [
        {
          "k": "check_run_id",
          "v": 80753105195.0
        },
        {
          "k": "workflow_ref",
          "v": "sitaramm25/hfs-uber-sync/.github/workflows/rocket-sync.yml@refs/heads/main"
        },
        {
          "k": "workflow_sha",
          "v": "621bcb8d505396a4bde15f6a87089d500aa6f0e6"
        },
        {
          "k": "workflow_repository",
          "v": "sitaramm25/hfs-uber-sync"
        },
        {
          "k": "workflow_file_path",
          "v": ".github/workflows/rocket-sync.yml"
        }
      ]
    },
    "matrix": null,
    "needs": {
      "t": 2
    },
    "strategy": {
      "t": 2,
      "d": [
        {
          "k": "fail-fast",
          "v": true
        },
        {
          "k": "job-index",
          "v": 0.0
        },
        {
          "k": "job-total",
          "v": 1.0
        },
        {
          "k": "max-parallel",
          "v": 1.0
        }
      ]
    },
    "vars": {
      "t": 2
    }
  },
  "billingOwnerId": "U_kgDOA2elPA"
}
[2026-06-11 08:25:02Z INFO JobRunner] Job ID 15e56d65-c496-53c9-bd05-c7d0e6fb5dc0
[2026-06-11 08:25:02Z INFO ConfigurationStore] currentAssemblyLocation: C:\Users\highf\Downloads\hfs\actions-runner\actions-runner\bin\Runner.Worker.dll
[2026-06-11 08:25:02Z INFO HostContext] Well known directory 'Bin': 'C:\Users\highf\Downloads\hfs\actions-runner\actions-runner\bin'
[2026-06-11 08:25:02Z INFO ConfigurationStore] binPath: C:\Users\highf\Downloads\hfs\actions-runner\actions-runner\bin
[2026-06-11 08:25:02Z INFO HostContext] Well known directory 'Bin': 'C:\Users\highf\Downloads\hfs\actions-runner\actions-runner\bin'
[2026-06-11 08:25:02Z INFO HostContext] Well known directory 'Root': 'C:\Users\highf\Downloads\hfs\actions-runner\actions-runner'
[2026-06-11 08:25:02Z INFO ConfigurationStore] RootFolder: C:\Users\highf\Downloads\hfs\actions-runner\actions-runner
[2026-06-11 08:25:02Z INFO HostContext] Well known directory 'Bin': 'C:\Users\highf\Downloads\hfs\actions-runner\actions-runner\bin'
[2026-06-11 08:25:02Z INFO HostContext] Well known directory 'Root': 'C:\Users\highf\Downloads\hfs\actions-runner\actions-runner'
[2026-06-11 08:25:02Z INFO HostContext] Well known config file 'Runner': 'C:\Users\highf\Downloads\hfs\actions-runner\actions-runner\.runner'
[2026-06-11 08:25:02Z INFO ConfigurationStore] ConfigFilePath: C:\Users\highf\Downloads\hfs\actions-runner\actions-runner\.runner
[2026-06-11 08:25:02Z INFO HostContext] Well known directory 'Bin': 'C:\Users\highf\Downloads\hfs\actions-runner\actions-runner\bin'
[2026-06-11 08:25:02Z INFO HostContext] Well known directory 'Root': 'C:\Users\highf\Downloads\hfs\actions-runner\actions-runner'
[2026-06-11 08:25:02Z INFO HostContext] Well known config file 'MigratedRunner': 'C:\Users\highf\Downloads\hfs\actions-runner\actions-runner\.runner_migrated'
[2026-06-11 08:25:02Z INFO ConfigurationStore] MigratedConfigFilePath: C:\Users\highf\Downloads\hfs\actions-runner\actions-runner\.runner_migrated
[2026-06-11 08:25:02Z INFO HostContext] Well known directory 'Bin': 'C:\Users\highf\Downloads\hfs\actions-runner\actions-runner\bin'
[2026-06-11 08:25:02Z INFO HostContext] Well known directory 'Root': 'C:\Users\highf\Downloads\hfs\actions-runner\actions-runner'
[2026-06-11 08:25:02Z INFO HostContext] Well known config file 'Credentials': 'C:\Users\highf\Downloads\hfs\actions-runner\actions-runner\.credentials'
[2026-06-11 08:25:02Z INFO ConfigurationStore] CredFilePath: C:\Users\highf\Downloads\hfs\actions-runner\actions-runner\.credentials
[2026-06-11 08:25:02Z INFO HostContext] Well known directory 'Bin': 'C:\Users\highf\Downloads\hfs\actions-runner\actions-runner\bin'
[2026-06-11 08:25:02Z INFO HostContext] Well known directory 'Root': 'C:\Users\highf\Downloads\hfs\actions-runner\actions-runner'
[2026-06-11 08:25:02Z INFO HostContext] Well known config file 'MigratedCredentials': 'C:\Users\highf\Downloads\hfs\actions-runner\actions-runner\.credentials_migrated'
[2026-06-11 08:25:02Z INFO ConfigurationStore] MigratedCredFilePath: C:\Users\highf\Downloads\hfs\actions-runner\actions-runner\.credentials_migrated
[2026-06-11 08:25:02Z INFO HostContext] Well known directory 'Bin': 'C:\Users\highf\Downloads\hfs\actions-runner\actions-runner\bin'
[2026-06-11 08:25:02Z INFO HostContext] Well known directory 'Root': 'C:\Users\highf\Downloads\hfs\actions-runner\actions-runner'
[2026-06-11 08:25:02Z INFO HostContext] Well known config file 'Service': 'C:\Users\highf\Downloads\hfs\actions-runner\actions-runner\.service'
[2026-06-11 08:25:02Z INFO ConfigurationStore] ServiceConfigFilePath: C:\Users\highf\Downloads\hfs\actions-runner\actions-runner\.service
[2026-06-11 08:25:02Z INFO ConfigurationStore] Read setting file: 401 chars
[2026-06-11 08:25:02Z INFO JobRunner] Initializing launch client
[2026-06-11 08:25:02Z INFO JobServerQueue] Initializing results client
[2026-06-11 08:25:02Z INFO ResultServer] Creating websocket client ...wss://results-receiver.actions.githubusercontent.com/_ws/ingest.sock
[2026-06-11 08:25:02Z INFO ResultServer] Attempting to start websocket client with delay 00:00:00.
[2026-06-11 08:25:02Z INFO JobServerQueue] Start process web console line queue.
[2026-06-11 08:25:02Z INFO JobServerQueue] Start process file upload queue.
[2026-06-11 08:25:02Z INFO JobServerQueue] Start results file upload queue.
[2026-06-11 08:25:02Z INFO JobServerQueue] Starting results-based upload queue...
[2026-06-11 08:25:02Z INFO JobServerQueue] Start process timeline update queue.
[2026-06-11 08:25:02Z INFO ExecutionContext] Initializing Job context
[2026-06-11 08:25:02Z INFO ExecutionContext] Initialize GitHub context
[2026-06-11 08:25:02Z INFO ExecutionContext] Initialize Env context
[2026-06-11 08:25:02Z INFO HostContext] Well known directory 'Bin': 'C:\Users\highf\Downloads\hfs\actions-runner\actions-runner\bin'
[2026-06-11 08:25:02Z INFO HostContext] Well known directory 'Root': 'C:\Users\highf\Downloads\hfs\actions-runner\actions-runner'
[2026-06-11 08:25:02Z INFO HostContext] Well known directory 'Diag': 'C:\Users\highf\Downloads\hfs\actions-runner\actions-runner\_diag'
[2026-06-11 08:25:02Z INFO HostContext] Well known directory 'Bin': 'C:\Users\highf\Downloads\hfs\actions-runner\actions-runner\bin'
[2026-06-11 08:25:02Z INFO HostContext] Well known directory 'Root': 'C:\Users\highf\Downloads\hfs\actions-runner\actions-runner'
[2026-06-11 08:25:02Z INFO HostContext] Well known directory 'Diag': 'C:\Users\highf\Downloads\hfs\actions-runner\actions-runner\_diag'
[2026-06-11 08:25:02Z INFO JobRunner] Starting the job execution context.
[2026-06-11 08:25:02Z INFO HostContext] Well known directory 'Bin': 'C:\Users\highf\Downloads\hfs\actions-runner\actions-runner\bin'
[2026-06-11 08:25:02Z INFO HostContext] Well known directory 'Root': 'C:\Users\highf\Downloads\hfs\actions-runner\actions-runner'
[2026-06-11 08:25:02Z INFO HostContext] Well known directory 'Work': 'C:\Users\highf\Downloads\hfs\actions-runner\actions-runner\_work'
[2026-06-11 08:25:02Z INFO JobRunner] Validating directory permissions for: 'C:\Users\highf\Downloads\hfs\actions-runner\actions-runner\_work'
[2026-06-11 08:25:02Z INFO HostContext] Well known directory 'Bin': 'C:\Users\highf\Downloads\hfs\actions-runner\actions-runner\bin'
[2026-06-11 08:25:02Z INFO HostContext] Well known directory 'Root': 'C:\Users\highf\Downloads\hfs\actions-runner\actions-runner'
[2026-06-11 08:25:02Z INFO HostContext] Well known directory 'Work': 'C:\Users\highf\Downloads\hfs\actions-runner\actions-runner\_work'
[2026-06-11 08:25:02Z INFO HostContext] Well known directory 'Tools': 'C:\Users\highf\Downloads\hfs\actions-runner\actions-runner\_work\_tool'
[2026-06-11 08:25:02Z INFO HostContext] Well known directory 'Bin': 'C:\Users\highf\Downloads\hfs\actions-runner\actions-runner\bin'
[2026-06-11 08:25:02Z INFO HostContext] Well known directory 'Root': 'C:\Users\highf\Downloads\hfs\actions-runner\actions-runner'
[2026-06-11 08:25:02Z INFO HostContext] Well known directory 'Work': 'C:\Users\highf\Downloads\hfs\actions-runner\actions-runner\_work'
[2026-06-11 08:25:02Z INFO HostContext] Well known directory 'Temp': 'C:\Users\highf\Downloads\hfs\actions-runner\actions-runner\_work\_temp'
[2026-06-11 08:25:02Z INFO JobRunner] Getting job extension.
[2026-06-11 08:25:02Z INFO JobRunner] Initialize job. Getting all job steps.
[2026-06-11 08:25:02Z INFO HostContext] Well known directory 'Bin': 'C:\Users\highf\Downloads\hfs\actions-runner\actions-runner\bin'
[2026-06-11 08:25:02Z INFO HostContext] Well known directory 'Root': 'C:\Users\highf\Downloads\hfs\actions-runner\actions-runner'
[2026-06-11 08:25:02Z INFO HostContext] Well known directory 'Diag': 'C:\Users\highf\Downloads\hfs\actions-runner\actions-runner\_diag'
[2026-06-11 08:25:02Z INFO HostContext] Well known directory 'Bin': 'C:\Users\highf\Downloads\hfs\actions-runner\actions-runner\bin'
[2026-06-11 08:25:02Z INFO HostContext] Well known directory 'Root': 'C:\Users\highf\Downloads\hfs\actions-runner\actions-runner'
[2026-06-11 08:25:02Z INFO HostContext] Well known directory 'Diag': 'C:\Users\highf\Downloads\hfs\actions-runner\actions-runner\_diag'
[2026-06-11 08:25:02Z INFO HostContext] Well known directory 'Bin': 'C:\Users\highf\Downloads\hfs\actions-runner\actions-runner\bin'
[2026-06-11 08:25:02Z INFO HostContext] Well known directory 'Root': 'C:\Users\highf\Downloads\hfs\actions-runner\actions-runner'
[2026-06-11 08:25:02Z INFO HostContext] Well known config file 'Credentials': 'C:\Users\highf\Downloads\hfs\actions-runner\actions-runner\.credentials'
[2026-06-11 08:25:02Z INFO HostContext] Well known directory 'Bin': 'C:\Users\highf\Downloads\hfs\actions-runner\actions-runner\bin'
[2026-06-11 08:25:02Z INFO HostContext] Well known directory 'Root': 'C:\Users\highf\Downloads\hfs\actions-runner\actions-runner'
[2026-06-11 08:25:02Z INFO HostContext] Well known config file 'SetupInfo': 'C:\Users\highf\Downloads\hfs\actions-runner\actions-runner\.setup_info'
[2026-06-11 08:25:02Z INFO HostContext] Well known directory 'Bin': 'C:\Users\highf\Downloads\hfs\actions-runner\actions-runner\bin'
[2026-06-11 08:25:02Z INFO HostContext] Well known directory 'Root': 'C:\Users\highf\Downloads\hfs\actions-runner\actions-runner'
[2026-06-11 08:25:02Z INFO HostContext] Well known directory 'Work': 'C:\Users\highf\Downloads\hfs\actions-runner\actions-runner\_work'
[2026-06-11 08:25:02Z INFO PipelineDirectoryManager] Loading tracking config if exists: C:\Users\highf\Downloads\hfs\actions-runner\actions-runner\_work\_PipelineMapping\sitaramm25/hfs-uber-sync\PipelineFolder.json
[2026-06-11 08:25:02Z INFO PipelineDirectoryManager] Updating job run properties.
[2026-06-11 08:25:02Z INFO HostContext] Well known directory 'Bin': 'C:\Users\highf\Downloads\hfs\actions-runner\actions-runner\bin'
[2026-06-11 08:25:02Z INFO HostContext] Well known directory 'Root': 'C:\Users\highf\Downloads\hfs\actions-runner\actions-runner'
[2026-06-11 08:25:02Z INFO HostContext] Well known directory 'Work': 'C:\Users\highf\Downloads\hfs\actions-runner\actions-runner\_work'
[2026-06-11 08:25:02Z INFO HostContext] Well known directory 'Bin': 'C:\Users\highf\Downloads\hfs\actions-runner\actions-runner\bin'
[2026-06-11 08:25:02Z INFO HostContext] Well known directory 'Root': 'C:\Users\highf\Downloads\hfs\actions-runner\actions-runner'
[2026-06-11 08:25:02Z INFO HostContext] Well known directory 'Work': 'C:\Users\highf\Downloads\hfs\actions-runner\actions-runner\_work'
[2026-06-11 08:25:02Z INFO HostContext] Well known directory 'Bin': 'C:\Users\highf\Downloads\hfs\actions-runner\actions-runner\bin'
[2026-06-11 08:25:02Z INFO HostContext] Well known directory 'Root': 'C:\Users\highf\Downloads\hfs\actions-runner\actions-runner'
[2026-06-11 08:25:02Z INFO HostContext] Well known directory 'Work': 'C:\Users\highf\Downloads\hfs\actions-runner\actions-runner\_work'
[2026-06-11 08:25:02Z INFO JobExtension] Downloading actions
[2026-06-11 08:25:02Z INFO HostContext] Well known directory 'Bin': 'C:\Users\highf\Downloads\hfs\actions-runner\actions-runner\bin'
[2026-06-11 08:25:02Z INFO HostContext] Well known directory 'Root': 'C:\Users\highf\Downloads\hfs\actions-runner\actions-runner'
[2026-06-11 08:25:02Z INFO HostContext] Well known directory 'Work': 'C:\Users\highf\Downloads\hfs\actions-runner\actions-runner\_work'
[2026-06-11 08:25:02Z INFO HostContext] Well known directory 'Actions': 'C:\Users\highf\Downloads\hfs\actions-runner\actions-runner\_work\_actions'
[2026-06-11 08:25:02Z INFO Worker] Listening for cancel message from the channel.
[2026-06-11 08:25:02Z INFO Worker] Waiting for the job to complete or for a cancel message from the channel.
[2026-06-11 08:25:03Z INFO ResultServer] Successfully started websocket client.
[2026-06-11 08:25:03Z INFO JobServerQueue] Try to append 1 batches web console lines for record 'a48185b7-d534-4334-8f1a-eb0ae0c5a0f2', success rate: 1/1.
[2026-06-11 08:25:03Z INFO JobServerQueue] Job timeline record has been updated for the first time.
[2026-06-11 08:25:04Z INFO HostContext] Well known directory 'Bin': 'C:\Users\highf\Downloads\hfs\actions-runner\actions-runner\bin'
[2026-06-11 08:25:04Z INFO HostContext] Well known directory 'Root': 'C:\Users\highf\Downloads\hfs\actions-runner\actions-runner'
[2026-06-11 08:25:04Z INFO HostContext] Well known directory 'Work': 'C:\Users\highf\Downloads\hfs\actions-runner\actions-runner\_work'
[2026-06-11 08:25:04Z INFO HostContext] Well known directory 'Actions': 'C:\Users\highf\Downloads\hfs\actions-runner\actions-runner\_work\_actions'
[2026-06-11 08:25:04Z INFO HostContext] Well known directory 'Bin': 'C:\Users\highf\Downloads\hfs\actions-runner\actions-runner\bin'
[2026-06-11 08:25:04Z INFO HostContext] Well known directory 'Root': 'C:\Users\highf\Downloads\hfs\actions-runner\actions-runner'
[2026-06-11 08:25:04Z INFO HostContext] Well known directory 'Work': 'C:\Users\highf\Downloads\hfs\actions-runner\actions-runner\_work'
[2026-06-11 08:25:04Z INFO HostContext] Well known directory 'Actions': 'C:\Users\highf\Downloads\hfs\actions-runner\actions-runner\_work\_actions'
[2026-06-11 08:25:04Z INFO ActionManager] Save archive 'https://codeload.github.com/actions/checkout/zip/34e114876b0b11c390a56381ad16ebd13914f8d5' into C:\Users\highf\Downloads\hfs\actions-runner\actions-runner\_work\_actions\_temp_9a09aaf7-f44c-4099-9bfe-b4f43adcaa94\e4032795-3d2f-45c3-ad89-3b6123feb3e7.zip.
[2026-06-11 08:25:04Z INFO ActionManager] Using Basic token for action archive download.
[2026-06-11 08:25:04Z INFO JobServerQueue] Try to append 1 batches web console lines for record 'a48185b7-d534-4334-8f1a-eb0ae0c5a0f2', success rate: 1/1.
[2026-06-11 08:25:05Z INFO ActionManager] Request URL: https://codeload.github.com/actions/checkout/zip/34e114876b0b11c390a56381ad16ebd13914f8d5 X-GitHub-Request-Id: CEBE:3F11A0:2F9BB:86680:6A2A70E0 Http Status: OK
[2026-06-11 08:25:05Z INFO ActionManager] Finished getting action repository.
[2026-06-11 08:25:05Z INFO HostContext] Well known directory 'Bin': 'C:\Users\highf\Downloads\hfs\actions-runner\actions-runner\bin'
[2026-06-11 08:25:05Z INFO HostContext] Well known directory 'Root': 'C:\Users\highf\Downloads\hfs\actions-runner\actions-runner'
[2026-06-11 08:25:05Z INFO HostContext] Well known directory 'Work': 'C:\Users\highf\Downloads\hfs\actions-runner\actions-runner\_work'
[2026-06-11 08:25:05Z INFO HostContext] Well known directory 'Actions': 'C:\Users\highf\Downloads\hfs\actions-runner\actions-runner\_work\_actions'
[2026-06-11 08:25:05Z INFO HostContext] Well known directory 'Bin': 'C:\Users\highf\Downloads\hfs\actions-runner\actions-runner\bin'
[2026-06-11 08:25:05Z INFO HostContext] Well known directory 'Root': 'C:\Users\highf\Downloads\hfs\actions-runner\actions-runner'
[2026-06-11 08:25:05Z INFO HostContext] Well known directory 'Work': 'C:\Users\highf\Downloads\hfs\actions-runner\actions-runner\_work'
[2026-06-11 08:25:05Z INFO HostContext] Well known directory 'Actions': 'C:\Users\highf\Downloads\hfs\actions-runner\actions-runner\_work\_actions'
[2026-06-11 08:25:05Z INFO ActionManager] Save archive 'https://codeload.github.com/actions/setup-node/zip/49933ea5288caeca8642d1e84afbd3f7d6820020' into C:\Users\highf\Downloads\hfs\actions-runner\actions-runner\_work\_actions\_temp_1a45ca18-046a-452b-8f0b-01a5f103b290\effc43bc-d7ce-4c14-b788-05aed8356ac8.zip.
[2026-06-11 08:25:05Z INFO ActionManager] Using Basic token for action archive download.
[2026-06-11 08:25:05Z INFO JobServerQueue] Try to append 1 batches web console lines for record 'a48185b7-d534-4334-8f1a-eb0ae0c5a0f2', success rate: 1/1.
[2026-06-11 08:25:06Z INFO ActionManager] Request URL: https://codeload.github.com/actions/setup-node/zip/49933ea5288caeca8642d1e84afbd3f7d6820020 X-GitHub-Request-Id: CEBF:26339F:30430:8707B:6A2A70E1 Http Status: OK
[2026-06-11 08:25:06Z INFO ActionManager] Finished getting action repository.
[2026-06-11 08:25:06Z INFO HostContext] Well known directory 'Bin': 'C:\Users\highf\Downloads\hfs\actions-runner\actions-runner\bin'
[2026-06-11 08:25:06Z INFO HostContext] Well known directory 'Root': 'C:\Users\highf\Downloads\hfs\actions-runner\actions-runner'
[2026-06-11 08:25:06Z INFO HostContext] Well known directory 'Work': 'C:\Users\highf\Downloads\hfs\actions-runner\actions-runner\_work'
[2026-06-11 08:25:06Z INFO HostContext] Well known directory 'Actions': 'C:\Users\highf\Downloads\hfs\actions-runner\actions-runner\_work\_actions'
[2026-06-11 08:25:06Z INFO ActionManifestManagerLegacy] Load schema file with definitions: [
  "null",
  "boolean",
  "number",
  "string",
  "sequence",
  "mapping",
  "any",
  "action-root",
  "inputs",
  "input",
  "outputs",
  "output-definition",
  "runs",
  "container-runs",
  "container-runs-args",
  "container-runs-env",
  "node-runs",
  "plugin-runs",
  "composite-runs",
  "composite-steps",
  "composite-step",
  "run-step",
  "uses-step",
  "container-runs-context",
  "output-value",
  "input-default-context",
  "non-empty-string",
  "string-steps-context",
  "boolean-steps-context",
  "step-env",
  "step-if",
  "step-with"
]
[2026-06-11 08:25:06Z INFO ActionManifestManager] Load schema file with definitions: [
  "null",
  "boolean",
  "number",
  "string",
  "sequence",
  "mapping",
  "any",
  "action-root",
  "inputs",
  "input",
  "outputs",
  "output-definition",
  "runs",
  "container-runs",
  "container-runs-args",
  "container-runs-env",
  "node-runs",
  "plugin-runs",
  "composite-runs",
  "composite-steps",
  "composite-step",
  "run-step",
  "uses-step",
  "container-runs-context",
  "output-value",
  "input-default-context",
  "non-empty-string",
  "string-steps-context",
  "boolean-steps-context",
  "step-env",
  "step-if",
  "step-with"
]
[2026-06-11 08:25:06Z INFO HostContext] Well known directory 'Bin': 'C:\Users\highf\Downloads\hfs\actions-runner\actions-runner\bin'
[2026-06-11 08:25:06Z INFO HostContext] Well known directory 'Root': 'C:\Users\highf\Downloads\hfs\actions-runner\actions-runner'
[2026-06-11 08:25:06Z INFO HostContext] Well known directory 'Work': 'C:\Users\highf\Downloads\hfs\actions-runner\actions-runner\_work'
[2026-06-11 08:25:06Z INFO HostContext] Well known directory 'Actions': 'C:\Users\highf\Downloads\hfs\actions-runner\actions-runner\_work\_actions'
[2026-06-11 08:25:06Z INFO ActionManifestManagerLegacy] Loaded action.yml file: {
  "name": "Checkout",
  "description": "Checkout a Git repository at a particular version",
  "inputs": {
    "type": 2,
    "map": [
      {
        "key": {
          "type": 0,
          "file": 2,
          "line": 4,
          "col": 3,
          "lit": "repository"
        },
        "value": {
          "type": 3,
          "file": 2,
          "line": 6,
          "col": 14,
          "expr": "github.repository"
        }
      },
      {
        "key": {
          "type": 0,
          "file": 2,
          "line": 7,
          "col": 3,
          "lit": "ref"
        },
        "value": ""
      },
      {
        "key": {
          "type": 0,
          "file": 2,
          "line": 12,
          "col": 3,
          "lit": "token"
        },
        "value": {
          "type": 3,
          "file": 2,
          "line": 24,
          "col": 14,
          "expr": "github.token"
        }
      },
      {
        "key": {
          "type": 0,
          "file": 2,
          "line": 25,
          "col": 3,
          "lit": "ssh-key"
        },
        "value": ""
      },
      {
        "key": {
          "type": 0,
          "file": 2,
          "line": 37,
          "col": 3,
          "lit": "ssh-known-hosts"
        },
        "value": ""
      },
      {
        "key": {
          "type": 0,
          "file": 2,
          "line": 42,
          "col": 3,
          "lit": "ssh-strict"
        },
        "value": {
          "type": 0,
          "file": 2,
          "line": 47,
          "col": 14,
          "lit": "true"
        }
      },
      {
        "key": {
          "type": 0,
          "file": 2,
          "line": 48,
          "col": 3,
          "lit": "ssh-user"
        },
        "value": {
          "type": 0,
          "file": 2,
          "line": 51,
          "col": 14,
          "lit": "git"
        }
      },
      {
        "key": {
          "type": 0,
          "file": 2,
          "line": 52,
          "col": 3,
          "lit": "persist-credentials"
        },
        "value": {
          "type": 0,
          "file": 2,
          "line": 54,
          "col": 14,
          "lit": "true"
        }
      },
      {
        "key": {
          "type": 0,
          "file": 2,
          "line": 55,
          "col": 3,
          "lit": "path"
        },
        "value": ""
      },
      {
        "key": {
          "type": 0,
          "file": 2,
          "line": 57,
          "col": 3,
          "lit": "clean"
        },
        "value": {
          "type": 0,
          "file": 2,
          "line": 59,
          "col": 14,
          "lit": "true"
        }
      },
      {
        "key": {
          "type": 0,
          "file": 2,
          "line": 60,
          "col": 3,
          "lit": "filter"
        },
        "value": {
          "type": 0,
          "file": 2,
          "line": 64,
          "col": 14,
          "lit": ""
        }
      },
      {
        "key": {
          "type": 0,
          "file": 2,
          "line": 65,
          "col": 3,
          "lit": "sparse-checkout"
        },
        "value": {
          "type": 0,
          "file": 2,
          "line": 69,
          "col": 14,
          "lit": ""
        }
      },
      {
        "key": {
          "type": 0,
          "file": 2,
          "line": 70,
          "col": 3,
          "lit": "sparse-checkout-cone-mode"
        },
        "value": {
          "type": 0,
          "file": 2,
          "line": 73,
          "col": 14,
          "lit": "true"
        }
      },
      {
        "key": {
          "type": 0,
          "file": 2,
          "line": 74,
          "col": 3,
          "lit": "fetch-depth"
        },
        "value": {
          "type": 0,
          "file": 2,
          "line": 76,
          "col": 14,
          "lit": "1"
        }
      },
      {
        "key": {
          "type": 0,
          "file": 2,
          "line": 77,
          "col": 3,
          "lit": "fetch-tags"
        },
        "value": {
          "type": 0,
          "file": 2,
          "line": 79,
          "col": 14,
          "lit": "false"
        }
      },
      {
        "key": {
          "type": 0,
          "file": 2,
          "line": 80,
          "col": 3,
          "lit": "show-progress"
        },
        "value": {
          "type": 0,
          "file": 2,
          "line": 82,
          "col": 14,
          "lit": "true"
        }
      },
      {
        "key": {
          "type": 0,
          "file": 2,
          "line": 83,
          "col": 3,
          "lit": "lfs"
        },
        "value": {
          "type": 0,
          "file": 2,
          "line": 85,
          "col": 14,
          "lit": "false"
        }
      },
      {
        "key": {
          "type": 0,
          "file": 2,
          "line": 86,
          "col": 3,
          "lit": "submodules"
        },
        "value": {
          "type": 0,
          "file": 2,
          "line": 94,
          "col": 14,
          "lit": "false"
        }
      },
      {
        "key": {
          "type": 0,
          "file": 2,
          "line": 95,
          "col": 3,
          "lit": "set-safe-directory"
        },
        "value": {
          "type": 0,
          "file": 2,
          "line": 97,
          "col": 14,
          "lit": "true"
        }
      },
      {
        "key": {
          "type": 0,
          "file": 2,
          "line": 98,
          "col": 3,
          "lit": "github-server-url"
        },
        "value": ""
      }
    ]
  },
  "execution": {
    "executionType": "nodeJS",
    "hasPre": false,
    "hasPost": true,
    "script": "dist/index.js",
    "pre": null,
    "post": "dist/index.js",
    "nodeVersion": "node20",
    "cleanupCondition": "always()",
    "initCondition": "always()"
  },
  "deprecated": null
}
[2026-06-11 08:25:06Z INFO ActionManager] Action node.js file: dist/index.js, no more preparation.
[2026-06-11 08:25:06Z INFO HostContext] Well known directory 'Bin': 'C:\Users\highf\Downloads\hfs\actions-runner\actions-runner\bin'
[2026-06-11 08:25:06Z INFO HostContext] Well known directory 'Root': 'C:\Users\highf\Downloads\hfs\actions-runner\actions-runner'
[2026-06-11 08:25:06Z INFO HostContext] Well known directory 'Work': 'C:\Users\highf\Downloads\hfs\actions-runner\actions-runner\_work'
[2026-06-11 08:25:06Z INFO HostContext] Well known directory 'Actions': 'C:\Users\highf\Downloads\hfs\actions-runner\actions-runner\_work\_actions'
[2026-06-11 08:25:06Z INFO ActionManager] Load action that reference repository from 'C:\Users\highf\Downloads\hfs\actions-runner\actions-runner\_work\_actions\actions\checkout\v4'
[2026-06-11 08:25:06Z INFO HostContext] Well known directory 'Bin': 'C:\Users\highf\Downloads\hfs\actions-runner\actions-runner\bin'
[2026-06-11 08:25:06Z INFO HostContext] Well known directory 'Root': 'C:\Users\highf\Downloads\hfs\actions-runner\actions-runner'
[2026-06-11 08:25:06Z INFO HostContext] Well known directory 'Work': 'C:\Users\highf\Downloads\hfs\actions-runner\actions-runner\_work'
[2026-06-11 08:25:06Z INFO HostContext] Well known directory 'Actions': 'C:\Users\highf\Downloads\hfs\actions-runner\actions-runner\_work\_actions'
[2026-06-11 08:25:06Z INFO ActionManifestManagerLegacy] Loaded action.yml file: {
  "name": "Checkout",
  "description": "Checkout a Git repository at a particular version",
  "inputs": {
    "type": 2,
    "map": [
      {
        "key": {
          "type": 0,
          "file": 2,
          "line": 4,
          "col": 3,
          "lit": "repository"
        },
        "value": {
          "type": 3,
          "file": 2,
          "line": 6,
          "col": 14,
          "expr": "github.repository"
        }
      },
      {
        "key": {
          "type": 0,
          "file": 2,
          "line": 7,
          "col": 3,
          "lit": "ref"
        },
        "value": ""
      },
      {
        "key": {
          "type": 0,
          "file": 2,
          "line": 12,
          "col": 3,
          "lit": "token"
        },
        "value": {
          "type": 3,
          "file": 2,
          "line": 24,
          "col": 14,
          "expr": "github.token"
        }
      },
      {
        "key": {
          "type": 0,
          "file": 2,
          "line": 25,
          "col": 3,
          "lit": "ssh-key"
        },
        "value": ""
      },
      {
        "key": {
          "type": 0,
          "file": 2,
          "line": 37,
          "col": 3,
          "lit": "ssh-known-hosts"
        },
        "value": ""
      },
      {
        "key": {
          "type": 0,
          "file": 2,
          "line": 42,
          "col": 3,
          "lit": "ssh-strict"
        },
        "value": {
          "type": 0,
          "file": 2,
          "line": 47,
          "col": 14,
          "lit": "true"
        }
      },
      {
        "key": {
          "type": 0,
          "file": 2,
          "line": 48,
          "col": 3,
          "lit": "ssh-user"
        },
        "value": {
          "type": 0,
          "file": 2,
          "line": 51,
          "col": 14,
          "lit": "git"
        }
      },
      {
        "key": {
          "type": 0,
          "file": 2,
          "line": 52,
          "col": 3,
          "lit": "persist-credentials"
        },
        "value": {
          "type": 0,
          "file": 2,
          "line": 54,
          "col": 14,
          "lit": "true"
        }
      },
      {
        "key": {
          "type": 0,
          "file": 2,
          "line": 55,
          "col": 3,
          "lit": "path"
        },
        "value": ""
      },
      {
        "key": {
          "type": 0,
          "file": 2,
          "line": 57,
          "col": 3,
          "lit": "clean"
        },
        "value": {
          "type": 0,
          "file": 2,
          "line": 59,
          "col": 14,
          "lit": "true"
        }
      },
      {
        "key": {
          "type": 0,
          "file": 2,
          "line": 60,
          "col": 3,
          "lit": "filter"
        },
        "value": {
          "type": 0,
          "file": 2,
          "line": 64,
          "col": 14,
          "lit": ""
        }
      },
      {
        "key": {
          "type": 0,
          "file": 2,
          "line": 65,
          "col": 3,
          "lit": "sparse-checkout"
        },
        "value": {
          "type": 0,
          "file": 2,
          "line": 69,
          "col": 14,
          "lit": ""
        }
      },
      {
        "key": {
          "type": 0,
          "file": 2,
          "line": 70,
          "col": 3,
          "lit": "sparse-checkout-cone-mode"
        },
        "value": {
          "type": 0,
          "file": 2,
          "line": 73,
          "col": 14,
          "lit": "true"
        }
      },
      {
        "key": {
          "type": 0,
          "file": 2,
          "line": 74,
          "col": 3,
          "lit": "fetch-depth"
        },
        "value": {
          "type": 0,
          "file": 2,
          "line": 76,
          "col": 14,
          "lit": "1"
        }
      },
      {
        "key": {
          "type": 0,
          "file": 2,
          "line": 77,
          "col": 3,
          "lit": "fetch-tags"
        },
        "value": {
          "type": 0,
          "file": 2,
          "line": 79,
          "col": 14,
          "lit": "false"
        }
      },
      {
        "key": {
          "type": 0,
          "file": 2,
          "line": 80,
          "col": 3,
          "lit": "show-progress"
        },
        "value": {
          "type": 0,
          "file": 2,
          "line": 82,
          "col": 14,
          "lit": "true"
        }
      },
      {
        "key": {
          "type": 0,
          "file": 2,
          "line": 83,
          "col": 3,
          "lit": "lfs"
        },
        "value": {
          "type": 0,
          "file": 2,
          "line": 85,
          "col": 14,
          "lit": "false"
        }
      },
      {
        "key": {
          "type": 0,
          "file": 2,
          "line": 86,
          "col": 3,
          "lit": "submodules"
        },
        "value": {
          "type": 0,
          "file": 2,
          "line": 94,
          "col": 14,
          "lit": "false"
        }
      },
      {
        "key": {
          "type": 0,
          "file": 2,
          "line": 95,
          "col": 3,
          "lit": "set-safe-directory"
        },
        "value": {
          "type": 0,
          "file": 2,
          "line": 97,
          "col": 14,
          "lit": "true"
        }
      },
      {
        "key": {
          "type": 0,
          "file": 2,
          "line": 98,
          "col": 3,
          "lit": "github-server-url"
        },
        "value": ""
      }
    ]
  },
  "execution": {
    "executionType": "nodeJS",
    "hasPre": false,
    "hasPost": true,
    "script": "dist/index.js",
    "pre": null,
    "post": "dist/index.js",
    "nodeVersion": "node20",
    "cleanupCondition": "always()",
    "initCondition": "always()"
  },
  "deprecated": null
}
[2026-06-11 08:25:06Z INFO ActionManager] Action pre node.js file: N/A.
[2026-06-11 08:25:06Z INFO ActionManager] Action node.js file: dist/index.js.
[2026-06-11 08:25:06Z INFO ActionManager] Action post node.js file: dist/index.js.
[2026-06-11 08:25:06Z INFO HostContext] Well known directory 'Bin': 'C:\Users\highf\Downloads\hfs\actions-runner\actions-runner\bin'
[2026-06-11 08:25:06Z INFO HostContext] Well known directory 'Root': 'C:\Users\highf\Downloads\hfs\actions-runner\actions-runner'
[2026-06-11 08:25:06Z INFO HostContext] Well known directory 'Work': 'C:\Users\highf\Downloads\hfs\actions-runner\actions-runner\_work'
[2026-06-11 08:25:06Z INFO HostContext] Well known directory 'Actions': 'C:\Users\highf\Downloads\hfs\actions-runner\actions-runner\_work\_actions'
[2026-06-11 08:25:06Z INFO HostContext] Well known directory 'Bin': 'C:\Users\highf\Downloads\hfs\actions-runner\actions-runner\bin'
[2026-06-11 08:25:06Z INFO HostContext] Well known directory 'Root': 'C:\Users\highf\Downloads\hfs\actions-runner\actions-runner'
[2026-06-11 08:25:06Z INFO HostContext] Well known directory 'Work': 'C:\Users\highf\Downloads\hfs\actions-runner\actions-runner\_work'
[2026-06-11 08:25:06Z INFO HostContext] Well known directory 'Actions': 'C:\Users\highf\Downloads\hfs\actions-runner\actions-runner\_work\_actions'
[2026-06-11 08:25:06Z INFO ActionManifestManagerLegacy] Ignore action property author.
[2026-06-11 08:25:06Z INFO ActionManifestManagerLegacy] Loaded action.yml file: {
  "name": "Setup Node.js environment",
  "description": "Setup a Node.js environment by adding problem matchers and optionally downloading and adding it to the PATH.",
  "inputs": {
    "type": 2,
    "map": [
      {
        "key": {
          "type": 0,
          "file": 3,
          "line": 5,
          "col": 3,
          "lit": "always-auth"
        },
        "value": {
          "type": 0,
          "file": 3,
          "line": 7,
          "col": 14,
          "lit": "false"
        }
      },
      {
        "key": {
          "type": 0,
          "file": 3,
          "line": 8,
          "col": 3,
          "lit": "node-version"
        },
        "value": ""
      },
      {
        "key": {
          "type": 0,
          "file": 3,
          "line": 10,
          "col": 3,
          "lit": "node-version-file"
        },
        "value": ""
      },
      {
        "key": {
          "type": 0,
          "file": 3,
          "line": 12,
          "col": 3,
          "lit": "architecture"
        },
        "value": ""
      },
      {
        "key": {
          "type": 0,
          "file": 3,
          "line": 14,
          "col": 3,
          "lit": "check-latest"
        },
        "value": {
          "type": 0,
          "file": 3,
          "line": 16,
          "col": 14,
          "lit": "false"
        }
      },
      {
        "key": {
          "type": 0,
          "file": 3,
          "line": 17,
          "col": 3,
          "lit": "registry-url"
        },
        "value": ""
      },
      {
        "key": {
          "type": 0,
          "file": 3,
          "line": 19,
          "col": 3,
          "lit": "scope"
        },
        "value": ""
      },
      {
        "key": {
          "type": 0,
          "file": 3,
          "line": 21,
          "col": 3,
          "lit": "token"
        },
        "value": {
          "type": 3,
          "file": 3,
          "line": 23,
          "col": 14,
          "expr": "github.server_url == 'https://github.com' && github.token || ''"
        }
      },
      {
        "key": {
          "type": 0,
          "file": 3,
          "line": 24,
          "col": 3,
          "lit": "cache"
        },
        "value": ""
      },
      {
        "key": {
          "type": 0,
          "file": 3,
          "line": 26,
          "col": 3,
          "lit": "cache-dependency-path"
        },
        "value": ""
      },
      {
        "key": {
          "type": 0,
          "file": 3,
          "line": 28,
          "col": 3,
          "lit": "mirror"
        },
        "value": ""
      },
      {
        "key": {
          "type": 0,
          "file": 3,
          "line": 30,
          "col": 3,
          "lit": "mirror-token"
        },
        "value": ""
      }
    ]
  },
  "execution": {
    "executionType": "nodeJS",
    "hasPre": false,
    "hasPost": true,
    "script": "dist/setup/index.js",
    "pre": null,
    "post": "dist/cache-save/index.js",
    "nodeVersion": "node20",
    "cleanupCondition": "success()",
    "initCondition": "always()"
  },
  "deprecated": null
}
[2026-06-11 08:25:06Z INFO ActionManager] Action node.js file: dist/setup/index.js, no more preparation.
[2026-06-11 08:25:06Z INFO HostContext] Well known directory 'Bin': 'C:\Users\highf\Downloads\hfs\actions-runner\actions-runner\bin'
[2026-06-11 08:25:06Z INFO HostContext] Well known directory 'Root': 'C:\Users\highf\Downloads\hfs\actions-runner\actions-runner'
[2026-06-11 08:25:06Z INFO HostContext] Well known directory 'Work': 'C:\Users\highf\Downloads\hfs\actions-runner\actions-runner\_work'
[2026-06-11 08:25:06Z INFO HostContext] Well known directory 'Actions': 'C:\Users\highf\Downloads\hfs\actions-runner\actions-runner\_work\_actions'
[2026-06-11 08:25:06Z INFO ActionManager] Load action that reference repository from 'C:\Users\highf\Downloads\hfs\actions-runner\actions-runner\_work\_actions\actions\setup-node\v4'
[2026-06-11 08:25:06Z INFO HostContext] Well known directory 'Bin': 'C:\Users\highf\Downloads\hfs\actions-runner\actions-runner\bin'
[2026-06-11 08:25:06Z INFO HostContext] Well known directory 'Root': 'C:\Users\highf\Downloads\hfs\actions-runner\actions-runner'
[2026-06-11 08:25:06Z INFO HostContext] Well known directory 'Work': 'C:\Users\highf\Downloads\hfs\actions-runner\actions-runner\_work'
[2026-06-11 08:25:06Z INFO HostContext] Well known directory 'Actions': 'C:\Users\highf\Downloads\hfs\actions-runner\actions-runner\_work\_actions'
[2026-06-11 08:25:06Z INFO ActionManifestManagerLegacy] Ignore action property author.
[2026-06-11 08:25:06Z INFO ActionManifestManagerLegacy] Loaded action.yml file: {
  "name": "Setup Node.js environment",
  "description": "Setup a Node.js environment by adding problem matchers and optionally downloading and adding it to the PATH.",
  "inputs": {
    "type": 2,
    "map": [
      {
        "key": {
          "type": 0,
          "file": 3,
          "line": 5,
          "col": 3,
          "lit": "always-auth"
        },
        "value": {
          "type": 0,
          "file": 3,
          "line": 7,
          "col": 14,
          "lit": "false"
        }
      },
      {
        "key": {
          "type": 0,
          "file": 3,
          "line": 8,
          "col": 3,
          "lit": "node-version"
        },
        "value": ""
      },
      {
        "key": {
          "type": 0,
          "file": 3,
          "line": 10,
          "col": 3,
          "lit": "node-version-file"
        },
        "value": ""
      },
      {
        "key": {
          "type": 0,
          "file": 3,
          "line": 12,
          "col": 3,
          "lit": "architecture"
        },
        "value": ""
      },
      {
        "key": {
          "type": 0,
          "file": 3,
          "line": 14,
          "col": 3,
          "lit": "check-latest"
        },
        "value": {
          "type": 0,
          "file": 3,
          "line": 16,
          "col": 14,
          "lit": "false"
        }
      },
      {
        "key": {
          "type": 0,
          "file": 3,
          "line": 17,
          "col": 3,
          "lit": "registry-url"
        },
        "value": ""
      },
      {
        "key": {
          "type": 0,
          "file": 3,
          "line": 19,
          "col": 3,
          "lit": "scope"
        },
        "value": ""
      },
      {
        "key": {
          "type": 0,
          "file": 3,
          "line": 21,
          "col": 3,
          "lit": "token"
        },
        "value": {
          "type": 3,
          "file": 3,
          "line": 23,
          "col": 14,
          "expr": "github.server_url == 'https://github.com' && github.token || ''"
        }
      },
      {
        "key": {
          "type": 0,
          "file": 3,
          "line": 24,
          "col": 3,
          "lit": "cache"
        },
        "value": ""
      },
      {
        "key": {
          "type": 0,
          "file": 3,
          "line": 26,
          "col": 3,
          "lit": "cache-dependency-path"
        },
        "value": ""
      },
      {
        "key": {
          "type": 0,
          "file": 3,
          "line": 28,
          "col": 3,
          "lit": "mirror"
        },
        "value": ""
      },
      {
        "key": {
          "type": 0,
          "file": 3,
          "line": 30,
          "col": 3,
          "lit": "mirror-token"
        },
        "value": ""
      }
    ]
  },
  "execution": {
    "executionType": "nodeJS",
    "hasPre": false,
    "hasPost": true,
    "script": "dist/setup/index.js",
    "pre": null,
    "post": "dist/cache-save/index.js",
    "nodeVersion": "node20",
    "cleanupCondition": "success()",
    "initCondition": "always()"
  },
  "deprecated": null
}
[2026-06-11 08:25:06Z INFO ActionManager] Action pre node.js file: N/A.
[2026-06-11 08:25:06Z INFO ActionManager] Action node.js file: dist/setup/index.js.
[2026-06-11 08:25:06Z INFO ActionManager] Action post node.js file: dist/cache-save/index.js.
[2026-06-11 08:25:06Z INFO JobExtension] Adding .
[2026-06-11 08:25:06Z INFO JobExtension] Adding .
[2026-06-11 08:25:06Z INFO JobExtension] Adding .
[2026-06-11 08:25:06Z INFO JobExtension] Adding .
[2026-06-11 08:25:06Z INFO JobExtension] Adding .
[2026-06-11 08:25:06Z INFO JobExtension] Adding .
[2026-06-11 08:25:06Z INFO HostContext] Well known directory 'Bin': 'C:\Users\highf\Downloads\hfs\actions-runner\actions-runner\bin'
[2026-06-11 08:25:06Z INFO HostContext] Well known directory 'Root': 'C:\Users\highf\Downloads\hfs\actions-runner\actions-runner'
[2026-06-11 08:25:06Z INFO HostContext] Well known directory 'Diag': 'C:\Users\highf\Downloads\hfs\actions-runner\actions-runner\_diag'
[2026-06-11 08:25:06Z INFO HostContext] Well known directory 'Bin': 'C:\Users\highf\Downloads\hfs\actions-runner\actions-runner\bin'
[2026-06-11 08:25:06Z INFO HostContext] Well known directory 'Root': 'C:\Users\highf\Downloads\hfs\actions-runner\actions-runner'
[2026-06-11 08:25:06Z INFO HostContext] Well known directory 'Diag': 'C:\Users\highf\Downloads\hfs\actions-runner\actions-runner\_diag'
[2026-06-11 08:25:06Z INFO HostContext] Well known directory 'Bin': 'C:\Users\highf\Downloads\hfs\actions-runner\actions-runner\bin'
[2026-06-11 08:25:06Z INFO HostContext] Well known directory 'Root': 'C:\Users\highf\Downloads\hfs\actions-runner\actions-runner'
[2026-06-11 08:25:06Z INFO HostContext] Well known directory 'Diag': 'C:\Users\highf\Downloads\hfs\actions-runner\actions-runner\_diag'
[2026-06-11 08:25:06Z INFO HostContext] Well known directory 'Bin': 'C:\Users\highf\Downloads\hfs\actions-runner\actions-runner\bin'
[2026-06-11 08:25:06Z INFO HostContext] Well known directory 'Root': 'C:\Users\highf\Downloads\hfs\actions-runner\actions-runner'
[2026-06-11 08:25:06Z INFO HostContext] Well known directory 'Diag': 'C:\Users\highf\Downloads\hfs\actions-runner\actions-runner\_diag'
[2026-06-11 08:25:06Z INFO HostContext] Well known directory 'Bin': 'C:\Users\highf\Downloads\hfs\actions-runner\actions-runner\bin'
[2026-06-11 08:25:06Z INFO HostContext] Well known directory 'Root': 'C:\Users\highf\Downloads\hfs\actions-runner\actions-runner'
[2026-06-11 08:25:06Z INFO HostContext] Well known directory 'Diag': 'C:\Users\highf\Downloads\hfs\actions-runner\actions-runner\_diag'
[2026-06-11 08:25:06Z INFO HostContext] Well known directory 'Bin': 'C:\Users\highf\Downloads\hfs\actions-runner\actions-runner\bin'
[2026-06-11 08:25:06Z INFO HostContext] Well known directory 'Root': 'C:\Users\highf\Downloads\hfs\actions-runner\actions-runner'
[2026-06-11 08:25:06Z INFO HostContext] Well known directory 'Diag': 'C:\Users\highf\Downloads\hfs\actions-runner\actions-runner\_diag'
[2026-06-11 08:25:06Z INFO HostContext] Well known directory 'Bin': 'C:\Users\highf\Downloads\hfs\actions-runner\actions-runner\bin'
[2026-06-11 08:25:06Z INFO HostContext] Well known directory 'Root': 'C:\Users\highf\Downloads\hfs\actions-runner\actions-runner'
[2026-06-11 08:25:06Z INFO HostContext] Well known directory 'Diag': 'C:\Users\highf\Downloads\hfs\actions-runner\actions-runner\_diag'
[2026-06-11 08:25:06Z INFO HostContext] Well known directory 'Bin': 'C:\Users\highf\Downloads\hfs\actions-runner\actions-runner\bin'
[2026-06-11 08:25:06Z INFO HostContext] Well known directory 'Root': 'C:\Users\highf\Downloads\hfs\actions-runner\actions-runner'
[2026-06-11 08:25:06Z INFO HostContext] Well known directory 'Diag': 'C:\Users\highf\Downloads\hfs\actions-runner\actions-runner\_diag'
[2026-06-11 08:25:06Z INFO HostContext] Well known directory 'Bin': 'C:\Users\highf\Downloads\hfs\actions-runner\actions-runner\bin'
[2026-06-11 08:25:06Z INFO HostContext] Well known directory 'Root': 'C:\Users\highf\Downloads\hfs\actions-runner\actions-runner'
[2026-06-11 08:25:06Z INFO HostContext] Well known directory 'Diag': 'C:\Users\highf\Downloads\hfs\actions-runner\actions-runner\_diag'
[2026-06-11 08:25:06Z INFO HostContext] Well known directory 'Bin': 'C:\Users\highf\Downloads\hfs\actions-runner\actions-runner\bin'
[2026-06-11 08:25:06Z INFO HostContext] Well known directory 'Root': 'C:\Users\highf\Downloads\hfs\actions-runner\actions-runner'
[2026-06-11 08:25:06Z INFO HostContext] Well known directory 'Diag': 'C:\Users\highf\Downloads\hfs\actions-runner\actions-runner\_diag'
[2026-06-11 08:25:06Z INFO HostContext] Well known directory 'Bin': 'C:\Users\highf\Downloads\hfs\actions-runner\actions-runner\bin'
[2026-06-11 08:25:06Z INFO HostContext] Well known directory 'Root': 'C:\Users\highf\Downloads\hfs\actions-runner\actions-runner'
[2026-06-11 08:25:06Z INFO HostContext] Well known directory 'Diag': 'C:\Users\highf\Downloads\hfs\actions-runner\actions-runner\_diag'
[2026-06-11 08:25:06Z INFO HostContext] Well known directory 'Bin': 'C:\Users\highf\Downloads\hfs\actions-runner\actions-runner\bin'
[2026-06-11 08:25:06Z INFO HostContext] Well known directory 'Root': 'C:\Users\highf\Downloads\hfs\actions-runner\actions-runner'
[2026-06-11 08:25:06Z INFO HostContext] Well known directory 'Diag': 'C:\Users\highf\Downloads\hfs\actions-runner\actions-runner\_diag'
[2026-06-11 08:25:06Z INFO JobServerQueue] Try to append 1 batches web console lines for record 'a48185b7-d534-4334-8f1a-eb0ae0c5a0f2', success rate: 1/1.
[2026-06-11 08:25:06Z INFO JobExtension] Total accessible running process: 306.
[2026-06-11 08:25:07Z INFO HostContext] Well known directory 'Bin': 'C:\Users\highf\Downloads\hfs\actions-runner\actions-runner\bin'
[2026-06-11 08:25:07Z INFO HostContext] Well known directory 'Root': 'C:\Users\highf\Downloads\hfs\actions-runner\actions-runner'
[2026-06-11 08:25:07Z INFO HostContext] Well known directory 'Work': 'C:\Users\highf\Downloads\hfs\actions-runner\actions-runner\_work'
[2026-06-11 08:25:07Z INFO JobExtension] Start checking server connectivity.
[2026-06-11 08:25:07Z INFO JobExtension] Check server connectivity for https://broker.actions.githubusercontent.com/health.
[2026-06-11 08:25:07Z INFO JobExtension] Check server connectivity for https://token.actions.githubusercontent.com/ready.
[2026-06-11 08:25:07Z INFO JobExtension] Check server connectivity for https://run.actions.githubusercontent.com/health.
[2026-06-11 08:25:07Z INFO JobExtension] Start checking service connectivity in background.
[2026-06-11 08:25:07Z INFO ExecutionContext] Publish step telemetry for current step {
  "action": "setup_job",
  "type": "runner",
  "stage": "Pre",
  "stepId": "a48185b7-d534-4334-8f1a-eb0ae0c5a0f2",
  "result": "succeeded",
  "errorMessages": [],
  "executionTimeInSeconds": 5,
  "startTime": "2026-06-11T08:25:02.6781982Z",
  "finishTime": "2026-06-11T08:25:07.0073254Z"
}.
[2026-06-11 08:25:07Z INFO JobRunner] Total job steps: 6.
[2026-06-11 08:25:07Z INFO JobRunner] Run all job steps.
[2026-06-11 08:25:07Z INFO DapDebugger] DapDebugger initialized
[2026-06-11 08:25:07Z INFO StepsRunner] Processing step: DisplayName='Run actions/checkout@v4'
[2026-06-11 08:25:07Z INFO StepsRunner] Evaluating: success()
[2026-06-11 08:25:07Z INFO StepsRunner] Result: true
[2026-06-11 08:25:07Z INFO StepsRunner] Starting the step.
[2026-06-11 08:25:07Z INFO HostContext] Well known directory 'Bin': 'C:\Users\highf\Downloads\hfs\actions-runner\actions-runner\bin'
[2026-06-11 08:25:07Z INFO HostContext] Well known directory 'Root': 'C:\Users\highf\Downloads\hfs\actions-runner\actions-runner'
[2026-06-11 08:25:07Z INFO HostContext] Well known directory 'Work': 'C:\Users\highf\Downloads\hfs\actions-runner\actions-runner\_work'
[2026-06-11 08:25:07Z INFO StepsRunner] Which2: 'chcp'
[2026-06-11 08:25:07Z INFO StepsRunner] Location: 'C:\WINDOWS\system32\chcp.COM'
[2026-06-11 08:25:07Z INFO ProcessInvokerWrapper] Starting process:
[2026-06-11 08:25:07Z INFO ProcessInvokerWrapper]   File name: 'C:\WINDOWS\system32\chcp.COM'
[2026-06-11 08:25:07Z INFO ProcessInvokerWrapper]   Arguments: '65001'
[2026-06-11 08:25:07Z INFO ProcessInvokerWrapper]   Working directory: 'C:\Users\highf\Downloads\hfs\actions-runner\actions-runner\_work'
[2026-06-11 08:25:07Z INFO ProcessInvokerWrapper]   Require exit code zero: 'False'
[2026-06-11 08:25:07Z INFO ProcessInvokerWrapper]   Encoding web name:  ; code page: ''
[2026-06-11 08:25:07Z INFO ProcessInvokerWrapper]   Force kill process on cancellation: 'False'
[2026-06-11 08:25:07Z INFO ProcessInvokerWrapper]   Redirected STDIN: 'False'
[2026-06-11 08:25:07Z INFO ProcessInvokerWrapper]   Persist current code page: 'True'
[2026-06-11 08:25:07Z INFO ProcessInvokerWrapper]   Keep redirected STDIN open: 'False'
[2026-06-11 08:25:07Z INFO ProcessInvokerWrapper]   High priority process: 'False'
[2026-06-11 08:25:07Z INFO ProcessInvokerWrapper] Process started with process id 5312, waiting for process exit.
[2026-06-11 08:25:07Z INFO ProcessInvokerWrapper] STDOUT/STDERR stream read finished.
[2026-06-11 08:25:07Z INFO ProcessInvokerWrapper] STDOUT/STDERR stream read finished.
[2026-06-11 08:25:07Z INFO ProcessInvokerWrapper] Finished process 5312 with exit code 0, and elapsed time 00:00:00.0713994.
[2026-06-11 08:25:07Z INFO StepsRunner] Successfully returned to code page 65001 (UTF8)
[2026-06-11 08:25:07Z INFO HostContext] Well known directory 'Bin': 'C:\Users\highf\Downloads\hfs\actions-runner\actions-runner\bin'
[2026-06-11 08:25:07Z INFO HostContext] Well known directory 'Root': 'C:\Users\highf\Downloads\hfs\actions-runner\actions-runner'
[2026-06-11 08:25:07Z INFO HostContext] Well known directory 'Work': 'C:\Users\highf\Downloads\hfs\actions-runner\actions-runner\_work'
[2026-06-11 08:25:07Z INFO HostContext] Well known directory 'Actions': 'C:\Users\highf\Downloads\hfs\actions-runner\actions-runner\_work\_actions'
[2026-06-11 08:25:07Z INFO ActionManager] Load action that reference repository from 'C:\Users\highf\Downloads\hfs\actions-runner\actions-runner\_work\_actions\actions\checkout\v4'
[2026-06-11 08:25:07Z INFO HostContext] Well known directory 'Bin': 'C:\Users\highf\Downloads\hfs\actions-runner\actions-runner\bin'
[2026-06-11 08:25:07Z INFO HostContext] Well known directory 'Root': 'C:\Users\highf\Downloads\hfs\actions-runner\actions-runner'
[2026-06-11 08:25:07Z INFO HostContext] Well known directory 'Work': 'C:\Users\highf\Downloads\hfs\actions-runner\actions-runner\_work'
[2026-06-11 08:25:07Z INFO HostContext] Well known directory 'Actions': 'C:\Users\highf\Downloads\hfs\actions-runner\actions-runner\_work\_actions'
[2026-06-11 08:25:07Z INFO ActionManifestManagerLegacy] Loaded action.yml file: {
  "name": "Checkout",
  "description": "Checkout a Git repository at a particular version",
  "inputs": {
    "type": 2,
    "map": [
      {
        "key": {
          "type": 0,
          "file": 2,
          "line": 4,
          "col": 3,
          "lit": "repository"
        },
        "value": {
          "type": 3,
          "file": 2,
          "line": 6,
          "col": 14,
          "expr": "github.repository"
        }
      },
      {
        "key": {
          "type": 0,
          "file": 2,
          "line": 7,
          "col": 3,
          "lit": "ref"
        },
        "value": ""
      },
      {
        "key": {
          "type": 0,
          "file": 2,
          "line": 12,
          "col": 3,
          "lit": "token"
        },
        "value": {
          "type": 3,
          "file": 2,
          "line": 24,
          "col": 14,
          "expr": "github.token"
        }
      },
      {
        "key": {
          "type": 0,
          "file": 2,
          "line": 25,
          "col": 3,
          "lit": "ssh-key"
        },
        "value": ""
      },
      {
        "key": {
          "type": 0,
          "file": 2,
          "line": 37,
          "col": 3,
          "lit": "ssh-known-hosts"
        },
        "value": ""
      },
      {
        "key": {
          "type": 0,
          "file": 2,
          "line": 42,
          "col": 3,
          "lit": "ssh-strict"
        },
        "value": {
          "type": 0,
          "file": 2,
          "line": 47,
          "col": 14,
          "lit": "true"
        }
      },
      {
        "key": {
          "type": 0,
          "file": 2,
          "line": 48,
          "col": 3,
          "lit": "ssh-user"
        },
        "value": {
          "type": 0,
          "file": 2,
          "line": 51,
          "col": 14,
          "lit": "git"
        }
      },
      {
        "key": {
          "type": 0,
          "file": 2,
          "line": 52,
          "col": 3,
          "lit": "persist-credentials"
        },
        "value": {
          "type": 0,
          "file": 2,
          "line": 54,
          "col": 14,
          "lit": "true"
        }
      },
      {
        "key": {
          "type": 0,
          "file": 2,
          "line": 55,
          "col": 3,
          "lit": "path"
        },
        "value": ""
      },
      {
        "key": {
          "type": 0,
          "file": 2,
          "line": 57,
          "col": 3,
          "lit": "clean"
        },
        "value": {
          "type": 0,
          "file": 2,
          "line": 59,
          "col": 14,
          "lit": "true"
        }
      },
      {
        "key": {
          "type": 0,
          "file": 2,
          "line": 60,
          "col": 3,
          "lit": "filter"
        },
        "value": {
          "type": 0,
          "file": 2,
          "line": 64,
          "col": 14,
          "lit": ""
        }
      },
      {
        "key": {
          "type": 0,
          "file": 2,
          "line": 65,
          "col": 3,
          "lit": "sparse-checkout"
        },
        "value": {
          "type": 0,
          "file": 2,
          "line": 69,
          "col": 14,
          "lit": ""
        }
      },
      {
        "key": {
          "type": 0,
          "file": 2,
          "line": 70,
          "col": 3,
          "lit": "sparse-checkout-cone-mode"
        },
        "value": {
          "type": 0,
          "file": 2,
          "line": 73,
          "col": 14,
          "lit": "true"
        }
      },
      {
        "key": {
          "type": 0,
          "file": 2,
          "line": 74,
          "col": 3,
          "lit": "fetch-depth"
        },
        "value": {
          "type": 0,
          "file": 2,
          "line": 76,
          "col": 14,
          "lit": "1"
        }
      },
      {
        "key": {
          "type": 0,
          "file": 2,
          "line": 77,
          "col": 3,
          "lit": "fetch-tags"
        },
        "value": {
          "type": 0,
          "file": 2,
          "line": 79,
          "col": 14,
          "lit": "false"
        }
      },
      {
        "key": {
          "type": 0,
          "file": 2,
          "line": 80,
          "col": 3,
          "lit": "show-progress"
        },
        "value": {
          "type": 0,
          "file": 2,
          "line": 82,
          "col": 14,
          "lit": "true"
        }
      },
      {
        "key": {
          "type": 0,
          "file": 2,
          "line": 83,
          "col": 3,
          "lit": "lfs"
        },
        "value": {
          "type": 0,
          "file": 2,
          "line": 85,
          "col": 14,
          "lit": "false"
        }
      },
      {
        "key": {
          "type": 0,
          "file": 2,
          "line": 86,
          "col": 3,
          "lit": "submodules"
        },
        "value": {
          "type": 0,
          "file": 2,
          "line": 94,
          "col": 14,
          "lit": "false"
        }
      },
      {
        "key": {
          "type": 0,
          "file": 2,
          "line": 95,
          "col": 3,
          "lit": "set-safe-directory"
        },
        "value": {
          "type": 0,
          "file": 2,
          "line": 97,
          "col": 14,
          "lit": "true"
        }
      },
      {
        "key": {
          "type": 0,
          "file": 2,
          "line": 98,
          "col": 3,
          "lit": "github-server-url"
        },
        "value": ""
      }
    ]
  },
  "execution": {
    "executionType": "nodeJS",
    "hasPre": false,
    "hasPost": true,
    "script": "dist/index.js",
    "pre": null,
    "post": "dist/index.js",
    "nodeVersion": "node20",
    "cleanupCondition": "always()",
    "initCondition": "always()"
  },
  "deprecated": null
}
[2026-06-11 08:25:07Z INFO ActionManager] Action pre node.js file: N/A.
[2026-06-11 08:25:07Z INFO ActionManager] Action node.js file: dist/index.js.
[2026-06-11 08:25:07Z INFO ActionManager] Action post node.js file: dist/index.js.
[2026-06-11 08:25:07Z INFO ExecutionContext] Reserve record order 8 to 14 for post job actions.
[2026-06-11 08:25:07Z INFO HostContext] Well known directory 'Bin': 'C:\Users\highf\Downloads\hfs\actions-runner\actions-runner\bin'
[2026-06-11 08:25:07Z INFO HostContext] Well known directory 'Root': 'C:\Users\highf\Downloads\hfs\actions-runner\actions-runner'
[2026-06-11 08:25:07Z INFO HostContext] Well known directory 'Diag': 'C:\Users\highf\Downloads\hfs\actions-runner\actions-runner\_diag'
[2026-06-11 08:25:07Z INFO HostContext] Well known directory 'Bin': 'C:\Users\highf\Downloads\hfs\actions-runner\actions-runner\bin'
[2026-06-11 08:25:07Z INFO HostContext] Well known directory 'Root': 'C:\Users\highf\Downloads\hfs\actions-runner\actions-runner'
[2026-06-11 08:25:07Z INFO HostContext] Well known directory 'Diag': 'C:\Users\highf\Downloads\hfs\actions-runner\actions-runner\_diag'
[2026-06-11 08:25:07Z INFO HostContext] Well known directory 'Bin': 'C:\Users\highf\Downloads\hfs\actions-runner\actions-runner\bin'
[2026-06-11 08:25:07Z INFO HostContext] Well known directory 'Root': 'C:\Users\highf\Downloads\hfs\actions-runner\actions-runner'
[2026-06-11 08:25:07Z INFO HostContext] Well known directory 'Work': 'C:\Users\highf\Downloads\hfs\actions-runner\actions-runner\_work'
[2026-06-11 08:25:07Z INFO HostContext] Well known directory 'Temp': 'C:\Users\highf\Downloads\hfs\actions-runner\actions-runner\_work\_temp'
[2026-06-11 08:25:07Z INFO ExecutionContext] Write event payload to C:\Users\highf\Downloads\hfs\actions-runner\actions-runner\_work\_temp\_github_workflow\event.json
[2026-06-11 08:25:07Z INFO HostContext] Well known directory 'Bin': 'C:\Users\highf\Downloads\hfs\actions-runner\actions-runner\bin'
[2026-06-11 08:25:07Z INFO HostContext] Well known directory 'Root': 'C:\Users\highf\Downloads\hfs\actions-runner\actions-runner'
[2026-06-11 08:25:07Z INFO HostContext] Well known directory 'Work': 'C:\Users\highf\Downloads\hfs\actions-runner\actions-runner\_work'
[2026-06-11 08:25:07Z INFO HostContext] Well known directory 'Temp': 'C:\Users\highf\Downloads\hfs\actions-runner\actions-runner\_work\_temp'
[2026-06-11 08:25:07Z INFO ExtensionManager] Getting extensions for interface: 'GitHub.Runner.Worker.IFileCommandExtension'
[2026-06-11 08:25:07Z INFO ExtensionManager] Creating instance: GitHub.Runner.Worker.AddPathFileCommand, Runner.Worker
[2026-06-11 08:25:07Z INFO ExtensionManager] Creating instance: GitHub.Runner.Worker.SetEnvFileCommand, Runner.Worker
[2026-06-11 08:25:07Z INFO ExtensionManager] Creating instance: GitHub.Runner.Worker.CreateStepSummaryCommand, Runner.Worker
[2026-06-11 08:25:07Z INFO ExtensionManager] Creating instance: GitHub.Runner.Worker.SaveStateFileCommand, Runner.Worker
[2026-06-11 08:25:07Z INFO ExtensionManager] Creating instance: GitHub.Runner.Worker.SetOutputFileCommand, Runner.Worker
[2026-06-11 08:25:07Z INFO ActionManifestManagerLegacy] Input 'repository': default value evaluate result: {
  "type": 0,
  "file": 2,
  "line": 6,
  "col": 14,
  "lit": "sitaramm25/hfs-uber-sync"
}
[2026-06-11 08:25:07Z INFO ActionManifestManagerLegacy] Input 'ref': default value evaluate result: ""
[2026-06-11 08:25:07Z INFO ActionManifestManagerLegacy] Input 'token': default value evaluate result: {
  "type": 0,
  "file": 2,
  "line": 24,
  "col": 14,
  "lit": "***"
}
[2026-06-11 08:25:07Z INFO ActionManifestManagerLegacy] Input 'ssh-key': default value evaluate result: ""
[2026-06-11 08:25:07Z INFO ActionManifestManagerLegacy] Input 'ssh-known-hosts': default value evaluate result: ""
[2026-06-11 08:25:07Z INFO ActionManifestManagerLegacy] Input 'ssh-strict': default value evaluate result: {
  "type": 0,
  "file": 2,
  "line": 47,
  "col": 14,
  "lit": "true"
}
[2026-06-11 08:25:07Z INFO ActionManifestManagerLegacy] Input 'ssh-user': default value evaluate result: {
  "type": 0,
  "file": 2,
  "line": 51,
  "col": 14,
  "lit": "git"
}
[2026-06-11 08:25:07Z INFO ActionManifestManagerLegacy] Input 'persist-credentials': default value evaluate result: {
  "type": 0,
  "file": 2,
  "line": 54,
  "col": 14,
  "lit": "true"
}
[2026-06-11 08:25:07Z INFO ActionManifestManagerLegacy] Input 'path': default value evaluate result: ""
[2026-06-11 08:25:07Z INFO ActionManifestManagerLegacy] Input 'clean': default value evaluate result: {
  "type": 0,
  "file": 2,
  "line": 59,
  "col": 14,
  "lit": "true"
}
[2026-06-11 08:25:07Z INFO ActionManifestManagerLegacy] Input 'filter': default value evaluate result: {
  "type": 0,
  "file": 2,
  "line": 64,
  "col": 14,
  "lit": ""
}
[2026-06-11 08:25:07Z INFO ActionManifestManagerLegacy] Input 'sparse-checkout': default value evaluate result: {
  "type": 0,
  "file": 2,
  "line": 69,
  "col": 14,
  "lit": ""
}
[2026-06-11 08:25:07Z INFO ActionManifestManagerLegacy] Input 'sparse-checkout-cone-mode': default value evaluate result: {
  "type": 0,
  "file": 2,
  "line": 73,
  "col": 14,
  "lit": "true"
}
[2026-06-11 08:25:07Z INFO ActionManifestManagerLegacy] Input 'fetch-tags': default value evaluate result: {
  "type": 0,
  "file": 2,
  "line": 79,
  "col": 14,
  "lit": "false"
}
[2026-06-11 08:25:07Z INFO ActionManifestManagerLegacy] Input 'show-progress': default value evaluate result: {
  "type": 0,
  "file": 2,
  "line": 82,
  "col": 14,
  "lit": "true"
}
[2026-06-11 08:25:07Z INFO ActionManifestManagerLegacy] Input 'lfs': default value evaluate result: {
  "type": 0,
  "file": 2,
  "line": 85,
  "col": 14,
  "lit": "false"
}
[2026-06-11 08:25:07Z INFO ActionManifestManagerLegacy] Input 'submodules': default value evaluate result: {
  "type": 0,
  "file": 2,
  "line": 94,
  "col": 14,
  "lit": "false"
}
[2026-06-11 08:25:07Z INFO ActionManifestManagerLegacy] Input 'set-safe-directory': default value evaluate result: {
  "type": 0,
  "file": 2,
  "line": 97,
  "col": 14,
  "lit": "true"
}
[2026-06-11 08:25:07Z INFO ActionManifestManagerLegacy] Input 'github-server-url': default value evaluate result: ""
[2026-06-11 08:25:07Z INFO ExtensionManager] Getting extensions for interface: 'GitHub.Runner.Worker.IActionCommandExtension'
[2026-06-11 08:25:07Z INFO ExtensionManager] Creating instance: GitHub.Runner.Worker.InternalPluginSetRepoPathCommandExtension, Runner.Worker
[2026-06-11 08:25:07Z INFO ExtensionManager] Creating instance: GitHub.Runner.Worker.SetEnvCommandExtension, Runner.Worker
[2026-06-11 08:25:07Z INFO ExtensionManager] Creating instance: GitHub.Runner.Worker.SetOutputCommandExtension, Runner.Worker
[2026-06-11 08:25:07Z INFO ExtensionManager] Creating instance: GitHub.Runner.Worker.SaveStateCommandExtension, Runner.Worker
[2026-06-11 08:25:07Z INFO ExtensionManager] Creating instance: GitHub.Runner.Worker.AddPathCommandExtension, Runner.Worker
[2026-06-11 08:25:07Z INFO ExtensionManager] Creating instance: GitHub.Runner.Worker.AddMaskCommandExtension, Runner.Worker
[2026-06-11 08:25:07Z INFO ExtensionManager] Creating instance: GitHub.Runner.Worker.AddMatcherCommandExtension, Runner.Worker
[2026-06-11 08:25:07Z INFO ExtensionManager] Creating instance: GitHub.Runner.Worker.RemoveMatcherCommandExtension, Runner.Worker
[2026-06-11 08:25:07Z INFO ExtensionManager] Creating instance: GitHub.Runner.Worker.WarningCommandExtension, Runner.Worker
[2026-06-11 08:25:07Z INFO ExtensionManager] Creating instance: GitHub.Runner.Worker.ErrorCommandExtension, Runner.Worker
[2026-06-11 08:25:07Z INFO ExtensionManager] Creating instance: GitHub.Runner.Worker.NoticeCommandExtension, Runner.Worker
[2026-06-11 08:25:07Z INFO ExtensionManager] Creating instance: GitHub.Runner.Worker.DebugCommandExtension, Runner.Worker
[2026-06-11 08:25:07Z INFO ExtensionManager] Creating instance: GitHub.Runner.Worker.GroupCommandExtension, Runner.Worker
[2026-06-11 08:25:07Z INFO ExtensionManager] Creating instance: GitHub.Runner.Worker.EndGroupCommandExtension, Runner.Worker
[2026-06-11 08:25:07Z INFO ExtensionManager] Creating instance: GitHub.Runner.Worker.EchoCommandExtension, Runner.Worker
[2026-06-11 08:25:07Z INFO ActionCommandManager] Register action command extension for command internal-set-repo-path
[2026-06-11 08:25:07Z INFO ActionCommandManager] Register action command extension for command set-env
[2026-06-11 08:25:07Z INFO ActionCommandManager] Register action command extension for command set-output
[2026-06-11 08:25:07Z INFO ActionCommandManager] Register action command extension for command save-state
[2026-06-11 08:25:07Z INFO ActionCommandManager] Register action command extension for command add-path
[2026-06-11 08:25:07Z INFO ActionCommandManager] Register action command extension for command add-mask
[2026-06-11 08:25:07Z INFO ActionCommandManager] Register action command extension for command add-matcher
[2026-06-11 08:25:07Z INFO ActionCommandManager] Register action command extension for command remove-matcher
[2026-06-11 08:25:07Z INFO ActionCommandManager] Register action command extension for command warning
[2026-06-11 08:25:07Z INFO ActionCommandManager] Register action command extension for command error
[2026-06-11 08:25:07Z INFO ActionCommandManager] Register action command extension for command notice
[2026-06-11 08:25:07Z INFO ActionCommandManager] Register action command extension for command debug
[2026-06-11 08:25:07Z INFO ActionCommandManager] Register action command extension for command group
[2026-06-11 08:25:07Z INFO ActionCommandManager] Register action command extension for command endgroup
[2026-06-11 08:25:07Z INFO ActionCommandManager] Register action command extension for command echo
[2026-06-11 08:25:07Z INFO HostContext] Well known directory 'Bin': 'C:\Users\highf\Downloads\hfs\actions-runner\actions-runner\bin'
[2026-06-11 08:25:07Z INFO HostContext] Well known directory 'Root': 'C:\Users\highf\Downloads\hfs\actions-runner\actions-runner'
[2026-06-11 08:25:07Z INFO HostContext] Well known directory 'Externals': 'C:\Users\highf\Downloads\hfs\actions-runner\actions-runner\externals'
[2026-06-11 08:25:07Z INFO ProcessInvokerWrapper] Starting process:
[2026-06-11 08:25:07Z INFO ProcessInvokerWrapper]   File name: 'C:\Users\highf\Downloads\hfs\actions-runner\actions-runner\externals\node20\bin\node.exe'
[2026-06-11 08:25:07Z INFO ProcessInvokerWrapper]   Arguments: '"C:\Users\highf\Downloads\hfs\actions-runner\actions-runner\_work\_actions\actions\checkout\v4\dist/index.js"'
[2026-06-11 08:25:07Z INFO ProcessInvokerWrapper]   Working directory: 'C:\Users\highf\Downloads\hfs\actions-runner\actions-runner\_work\hfs-uber-sync\hfs-uber-sync'
[2026-06-11 08:25:07Z INFO ProcessInvokerWrapper]   Require exit code zero: 'False'
[2026-06-11 08:25:07Z INFO ProcessInvokerWrapper]   Encoding web name: utf-8 ; code page: '65001'
[2026-06-11 08:25:07Z INFO ProcessInvokerWrapper]   Force kill process on cancellation: 'False'
[2026-06-11 08:25:07Z INFO ProcessInvokerWrapper]   Redirected STDIN: 'False'
[2026-06-11 08:25:07Z INFO ProcessInvokerWrapper]   Persist current code page: 'True'
[2026-06-11 08:25:07Z INFO ProcessInvokerWrapper]   Keep redirected STDIN open: 'False'
[2026-06-11 08:25:07Z INFO ProcessInvokerWrapper]   High priority process: 'False'
[2026-06-11 08:25:07Z INFO ProcessInvokerWrapper] Process started with process id 19000, waiting for process exit.
[2026-06-11 08:25:07Z INFO JobServerQueue] Try to append 1 batches web console lines for record '52476921-2d7f-4942-bb2e-35b2265dfee4', success rate: 1/1.
[2026-06-11 08:25:07Z INFO AddMaskCommandExtension] Add new secret mask with length of 588
[2026-06-11 08:25:07Z INFO JobServerQueue] Got a step log file to send to results service.
[2026-06-11 08:25:07Z INFO JobServerQueue] Starting upload of step log file to results service ResultsLog, C:\Users\highf\Downloads\hfs\actions-runner\actions-runner\_diag\blocks\4bd86fb4-e3a2-4683-91bc-714d9a1f627b_a48185b7-d534-4334-8f1a-eb0ae0c5a0f2.1
[2026-06-11 08:25:07Z INFO JobServerQueue] Try to upload 1 log files or attachments, success rate: 1/1.
[2026-06-11 08:25:07Z INFO JobServerQueue] Try to append 1 batches web console lines for record '52476921-2d7f-4942-bb2e-35b2265dfee4', success rate: 1/1.
[2026-06-11 08:25:08Z INFO JobServerQueue] Try to append 1 batches web console lines for record '52476921-2d7f-4942-bb2e-35b2265dfee4', success rate: 1/1.
[2026-06-11 08:25:08Z INFO JobServerQueue] Try to append 1 batches web console lines for record '52476921-2d7f-4942-bb2e-35b2265dfee4', success rate: 1/1.
[2026-06-11 08:25:08Z INFO JobServerQueue] Try to append 1 batches web console lines for record '52476921-2d7f-4942-bb2e-35b2265dfee4', success rate: 1/1.
[2026-06-11 08:25:09Z INFO JobServerQueue] Tried to upload 1 file(s) to results, success rate: 1/1.
[2026-06-11 08:25:09Z INFO JobServerQueue] Try to append 1 batches web console lines for record '52476921-2d7f-4942-bb2e-35b2265dfee4', success rate: 1/1.
[2026-06-11 08:25:09Z INFO JobServerQueue] Try to append 1 batches web console lines for record '52476921-2d7f-4942-bb2e-35b2265dfee4', success rate: 1/1.
[2026-06-11 08:25:10Z INFO JobServerQueue] Try to append 1 batches web console lines for record '52476921-2d7f-4942-bb2e-35b2265dfee4', success rate: 1/1.
[2026-06-11 08:25:11Z INFO JobServerQueue] Try to append 1 batches web console lines for record '52476921-2d7f-4942-bb2e-35b2265dfee4', success rate: 1/1.
[2026-06-11 08:25:12Z INFO JobServerQueue] Try to append 1 batches web console lines for record '52476921-2d7f-4942-bb2e-35b2265dfee4', success rate: 1/1.
[2026-06-11 08:25:12Z INFO ProcessInvokerWrapper] STDOUT/STDERR stream read finished.
[2026-06-11 08:25:12Z INFO ProcessInvokerWrapper] STDOUT/STDERR stream read finished.
[2026-06-11 08:25:12Z INFO ProcessInvokerWrapper] Finished process 19000 with exit code 0, and elapsed time 00:00:05.2348768.
[2026-06-11 08:25:12Z INFO CreateStepSummaryCommand] Step Summary file (C:\Users\highf\Downloads\hfs\actions-runner\actions-runner\_work\_temp\_runner_file_commands\step_summary_3dbf4bb2-1758-4da1-a4d4-4b87c3bdd8b5) is empty; skipping attachment upload
[2026-06-11 08:25:12Z INFO StepsRunner] Step result: 
[2026-06-11 08:25:12Z INFO ExecutionContext] Publish step telemetry for current step {
  "action": "actions/checkout",
  "ref": "v4",
  "type": "node20",
  "stage": "Main",
  "stepId": "52476921-2d7f-4942-bb2e-35b2265dfee4",
  "stepContextName": "__actions_checkout",
  "hasPreStep": false,
  "hasPostStep": true,
  "result": "succeeded",
  "errorMessages": [
    "no submodule mapping found in .gitmodules for path 'actions-runner/_work/hfs-uber-sync/hfs-uber-sync'",
    "Unable to clean or reset the repository. The repository will be recreated instead."
  ],
  "executionTimeInSeconds": 6,
  "startTime": "2026-06-11T08:25:07.0229456Z",
  "finishTime": "2026-06-11T08:25:12.420032Z"
}.
[2026-06-11 08:25:12Z INFO StepsRunner] No need for updating job result with current step result 'Succeeded'.
[2026-06-11 08:25:12Z INFO StepsRunner] Current state: job state = ''
[2026-06-11 08:25:12Z INFO StepsRunner] Processing step: DisplayName='Run actions/setup-node@v4'
[2026-06-11 08:25:12Z INFO StepsRunner] Evaluating: success()
[2026-06-11 08:25:12Z INFO StepsRunner] Result: true
[2026-06-11 08:25:12Z INFO StepsRunner] Starting the step.
[2026-06-11 08:25:12Z INFO HostContext] Well known directory 'Bin': 'C:\Users\highf\Downloads\hfs\actions-runner\actions-runner\bin'
[2026-06-11 08:25:12Z INFO HostContext] Well known directory 'Root': 'C:\Users\highf\Downloads\hfs\actions-runner\actions-runner'
[2026-06-11 08:25:12Z INFO HostContext] Well known directory 'Work': 'C:\Users\highf\Downloads\hfs\actions-runner\actions-runner\_work'
[2026-06-11 08:25:12Z INFO StepsRunner] Which2: 'chcp'
[2026-06-11 08:25:12Z INFO StepsRunner] Location: 'C:\WINDOWS\system32\chcp.COM'
[2026-06-11 08:25:12Z INFO ProcessInvokerWrapper] Starting process:
[2026-06-11 08:25:12Z INFO ProcessInvokerWrapper]   File name: 'C:\WINDOWS\system32\chcp.COM'
[2026-06-11 08:25:12Z INFO ProcessInvokerWrapper]   Arguments: '65001'
[2026-06-11 08:25:12Z INFO ProcessInvokerWrapper]   Working directory: 'C:\Users\highf\Downloads\hfs\actions-runner\actions-runner\_work'
[2026-06-11 08:25:12Z INFO ProcessInvokerWrapper]   Require exit code zero: 'False'
[2026-06-11 08:25:12Z INFO ProcessInvokerWrapper]   Encoding web name:  ; code page: ''
[2026-06-11 08:25:12Z INFO ProcessInvokerWrapper]   Force kill process on cancellation: 'False'
[2026-06-11 08:25:12Z INFO ProcessInvokerWrapper]   Redirected STDIN: 'False'
[2026-06-11 08:25:12Z INFO ProcessInvokerWrapper]   Persist current code page: 'True'
[2026-06-11 08:25:12Z INFO ProcessInvokerWrapper]   Keep redirected STDIN open: 'False'
[2026-06-11 08:25:12Z INFO ProcessInvokerWrapper]   High priority process: 'False'
[2026-06-11 08:25:12Z INFO ProcessInvokerWrapper] Process started with process id 20196, waiting for process exit.
[2026-06-11 08:25:12Z INFO ProcessInvokerWrapper] STDOUT/STDERR stream read finished.
[2026-06-11 08:25:12Z INFO ProcessInvokerWrapper] STDOUT/STDERR stream read finished.
[2026-06-11 08:25:12Z INFO ProcessInvokerWrapper] Finished process 20196 with exit code 0, and elapsed time 00:00:00.0096231.
[2026-06-11 08:25:12Z INFO StepsRunner] Successfully returned to code page 65001 (UTF8)
[2026-06-11 08:25:12Z INFO HostContext] Well known directory 'Bin': 'C:\Users\highf\Downloads\hfs\actions-runner\actions-runner\bin'
[2026-06-11 08:25:12Z INFO HostContext] Well known directory 'Root': 'C:\Users\highf\Downloads\hfs\actions-runner\actions-runner'
[2026-06-11 08:25:12Z INFO HostContext] Well known directory 'Work': 'C:\Users\highf\Downloads\hfs\actions-runner\actions-runner\_work'
[2026-06-11 08:25:12Z INFO HostContext] Well known directory 'Actions': 'C:\Users\highf\Downloads\hfs\actions-runner\actions-runner\_work\_actions'
[2026-06-11 08:25:12Z INFO ActionManager] Load action that reference repository from 'C:\Users\highf\Downloads\hfs\actions-runner\actions-runner\_work\_actions\actions\setup-node\v4'
[2026-06-11 08:25:12Z INFO HostContext] Well known directory 'Bin': 'C:\Users\highf\Downloads\hfs\actions-runner\actions-runner\bin'
[2026-06-11 08:25:12Z INFO HostContext] Well known directory 'Root': 'C:\Users\highf\Downloads\hfs\actions-runner\actions-runner'
[2026-06-11 08:25:12Z INFO HostContext] Well known directory 'Work': 'C:\Users\highf\Downloads\hfs\actions-runner\actions-runner\_work'
[2026-06-11 08:25:12Z INFO HostContext] Well known directory 'Actions': 'C:\Users\highf\Downloads\hfs\actions-runner\actions-runner\_work\_actions'
[2026-06-11 08:25:12Z INFO ActionManifestManagerLegacy] Ignore action property author.
[2026-06-11 08:25:12Z INFO ActionManifestManagerLegacy] Loaded action.yml file: {
  "name": "Setup Node.js environment",
  "description": "Setup a Node.js environment by adding problem matchers and optionally downloading and adding it to the PATH.",
  "inputs": {
    "type": 2,
    "map": [
      {
        "key": {
          "type": 0,
          "file": 3,
          "line": 5,
          "col": 3,
          "lit": "always-auth"
        },
        "value": {
          "type": 0,
          "file": 3,
          "line": 7,
          "col": 14,
          "lit": "false"
        }
      },
      {
        "key": {
          "type": 0,
          "file": 3,
          "line": 8,
          "col": 3,
          "lit": "node-version"
        },
        "value": ""
      },
      {
        "key": {
          "type": 0,
          "file": 3,
          "line": 10,
          "col": 3,
          "lit": "node-version-file"
        },
        "value": ""
      },
      {
        "key": {
          "type": 0,
          "file": 3,
          "line": 12,
          "col": 3,
          "lit": "architecture"
        },
        "value": ""
      },
      {
        "key": {
          "type": 0,
          "file": 3,
          "line": 14,
          "col": 3,
          "lit": "check-latest"
        },
        "value": {
          "type": 0,
          "file": 3,
          "line": 16,
          "col": 14,
          "lit": "false"
        }
      },
      {
        "key": {
          "type": 0,
          "file": 3,
          "line": 17,
          "col": 3,
          "lit": "registry-url"
        },
        "value": ""
      },
      {
        "key": {
          "type": 0,
          "file": 3,
          "line": 19,
          "col": 3,
          "lit": "scope"
        },
        "value": ""
      },
      {
        "key": {
          "type": 0,
          "file": 3,
          "line": 21,
          "col": 3,
          "lit": "token"
        },
        "value": {
          "type": 3,
          "file": 3,
          "line": 23,
          "col": 14,
          "expr": "github.server_url == 'https://github.com' && github.token || ''"
        }
      },
      {
        "key": {
          "type": 0,
          "file": 3,
          "line": 24,
          "col": 3,
          "lit": "cache"
        },
        "value": ""
      },
      {
        "key": {
          "type": 0,
          "file": 3,
          "line": 26,
          "col": 3,
          "lit": "cache-dependency-path"
        },
        "value": ""
      },
      {
        "key": {
          "type": 0,
          "file": 3,
          "line": 28,
          "col": 3,
          "lit": "mirror"
        },
        "value": ""
      },
      {
        "key": {
          "type": 0,
          "file": 3,
          "line": 30,
          "col": 3,
          "lit": "mirror-token"
        },
        "value": ""
      }
    ]
  },
  "execution": {
    "executionType": "nodeJS",
    "hasPre": false,
    "hasPost": true,
    "script": "dist/setup/index.js",
    "pre": null,
    "post": "dist/cache-save/index.js",
    "nodeVersion": "node20",
    "cleanupCondition": "success()",
    "initCondition": "always()"
  },
  "deprecated": null
}
[2026-06-11 08:25:12Z INFO ActionManager] Action pre node.js file: N/A.
[2026-06-11 08:25:12Z INFO ActionManager] Action node.js file: dist/setup/index.js.
[2026-06-11 08:25:12Z INFO ActionManager] Action post node.js file: dist/cache-save/index.js.
[2026-06-11 08:25:12Z INFO HostContext] Well known directory 'Bin': 'C:\Users\highf\Downloads\hfs\actions-runner\actions-runner\bin'
[2026-06-11 08:25:12Z INFO HostContext] Well known directory 'Root': 'C:\Users\highf\Downloads\hfs\actions-runner\actions-runner'
[2026-06-11 08:25:12Z INFO HostContext] Well known directory 'Diag': 'C:\Users\highf\Downloads\hfs\actions-runner\actions-runner\_diag'
[2026-06-11 08:25:12Z INFO HostContext] Well known directory 'Bin': 'C:\Users\highf\Downloads\hfs\actions-runner\actions-runner\bin'
[2026-06-11 08:25:12Z INFO HostContext] Well known directory 'Root': 'C:\Users\highf\Downloads\hfs\actions-runner\actions-runner'
[2026-06-11 08:25:12Z INFO HostContext] Well known directory 'Diag': 'C:\Users\highf\Downloads\hfs\actions-runner\actions-runner\_diag'
[2026-06-11 08:25:12Z INFO HostContext] Well known directory 'Bin': 'C:\Users\highf\Downloads\hfs\actions-runner\actions-runner\bin'
[2026-06-11 08:25:12Z INFO HostContext] Well known directory 'Root': 'C:\Users\highf\Downloads\hfs\actions-runner\actions-runner'
[2026-06-11 08:25:12Z INFO HostContext] Well known directory 'Work': 'C:\Users\highf\Downloads\hfs\actions-runner\actions-runner\_work'
[2026-06-11 08:25:12Z INFO HostContext] Well known directory 'Temp': 'C:\Users\highf\Downloads\hfs\actions-runner\actions-runner\_work\_temp'
[2026-06-11 08:25:12Z INFO ExecutionContext] Write event payload to C:\Users\highf\Downloads\hfs\actions-runner\actions-runner\_work\_temp\_github_workflow\event.json
[2026-06-11 08:25:12Z INFO HostContext] Well known directory 'Bin': 'C:\Users\highf\Downloads\hfs\actions-runner\actions-runner\bin'
[2026-06-11 08:25:12Z INFO HostContext] Well known directory 'Root': 'C:\Users\highf\Downloads\hfs\actions-runner\actions-runner'
[2026-06-11 08:25:12Z INFO HostContext] Well known directory 'Work': 'C:\Users\highf\Downloads\hfs\actions-runner\actions-runner\_work'
[2026-06-11 08:25:12Z INFO HostContext] Well known directory 'Temp': 'C:\Users\highf\Downloads\hfs\actions-runner\actions-runner\_work\_temp'
[2026-06-11 08:25:12Z INFO ExtensionManager] Getting extensions for interface: 'GitHub.Runner.Worker.IFileCommandExtension'
[2026-06-11 08:25:12Z INFO ActionManifestManagerLegacy] Input 'always-auth': default value evaluate result: {
  "type": 0,
  "file": 3,
  "line": 7,
  "col": 14,
  "lit": "false"
}
[2026-06-11 08:25:12Z INFO ActionManifestManagerLegacy] Input 'node-version-file': default value evaluate result: ""
[2026-06-11 08:25:12Z INFO ActionManifestManagerLegacy] Input 'architecture': default value evaluate result: ""
[2026-06-11 08:25:12Z INFO ActionManifestManagerLegacy] Input 'check-latest': default value evaluate result: {
  "type": 0,
  "file": 3,
  "line": 16,
  "col": 14,
  "lit": "false"
}
[2026-06-11 08:25:12Z INFO ActionManifestManagerLegacy] Input 'registry-url': default value evaluate result: ""
[2026-06-11 08:25:12Z INFO ActionManifestManagerLegacy] Input 'scope': default value evaluate result: ""
[2026-06-11 08:25:12Z INFO ActionManifestManagerLegacy] Input 'token': default value evaluate result: {
  "type": 0,
  "file": 3,
  "line": 23,
  "col": 14,
  "lit": "***"
}
[2026-06-11 08:25:12Z INFO ActionManifestManagerLegacy] Input 'cache-dependency-path': default value evaluate result: ""
[2026-06-11 08:25:12Z INFO ActionManifestManagerLegacy] Input 'mirror': default value evaluate result: ""
[2026-06-11 08:25:12Z INFO ActionManifestManagerLegacy] Input 'mirror-token': default value evaluate result: ""
[2026-06-11 08:25:12Z INFO ExtensionManager] Getting extensions for interface: 'GitHub.Runner.Worker.IActionCommandExtension'
[2026-06-11 08:25:12Z INFO ActionCommandManager] Register action command extension for command internal-set-repo-path
[2026-06-11 08:25:12Z INFO ActionCommandManager] Register action command extension for command set-env
[2026-06-11 08:25:12Z INFO ActionCommandManager] Register action command extension for command set-output
[2026-06-11 08:25:12Z INFO ActionCommandManager] Register action command extension for command save-state
[2026-06-11 08:25:12Z INFO ActionCommandManager] Register action command extension for command add-path
[2026-06-11 08:25:12Z INFO ActionCommandManager] Register action command extension for command add-mask
[2026-06-11 08:25:12Z INFO ActionCommandManager] Register action command extension for command add-matcher
[2026-06-11 08:25:12Z INFO ActionCommandManager] Register action command extension for command remove-matcher
[2026-06-11 08:25:12Z INFO ActionCommandManager] Register action command extension for command warning
[2026-06-11 08:25:12Z INFO ActionCommandManager] Register action command extension for command error
[2026-06-11 08:25:12Z INFO ActionCommandManager] Register action command extension for command notice
[2026-06-11 08:25:12Z INFO ActionCommandManager] Register action command extension for command debug
[2026-06-11 08:25:12Z INFO ActionCommandManager] Register action command extension for command group
[2026-06-11 08:25:12Z INFO ActionCommandManager] Register action command extension for command endgroup
[2026-06-11 08:25:12Z INFO ActionCommandManager] Register action command extension for command echo
[2026-06-11 08:25:12Z INFO HostContext] Well known directory 'Bin': 'C:\Users\highf\Downloads\hfs\actions-runner\actions-runner\bin'
[2026-06-11 08:25:12Z INFO HostContext] Well known directory 'Root': 'C:\Users\highf\Downloads\hfs\actions-runner\actions-runner'
[2026-06-11 08:25:12Z INFO HostContext] Well known directory 'Externals': 'C:\Users\highf\Downloads\hfs\actions-runner\actions-runner\externals'
[2026-06-11 08:25:12Z INFO ProcessInvokerWrapper] Starting process:
[2026-06-11 08:25:12Z INFO ProcessInvokerWrapper]   File name: 'C:\Users\highf\Downloads\hfs\actions-runner\actions-runner\externals\node20\bin\node.exe'
[2026-06-11 08:25:12Z INFO ProcessInvokerWrapper]   Arguments: '"C:\Users\highf\Downloads\hfs\actions-runner\actions-runner\_work\_actions\actions\setup-node\v4\dist/setup/index.js"'
[2026-06-11 08:25:12Z INFO ProcessInvokerWrapper]   Working directory: 'C:\Users\highf\Downloads\hfs\actions-runner\actions-runner\_work\hfs-uber-sync\hfs-uber-sync'
[2026-06-11 08:25:12Z INFO ProcessInvokerWrapper]   Require exit code zero: 'False'
[2026-06-11 08:25:12Z INFO ProcessInvokerWrapper]   Encoding web name: utf-8 ; code page: '65001'
[2026-06-11 08:25:12Z INFO ProcessInvokerWrapper]   Force kill process on cancellation: 'False'
[2026-06-11 08:25:12Z INFO ProcessInvokerWrapper]   Redirected STDIN: 'False'
[2026-06-11 08:25:12Z INFO ProcessInvokerWrapper]   Persist current code page: 'True'
[2026-06-11 08:25:12Z INFO ProcessInvokerWrapper]   Keep redirected STDIN open: 'False'
[2026-06-11 08:25:12Z INFO ProcessInvokerWrapper]   High priority process: 'False'
[2026-06-11 08:25:12Z INFO JobServerQueue] Try to append 1 batches web console lines for record '52476921-2d7f-4942-bb2e-35b2265dfee4', success rate: 1/1.
[2026-06-11 08:25:12Z INFO JobServerQueue] Try to append 1 batches web console lines for record 'dd855318-e09b-4453-8ca9-d2930d7445e5', success rate: 1/1.
[2026-06-11 08:25:12Z INFO ProcessInvokerWrapper] Process started with process id 18468, waiting for process exit.
[2026-06-11 08:25:12Z INFO JobServerQueue] Try to upload 1 log files or attachments, success rate: 1/1.
[2026-06-11 08:25:13Z INFO JobServerQueue] Got a step log file to send to results service.
[2026-06-11 08:25:13Z INFO JobServerQueue] Starting upload of step log file to results service ResultsLog, C:\Users\highf\Downloads\hfs\actions-runner\actions-runner\_diag\blocks\4bd86fb4-e3a2-4683-91bc-714d9a1f627b_52476921-2d7f-4942-bb2e-35b2265dfee4.1
[2026-06-11 08:25:13Z INFO JobServerQueue] Try to append 1 batches web console lines for record 'dd855318-e09b-4453-8ca9-d2930d7445e5', success rate: 1/1.
[2026-06-11 08:25:13Z INFO JobServerQueue] Try to append 1 batches web console lines for record 'dd855318-e09b-4453-8ca9-d2930d7445e5', success rate: 1/1.
[2026-06-11 08:25:13Z INFO JobServerQueue] Tried to upload 1 file(s) to results, success rate: 1/1.
[2026-06-11 08:25:14Z INFO JobServerQueue] Try to append 1 batches web console lines for record 'dd855318-e09b-4453-8ca9-d2930d7445e5', success rate: 1/1.
[2026-06-11 08:25:14Z INFO ProcessInvokerWrapper] STDOUT/STDERR stream read finished.
[2026-06-11 08:25:14Z INFO ProcessInvokerWrapper] STDOUT/STDERR stream read finished.
[2026-06-11 08:25:14Z INFO JobServerQueue] Try to append 1 batches web console lines for record 'dd855318-e09b-4453-8ca9-d2930d7445e5', success rate: 1/1.
[2026-06-11 08:25:14Z INFO ProcessInvokerWrapper] Finished process 18468 with exit code 0, and elapsed time 00:00:02.3382599.
[2026-06-11 08:25:14Z INFO CreateStepSummaryCommand] Step Summary file (C:\Users\highf\Downloads\hfs\actions-runner\actions-runner\_work\_temp\_runner_file_commands\step_summary_ed9e7622-3bba-47dc-bb2e-cc9f416f748f) is empty; skipping attachment upload
[2026-06-11 08:25:14Z INFO StepsRunner] Step result: 
[2026-06-11 08:25:14Z INFO ExecutionContext] Publish step telemetry for current step {
  "action": "actions/setup-node",
  "ref": "v4",
  "type": "node20",
  "stage": "Main",
  "stepId": "dd855318-e09b-4453-8ca9-d2930d7445e5",
  "stepContextName": "__actions_setup-node",
  "hasPreStep": false,
  "hasPostStep": true,
  "result": "succeeded",
  "errorMessages": [],
  "executionTimeInSeconds": 3,
  "startTime": "2026-06-11T08:25:12.422075Z",
  "finishTime": "2026-06-11T08:25:14.7906094Z"
}.
[2026-06-11 08:25:14Z INFO StepsRunner] No need for updating job result with current step result 'Succeeded'.
[2026-06-11 08:25:14Z INFO StepsRunner] Current state: job state = ''
[2026-06-11 08:25:14Z INFO StepsRunner] Processing step: DisplayName='Run npm ci'
[2026-06-11 08:25:14Z INFO StepsRunner] Evaluating: success()
[2026-06-11 08:25:14Z INFO StepsRunner] Result: true
[2026-06-11 08:25:14Z INFO StepsRunner] Starting the step.
[2026-06-11 08:25:14Z INFO HostContext] Well known directory 'Bin': 'C:\Users\highf\Downloads\hfs\actions-runner\actions-runner\bin'
[2026-06-11 08:25:14Z INFO HostContext] Well known directory 'Root': 'C:\Users\highf\Downloads\hfs\actions-runner\actions-runner'
[2026-06-11 08:25:14Z INFO HostContext] Well known directory 'Work': 'C:\Users\highf\Downloads\hfs\actions-runner\actions-runner\_work'
[2026-06-11 08:25:14Z INFO StepsRunner] Which2: 'chcp'
[2026-06-11 08:25:14Z INFO StepsRunner] Location: 'C:\WINDOWS\system32\chcp.COM'
[2026-06-11 08:25:14Z INFO ProcessInvokerWrapper] Starting process:
[2026-06-11 08:25:14Z INFO ProcessInvokerWrapper]   File name: 'C:\WINDOWS\system32\chcp.COM'
[2026-06-11 08:25:14Z INFO ProcessInvokerWrapper]   Arguments: '65001'
[2026-06-11 08:25:14Z INFO ProcessInvokerWrapper]   Working directory: 'C:\Users\highf\Downloads\hfs\actions-runner\actions-runner\_work'
[2026-06-11 08:25:14Z INFO ProcessInvokerWrapper]   Require exit code zero: 'False'
[2026-06-11 08:25:14Z INFO ProcessInvokerWrapper]   Encoding web name:  ; code page: ''
[2026-06-11 08:25:14Z INFO ProcessInvokerWrapper]   Force kill process on cancellation: 'False'
[2026-06-11 08:25:14Z INFO ProcessInvokerWrapper]   Redirected STDIN: 'False'
[2026-06-11 08:25:14Z INFO ProcessInvokerWrapper]   Persist current code page: 'True'
[2026-06-11 08:25:14Z INFO ProcessInvokerWrapper]   Keep redirected STDIN open: 'False'
[2026-06-11 08:25:14Z INFO ProcessInvokerWrapper]   High priority process: 'False'
[2026-06-11 08:25:14Z INFO ProcessInvokerWrapper] Process started with process id 18104, waiting for process exit.
[2026-06-11 08:25:14Z INFO ProcessInvokerWrapper] STDOUT/STDERR stream read finished.
[2026-06-11 08:25:14Z INFO ProcessInvokerWrapper] STDOUT/STDERR stream read finished.
[2026-06-11 08:25:14Z INFO ProcessInvokerWrapper] Finished process 18104 with exit code 0, and elapsed time 00:00:00.0088978.
[2026-06-11 08:25:14Z INFO StepsRunner] Successfully returned to code page 65001 (UTF8)
[2026-06-11 08:25:14Z INFO HostContext] Well known directory 'Bin': 'C:\Users\highf\Downloads\hfs\actions-runner\actions-runner\bin'
[2026-06-11 08:25:14Z INFO HostContext] Well known directory 'Root': 'C:\Users\highf\Downloads\hfs\actions-runner\actions-runner'
[2026-06-11 08:25:14Z INFO HostContext] Well known directory 'Work': 'C:\Users\highf\Downloads\hfs\actions-runner\actions-runner\_work'
[2026-06-11 08:25:14Z INFO HostContext] Well known directory 'Temp': 'C:\Users\highf\Downloads\hfs\actions-runner\actions-runner\_work\_temp'
[2026-06-11 08:25:14Z INFO ExecutionContext] Write event payload to C:\Users\highf\Downloads\hfs\actions-runner\actions-runner\_work\_temp\_github_workflow\event.json
[2026-06-11 08:25:14Z INFO HostContext] Well known directory 'Bin': 'C:\Users\highf\Downloads\hfs\actions-runner\actions-runner\bin'
[2026-06-11 08:25:14Z INFO HostContext] Well known directory 'Root': 'C:\Users\highf\Downloads\hfs\actions-runner\actions-runner'
[2026-06-11 08:25:14Z INFO HostContext] Well known directory 'Work': 'C:\Users\highf\Downloads\hfs\actions-runner\actions-runner\_work'
[2026-06-11 08:25:14Z INFO HostContext] Well known directory 'Temp': 'C:\Users\highf\Downloads\hfs\actions-runner\actions-runner\_work\_temp'
[2026-06-11 08:25:14Z INFO ExtensionManager] Getting extensions for interface: 'GitHub.Runner.Worker.IFileCommandExtension'
[2026-06-11 08:25:14Z INFO ExtensionManager] Getting extensions for interface: 'GitHub.Runner.Worker.IActionCommandExtension'
[2026-06-11 08:25:14Z INFO ActionCommandManager] Register action command extension for command internal-set-repo-path
[2026-06-11 08:25:14Z INFO ActionCommandManager] Register action command extension for command set-env
[2026-06-11 08:25:14Z INFO ActionCommandManager] Register action command extension for command set-output
[2026-06-11 08:25:14Z INFO ActionCommandManager] Register action command extension for command save-state
[2026-06-11 08:25:14Z INFO ActionCommandManager] Register action command extension for command add-path
[2026-06-11 08:25:14Z INFO ActionCommandManager] Register action command extension for command add-mask
[2026-06-11 08:25:14Z INFO ActionCommandManager] Register action command extension for command add-matcher
[2026-06-11 08:25:14Z INFO ActionCommandManager] Register action command extension for command remove-matcher
[2026-06-11 08:25:14Z INFO ActionCommandManager] Register action command extension for command warning
[2026-06-11 08:25:14Z INFO ActionCommandManager] Register action command extension for command error
[2026-06-11 08:25:14Z INFO ActionCommandManager] Register action command extension for command notice
[2026-06-11 08:25:14Z INFO ActionCommandManager] Register action command extension for command debug
[2026-06-11 08:25:14Z INFO ActionCommandManager] Register action command extension for command group
[2026-06-11 08:25:14Z INFO ActionCommandManager] Register action command extension for command endgroup
[2026-06-11 08:25:14Z INFO ActionCommandManager] Register action command extension for command echo
[2026-06-11 08:25:14Z INFO ScriptHandler] Which2: 'pwsh'
[2026-06-11 08:25:14Z INFO ScriptHandler] pwsh: command not found. Make sure 'pwsh' is installed and its location included in the 'Path' environment variable.
[2026-06-11 08:25:14Z INFO ScriptHandler] Defaulting to powershell
[2026-06-11 08:25:14Z INFO ScriptHandler] Which2: 'powershell'
[2026-06-11 08:25:14Z INFO ScriptHandler] Location: 'C:\WINDOWS\System32\WindowsPowerShell\v1.0\powershell.EXE'
[2026-06-11 08:25:14Z INFO HostContext] Well known directory 'Bin': 'C:\Users\highf\Downloads\hfs\actions-runner\actions-runner\bin'
[2026-06-11 08:25:14Z INFO HostContext] Well known directory 'Root': 'C:\Users\highf\Downloads\hfs\actions-runner\actions-runner'
[2026-06-11 08:25:14Z INFO HostContext] Well known directory 'Work': 'C:\Users\highf\Downloads\hfs\actions-runner\actions-runner\_work'
[2026-06-11 08:25:14Z INFO HostContext] Well known directory 'Temp': 'C:\Users\highf\Downloads\hfs\actions-runner\actions-runner\_work\_temp'
[2026-06-11 08:25:14Z INFO ScriptHandler] Which2: 'pwsh'
[2026-06-11 08:25:14Z INFO ScriptHandler] pwsh: command not found. Make sure 'pwsh' is installed and its location included in the 'Path' environment variable.
[2026-06-11 08:25:14Z INFO ScriptHandler] Defaulting to powershell
[2026-06-11 08:25:14Z INFO ScriptHandler] Which2: 'powershell'
[2026-06-11 08:25:14Z INFO ScriptHandler] Location: 'C:\WINDOWS\System32\WindowsPowerShell\v1.0\powershell.EXE'
[2026-06-11 08:25:14Z INFO ProcessInvokerWrapper] Starting process:
[2026-06-11 08:25:14Z INFO ProcessInvokerWrapper]   File name: 'C:\WINDOWS\System32\WindowsPowerShell\v1.0\powershell.EXE'
[2026-06-11 08:25:14Z INFO ProcessInvokerWrapper]   Arguments: '-command ". 'C:\Users\highf\Downloads\hfs\actions-runner\actions-runner\_work\_temp\1e6b0b87-dc1c-4263-9027-84e05c230fa8.ps1'"'
[2026-06-11 08:25:14Z INFO ProcessInvokerWrapper]   Working directory: 'C:\Users\highf\Downloads\hfs\actions-runner\actions-runner\_work\hfs-uber-sync\hfs-uber-sync'
[2026-06-11 08:25:14Z INFO ProcessInvokerWrapper]   Require exit code zero: 'False'
[2026-06-11 08:25:14Z INFO ProcessInvokerWrapper]   Encoding web name:  ; code page: ''
[2026-06-11 08:25:14Z INFO ProcessInvokerWrapper]   Force kill process on cancellation: 'False'
[2026-06-11 08:25:14Z INFO ProcessInvokerWrapper]   Redirected STDIN: 'False'
[2026-06-11 08:25:14Z INFO ProcessInvokerWrapper]   Persist current code page: 'True'
[2026-06-11 08:25:14Z INFO ProcessInvokerWrapper]   Keep redirected STDIN open: 'False'
[2026-06-11 08:25:14Z INFO ProcessInvokerWrapper]   High priority process: 'False'
[2026-06-11 08:25:14Z INFO ProcessInvokerWrapper] Process started with process id 3480, waiting for process exit.
[2026-06-11 08:25:14Z INFO JobServerQueue] Got a step log file to send to results service.
[2026-06-11 08:25:14Z INFO JobServerQueue] Starting upload of step log file to results service ResultsLog, C:\Users\highf\Downloads\hfs\actions-runner\actions-runner\_diag\blocks\4bd86fb4-e3a2-4683-91bc-714d9a1f627b_dd855318-e09b-4453-8ca9-d2930d7445e5.1
[2026-06-11 08:25:15Z INFO JobServerQueue] Try to append 1 batches web console lines for record '80f11ffc-b6fc-4c55-aea0-5779428621b4', success rate: 1/1.
[2026-06-11 08:25:15Z INFO JobServerQueue] Tried to upload 1 file(s) to results, success rate: 1/1.
[2026-06-11 08:25:15Z INFO JobServerQueue] Try to upload 1 log files or attachments, success rate: 1/1.
[2026-06-11 08:25:16Z INFO ProcessInvokerWrapper] STDOUT/STDERR stream read finished.
[2026-06-11 08:25:16Z INFO ProcessInvokerWrapper] STDOUT/STDERR stream read finished.
[2026-06-11 08:25:16Z INFO ProcessInvokerWrapper] Finished process 3480 with exit code 0, and elapsed time 00:00:01.9459093.
[2026-06-11 08:25:16Z INFO CreateStepSummaryCommand] Step Summary file (C:\Users\highf\Downloads\hfs\actions-runner\actions-runner\_work\_temp\_runner_file_commands\step_summary_ac9e4acd-3f14-44b4-bb64-13e30c687f3c) is empty; skipping attachment upload
[2026-06-11 08:25:16Z INFO StepsRunner] Step result: 
[2026-06-11 08:25:16Z INFO ExecutionContext] Publish step telemetry for current step {
  "action": "powershell",
  "type": "run",
  "stage": "Main",
  "stepId": "80f11ffc-b6fc-4c55-aea0-5779428621b4",
  "stepContextName": "__run",
  "result": "succeeded",
  "errorMessages": [],
  "executionTimeInSeconds": 2,
  "startTime": "2026-06-11T08:25:14.7918449Z",
  "finishTime": "2026-06-11T08:25:16.7715293Z"
}.
[2026-06-11 08:25:16Z INFO StepsRunner] No need for updating job result with current step result 'Succeeded'.
[2026-06-11 08:25:16Z INFO StepsRunner] Current state: job state = ''
[2026-06-11 08:25:16Z INFO StepsRunner] Processing step: DisplayName='Run Rocket Sync'
[2026-06-11 08:25:16Z INFO StepsRunner] Evaluating: success()
[2026-06-11 08:25:16Z INFO StepsRunner] Result: true
[2026-06-11 08:25:16Z INFO StepsRunner] Starting the step.
[2026-06-11 08:25:16Z INFO HostContext] Well known directory 'Bin': 'C:\Users\highf\Downloads\hfs\actions-runner\actions-runner\bin'
[2026-06-11 08:25:16Z INFO HostContext] Well known directory 'Root': 'C:\Users\highf\Downloads\hfs\actions-runner\actions-runner'
[2026-06-11 08:25:16Z INFO HostContext] Well known directory 'Work': 'C:\Users\highf\Downloads\hfs\actions-runner\actions-runner\_work'
[2026-06-11 08:25:16Z INFO StepsRunner] Which2: 'chcp'
[2026-06-11 08:25:16Z INFO StepsRunner] Location: 'C:\WINDOWS\system32\chcp.COM'
[2026-06-11 08:25:16Z INFO ProcessInvokerWrapper] Starting process:
[2026-06-11 08:25:16Z INFO ProcessInvokerWrapper]   File name: 'C:\WINDOWS\system32\chcp.COM'
[2026-06-11 08:25:16Z INFO ProcessInvokerWrapper]   Arguments: '65001'
[2026-06-11 08:25:16Z INFO ProcessInvokerWrapper]   Working directory: 'C:\Users\highf\Downloads\hfs\actions-runner\actions-runner\_work'
[2026-06-11 08:25:16Z INFO ProcessInvokerWrapper]   Require exit code zero: 'False'
[2026-06-11 08:25:16Z INFO ProcessInvokerWrapper]   Encoding web name:  ; code page: ''
[2026-06-11 08:25:16Z INFO ProcessInvokerWrapper]   Force kill process on cancellation: 'False'
[2026-06-11 08:25:16Z INFO ProcessInvokerWrapper]   Redirected STDIN: 'False'
[2026-06-11 08:25:16Z INFO ProcessInvokerWrapper]   Persist current code page: 'True'
[2026-06-11 08:25:16Z INFO ProcessInvokerWrapper]   Keep redirected STDIN open: 'False'
[2026-06-11 08:25:16Z INFO ProcessInvokerWrapper]   High priority process: 'False'
[2026-06-11 08:25:16Z INFO ProcessInvokerWrapper] Process started with process id 1152, waiting for process exit.
[2026-06-11 08:25:16Z INFO ProcessInvokerWrapper] STDOUT/STDERR stream read finished.
[2026-06-11 08:25:16Z INFO ProcessInvokerWrapper] STDOUT/STDERR stream read finished.
[2026-06-11 08:25:16Z INFO ProcessInvokerWrapper] Finished process 1152 with exit code 0, and elapsed time 00:00:00.0108224.
[2026-06-11 08:25:16Z INFO StepsRunner] Successfully returned to code page 65001 (UTF8)
[2026-06-11 08:25:16Z INFO HostContext] Well known directory 'Bin': 'C:\Users\highf\Downloads\hfs\actions-runner\actions-runner\bin'
[2026-06-11 08:25:16Z INFO HostContext] Well known directory 'Root': 'C:\Users\highf\Downloads\hfs\actions-runner\actions-runner'
[2026-06-11 08:25:16Z INFO HostContext] Well known directory 'Work': 'C:\Users\highf\Downloads\hfs\actions-runner\actions-runner\_work'
[2026-06-11 08:25:16Z INFO HostContext] Well known directory 'Temp': 'C:\Users\highf\Downloads\hfs\actions-runner\actions-runner\_work\_temp'
[2026-06-11 08:25:16Z INFO ExecutionContext] Write event payload to C:\Users\highf\Downloads\hfs\actions-runner\actions-runner\_work\_temp\_github_workflow\event.json
[2026-06-11 08:25:16Z INFO HostContext] Well known directory 'Bin': 'C:\Users\highf\Downloads\hfs\actions-runner\actions-runner\bin'
[2026-06-11 08:25:16Z INFO HostContext] Well known directory 'Root': 'C:\Users\highf\Downloads\hfs\actions-runner\actions-runner'
[2026-06-11 08:25:16Z INFO HostContext] Well known directory 'Work': 'C:\Users\highf\Downloads\hfs\actions-runner\actions-runner\_work'
[2026-06-11 08:25:16Z INFO HostContext] Well known directory 'Temp': 'C:\Users\highf\Downloads\hfs\actions-runner\actions-runner\_work\_temp'
[2026-06-11 08:25:16Z INFO ExtensionManager] Getting extensions for interface: 'GitHub.Runner.Worker.IFileCommandExtension'
[2026-06-11 08:25:16Z INFO ExtensionManager] Getting extensions for interface: 'GitHub.Runner.Worker.IActionCommandExtension'
[2026-06-11 08:25:16Z INFO ActionCommandManager] Register action command extension for command internal-set-repo-path
[2026-06-11 08:25:16Z INFO ActionCommandManager] Register action command extension for command set-env
[2026-06-11 08:25:16Z INFO ActionCommandManager] Register action command extension for command set-output
[2026-06-11 08:25:16Z INFO ActionCommandManager] Register action command extension for command save-state
[2026-06-11 08:25:16Z INFO ActionCommandManager] Register action command extension for command add-path
[2026-06-11 08:25:16Z INFO ActionCommandManager] Register action command extension for command add-mask
[2026-06-11 08:25:16Z INFO ActionCommandManager] Register action command extension for command add-matcher
[2026-06-11 08:25:16Z INFO ActionCommandManager] Register action command extension for command remove-matcher
[2026-06-11 08:25:16Z INFO ActionCommandManager] Register action command extension for command warning
[2026-06-11 08:25:16Z INFO ActionCommandManager] Register action command extension for command error
[2026-06-11 08:25:16Z INFO ActionCommandManager] Register action command extension for command notice
[2026-06-11 08:25:16Z INFO ActionCommandManager] Register action command extension for command debug
[2026-06-11 08:25:16Z INFO ActionCommandManager] Register action command extension for command group
[2026-06-11 08:25:16Z INFO ActionCommandManager] Register action command extension for command endgroup
[2026-06-11 08:25:16Z INFO ActionCommandManager] Register action command extension for command echo
[2026-06-11 08:25:16Z INFO ScriptHandler] Which2: 'pwsh'
[2026-06-11 08:25:16Z INFO ScriptHandler] pwsh: command not found. Make sure 'pwsh' is installed and its location included in the 'Path' environment variable.
[2026-06-11 08:25:16Z INFO ScriptHandler] Defaulting to powershell
[2026-06-11 08:25:16Z INFO ScriptHandler] Which2: 'powershell'
[2026-06-11 08:25:16Z INFO ScriptHandler] Location: 'C:\WINDOWS\System32\WindowsPowerShell\v1.0\powershell.EXE'
[2026-06-11 08:25:16Z INFO HostContext] Well known directory 'Bin': 'C:\Users\highf\Downloads\hfs\actions-runner\actions-runner\bin'
[2026-06-11 08:25:16Z INFO HostContext] Well known directory 'Root': 'C:\Users\highf\Downloads\hfs\actions-runner\actions-runner'
[2026-06-11 08:25:16Z INFO HostContext] Well known directory 'Work': 'C:\Users\highf\Downloads\hfs\actions-runner\actions-runner\_work'
[2026-06-11 08:25:16Z INFO HostContext] Well known directory 'Temp': 'C:\Users\highf\Downloads\hfs\actions-runner\actions-runner\_work\_temp'
[2026-06-11 08:25:16Z INFO ScriptHandler] Which2: 'pwsh'
[2026-06-11 08:25:16Z INFO ScriptHandler] pwsh: command not found. Make sure 'pwsh' is installed and its location included in the 'Path' environment variable.
[2026-06-11 08:25:16Z INFO ScriptHandler] Defaulting to powershell
[2026-06-11 08:25:16Z INFO ScriptHandler] Which2: 'powershell'
[2026-06-11 08:25:16Z INFO ScriptHandler] Location: 'C:\WINDOWS\System32\WindowsPowerShell\v1.0\powershell.EXE'
[2026-06-11 08:25:16Z INFO ProcessInvokerWrapper] Starting process:
[2026-06-11 08:25:16Z INFO ProcessInvokerWrapper]   File name: 'C:\WINDOWS\System32\WindowsPowerShell\v1.0\powershell.EXE'
[2026-06-11 08:25:16Z INFO ProcessInvokerWrapper]   Arguments: '-command ". 'C:\Users\highf\Downloads\hfs\actions-runner\actions-runner\_work\_temp\e8e5d229-f6c8-40ab-8277-c868f6271b8e.ps1'"'
[2026-06-11 08:25:16Z INFO ProcessInvokerWrapper]   Working directory: 'C:\Users\highf\Downloads\hfs\actions-runner\actions-runner\_work\hfs-uber-sync\hfs-uber-sync'
[2026-06-11 08:25:16Z INFO ProcessInvokerWrapper]   Require exit code zero: 'False'
[2026-06-11 08:25:16Z INFO ProcessInvokerWrapper]   Encoding web name:  ; code page: ''
[2026-06-11 08:25:16Z INFO ProcessInvokerWrapper]   Force kill process on cancellation: 'False'
[2026-06-11 08:25:16Z INFO ProcessInvokerWrapper]   Redirected STDIN: 'False'
[2026-06-11 08:25:16Z INFO ProcessInvokerWrapper]   Persist current code page: 'True'
[2026-06-11 08:25:16Z INFO ProcessInvokerWrapper]   Keep redirected STDIN open: 'False'
[2026-06-11 08:25:16Z INFO ProcessInvokerWrapper]   High priority process: 'False'
[2026-06-11 08:25:16Z INFO ProcessInvokerWrapper] Process started with process id 20860, waiting for process exit.
[2026-06-11 08:25:16Z INFO JobServerQueue] Try to append 1 batches web console lines for record '80f11ffc-b6fc-4c55-aea0-5779428621b4', success rate: 1/1.
[2026-06-11 08:25:16Z INFO JobServerQueue] Try to append 1 batches web console lines for record '180af272-e7d3-43b6-be7d-9b830decd821', success rate: 1/1.
[2026-06-11 08:25:17Z INFO HostContext] Well known directory 'Bin': 'C:\Users\highf\Downloads\hfs\actions-runner\actions-runner\bin'
[2026-06-11 08:25:17Z INFO HostContext] Well known directory 'Root': 'C:\Users\highf\Downloads\hfs\actions-runner\actions-runner'
[2026-06-11 08:25:17Z INFO HostContext] Well known directory 'Work': 'C:\Users\highf\Downloads\hfs\actions-runner\actions-runner\_work'
[2026-06-11 08:25:17Z INFO JobServerQueue] Got a step log file to send to results service.
[2026-06-11 08:25:17Z INFO JobServerQueue] Starting upload of step log file to results service ResultsLog, C:\Users\highf\Downloads\hfs\actions-runner\actions-runner\_diag\blocks\4bd86fb4-e3a2-4683-91bc-714d9a1f627b_80f11ffc-b6fc-4c55-aea0-5779428621b4.1
[2026-06-11 08:25:17Z INFO JobServerQueue] Try to upload 1 log files or attachments, success rate: 1/1.
[2026-06-11 08:25:18Z INFO JobServerQueue] Tried to upload 1 file(s) to results, success rate: 1/1.
[2026-06-11 08:25:20Z INFO JobServerQueue] Try to append 1 batches web console lines for record '180af272-e7d3-43b6-be7d-9b830decd821', success rate: 1/1.
[2026-06-11 08:25:27Z INFO HostContext] Well known directory 'Bin': 'C:\Users\highf\Downloads\hfs\actions-runner\actions-runner\bin'
[2026-06-11 08:25:27Z INFO HostContext] Well known directory 'Root': 'C:\Users\highf\Downloads\hfs\actions-runner\actions-runner'
[2026-06-11 08:25:27Z INFO HostContext] Well known directory 'Work': 'C:\Users\highf\Downloads\hfs\actions-runner\actions-runner\_work'
[2026-06-11 08:25:29Z INFO JobServerQueue] Try to append 1 batches web console lines for record '180af272-e7d3-43b6-be7d-9b830decd821', success rate: 1/1.
[2026-06-11 08:25:37Z INFO HostContext] Well known directory 'Bin': 'C:\Users\highf\Downloads\hfs\actions-runner\actions-runner\bin'
[2026-06-11 08:25:37Z INFO HostContext] Well known directory 'Root': 'C:\Users\highf\Downloads\hfs\actions-runner\actions-runner'
[2026-06-11 08:25:37Z INFO HostContext] Well known directory 'Work': 'C:\Users\highf\Downloads\hfs\actions-runner\actions-runner\_work'
[2026-06-11 08:25:39Z INFO JobServerQueue] Try to append 1 batches web console lines for record '180af272-e7d3-43b6-be7d-9b830decd821', success rate: 1/1.
[2026-06-11 08:25:46Z INFO JobServerQueue] Try to append 1 batches web console lines for record '180af272-e7d3-43b6-be7d-9b830decd821', success rate: 1/1.
[2026-06-11 08:25:47Z INFO HostContext] Well known directory 'Bin': 'C:\Users\highf\Downloads\hfs\actions-runner\actions-runner\bin'
[2026-06-11 08:25:47Z INFO HostContext] Well known directory 'Root': 'C:\Users\highf\Downloads\hfs\actions-runner\actions-runner'
[2026-06-11 08:25:47Z INFO HostContext] Well known directory 'Work': 'C:\Users\highf\Downloads\hfs\actions-runner\actions-runner\_work'
[2026-06-11 08:25:51Z INFO JobServerQueue] Try to append 1 batches web console lines for record '180af272-e7d3-43b6-be7d-9b830decd821', success rate: 1/1.
[2026-06-11 08:25:52Z INFO JobServerQueue] Try to append 1 batches web console lines for record '180af272-e7d3-43b6-be7d-9b830decd821', success rate: 1/1.
[2026-06-11 08:25:57Z INFO HostContext] Well known directory 'Bin': 'C:\Users\highf\Downloads\hfs\actions-runner\actions-runner\bin'
[2026-06-11 08:25:57Z INFO HostContext] Well known directory 'Root': 'C:\Users\highf\Downloads\hfs\actions-runner\actions-runner'
[2026-06-11 08:25:57Z INFO HostContext] Well known directory 'Work': 'C:\Users\highf\Downloads\hfs\actions-runner\actions-runner\_work'
[2026-06-11 08:25:58Z INFO JobServerQueue] Try to append 1 batches web console lines for record '180af272-e7d3-43b6-be7d-9b830decd821', success rate: 1/1.
[2026-06-11 08:26:04Z INFO JobServerQueue] Try to append 1 batches web console lines for record '180af272-e7d3-43b6-be7d-9b830decd821', success rate: 1/1.
[2026-06-11 08:26:04Z INFO JobServerQueue] Try to append 1 batches web console lines for record '180af272-e7d3-43b6-be7d-9b830decd821', success rate: 1/1.
[2026-06-11 08:26:05Z INFO JobServerQueue] Stop aggressive process web console line queue.
[2026-06-11 08:26:07Z INFO HostContext] Well known directory 'Bin': 'C:\Users\highf\Downloads\hfs\actions-runner\actions-runner\bin'
[2026-06-11 08:26:07Z INFO HostContext] Well known directory 'Root': 'C:\Users\highf\Downloads\hfs\actions-runner\actions-runner'
[2026-06-11 08:26:07Z INFO HostContext] Well known directory 'Work': 'C:\Users\highf\Downloads\hfs\actions-runner\actions-runner\_work'
[2026-06-11 08:26:10Z INFO JobServerQueue] Try to append 1 batches web console lines for record '180af272-e7d3-43b6-be7d-9b830decd821', success rate: 1/1.
[2026-06-11 08:26:11Z INFO JobServerQueue] Try to append 1 batches web console lines for record '180af272-e7d3-43b6-be7d-9b830decd821', success rate: 1/1.
[2026-06-11 08:26:11Z INFO JobServerQueue] Try to append 1 batches web console lines for record '180af272-e7d3-43b6-be7d-9b830decd821', success rate: 1/1.
[2026-06-11 08:26:12Z INFO JobServerQueue] Try to append 1 batches web console lines for record '180af272-e7d3-43b6-be7d-9b830decd821', success rate: 1/1.
[2026-06-11 08:26:12Z INFO JobServerQueue] Try to append 1 batches web console lines for record '180af272-e7d3-43b6-be7d-9b830decd821', success rate: 1/1.
[2026-06-11 08:26:13Z INFO JobServerQueue] Try to append 1 batches web console lines for record '180af272-e7d3-43b6-be7d-9b830decd821', success rate: 1/1.
[2026-06-11 08:26:13Z INFO JobServerQueue] Try to append 1 batches web console lines for record '180af272-e7d3-43b6-be7d-9b830decd821', success rate: 1/1.
[2026-06-11 08:26:14Z INFO JobServerQueue] Try to append 1 batches web console lines for record '180af272-e7d3-43b6-be7d-9b830decd821', success rate: 1/1.
[2026-06-11 08:26:14Z INFO JobServerQueue] Try to append 1 batches web console lines for record '180af272-e7d3-43b6-be7d-9b830decd821', success rate: 1/1.
[2026-06-11 08:26:15Z INFO JobServerQueue] Try to append 1 batches web console lines for record '180af272-e7d3-43b6-be7d-9b830decd821', success rate: 1/1.
[2026-06-11 08:26:15Z INFO JobServerQueue] Try to append 1 batches web console lines for record '180af272-e7d3-43b6-be7d-9b830decd821', success rate: 1/1.
[2026-06-11 08:26:16Z INFO JobServerQueue] Try to append 1 batches web console lines for record '180af272-e7d3-43b6-be7d-9b830decd821', success rate: 1/1.
[2026-06-11 08:26:16Z INFO JobServerQueue] Try to append 1 batches web console lines for record '180af272-e7d3-43b6-be7d-9b830decd821', success rate: 1/1.
[2026-06-11 08:26:17Z INFO HostContext] Well known directory 'Bin': 'C:\Users\highf\Downloads\hfs\actions-runner\actions-runner\bin'
[2026-06-11 08:26:17Z INFO HostContext] Well known directory 'Root': 'C:\Users\highf\Downloads\hfs\actions-runner\actions-runner'
[2026-06-11 08:26:17Z INFO HostContext] Well known directory 'Work': 'C:\Users\highf\Downloads\hfs\actions-runner\actions-runner\_work'
[2026-06-11 08:26:17Z INFO JobServerQueue] Try to append 1 batches web console lines for record '180af272-e7d3-43b6-be7d-9b830decd821', success rate: 1/1.
[2026-06-11 08:26:17Z INFO JobServerQueue] Try to append 1 batches web console lines for record '180af272-e7d3-43b6-be7d-9b830decd821', success rate: 1/1.
[2026-06-11 08:26:18Z INFO JobServerQueue] Try to append 1 batches web console lines for record '180af272-e7d3-43b6-be7d-9b830decd821', success rate: 1/1.
[2026-06-11 08:26:18Z INFO JobServerQueue] Try to append 1 batches web console lines for record '180af272-e7d3-43b6-be7d-9b830decd821', success rate: 1/1.
[2026-06-11 08:26:19Z INFO JobServerQueue] Try to append 1 batches web console lines for record '180af272-e7d3-43b6-be7d-9b830decd821', success rate: 1/1.
[2026-06-11 08:26:19Z INFO JobServerQueue] Try to append 1 batches web console lines for record '180af272-e7d3-43b6-be7d-9b830decd821', success rate: 1/1.
[2026-06-11 08:26:20Z INFO JobServerQueue] Try to append 1 batches web console lines for record '180af272-e7d3-43b6-be7d-9b830decd821', success rate: 1/1.
[2026-06-11 08:26:20Z INFO JobServerQueue] Try to append 1 batches web console lines for record '180af272-e7d3-43b6-be7d-9b830decd821', success rate: 1/1.
[2026-06-11 08:26:21Z INFO JobServerQueue] Try to append 1 batches web console lines for record '180af272-e7d3-43b6-be7d-9b830decd821', success rate: 1/1.
[2026-06-11 08:26:21Z INFO JobServerQueue] Try to append 1 batches web console lines for record '180af272-e7d3-43b6-be7d-9b830decd821', success rate: 1/1.
[2026-06-11 08:26:22Z INFO JobServerQueue] Try to append 1 batches web console lines for record '180af272-e7d3-43b6-be7d-9b830decd821', success rate: 1/1.
[2026-06-11 08:26:22Z INFO JobServerQueue] Try to append 1 batches web console lines for record '180af272-e7d3-43b6-be7d-9b830decd821', success rate: 1/1.
[2026-06-11 08:26:23Z INFO ProcessInvokerWrapper] STDOUT/STDERR stream read finished.
[2026-06-11 08:26:23Z INFO ProcessInvokerWrapper] STDOUT/STDERR stream read finished.
[2026-06-11 08:26:23Z INFO ProcessInvokerWrapper] Finished process 20860 with exit code 0, and elapsed time 00:01:06.5736104.
[2026-06-11 08:26:23Z INFO CreateStepSummaryCommand] Step Summary file (C:\Users\highf\Downloads\hfs\actions-runner\actions-runner\_work\_temp\_runner_file_commands\step_summary_46fefe18-990d-4d56-9b1d-e4e576e5eb3c) is empty; skipping attachment upload
[2026-06-11 08:26:23Z INFO StepsRunner] Step result: 
[2026-06-11 08:26:23Z INFO ExecutionContext] Publish step telemetry for current step {
  "action": "powershell",
  "type": "run",
  "stage": "Main",
  "stepId": "180af272-e7d3-43b6-be7d-9b830decd821",
  "stepContextName": "__run_2",
  "result": "succeeded",
  "errorMessages": [],
  "executionTimeInSeconds": 67,
  "startTime": "2026-06-11T08:25:16.7722839Z",
  "finishTime": "2026-06-11T08:26:23.3745868Z"
}.
[2026-06-11 08:26:23Z INFO StepsRunner] No need for updating job result with current step result 'Succeeded'.
[2026-06-11 08:26:23Z INFO StepsRunner] Current state: job state = ''
[2026-06-11 08:26:23Z INFO StepsRunner] Processing step: DisplayName='Commit changes'
[2026-06-11 08:26:23Z INFO StepsRunner] Evaluating: success()
[2026-06-11 08:26:23Z INFO StepsRunner] Result: true
[2026-06-11 08:26:23Z INFO StepsRunner] Starting the step.
[2026-06-11 08:26:23Z INFO HostContext] Well known directory 'Bin': 'C:\Users\highf\Downloads\hfs\actions-runner\actions-runner\bin'
[2026-06-11 08:26:23Z INFO HostContext] Well known directory 'Root': 'C:\Users\highf\Downloads\hfs\actions-runner\actions-runner'
[2026-06-11 08:26:23Z INFO HostContext] Well known directory 'Work': 'C:\Users\highf\Downloads\hfs\actions-runner\actions-runner\_work'
[2026-06-11 08:26:23Z INFO StepsRunner] Which2: 'chcp'
[2026-06-11 08:26:23Z INFO StepsRunner] Location: 'C:\WINDOWS\system32\chcp.COM'
[2026-06-11 08:26:23Z INFO ProcessInvokerWrapper] Starting process:
[2026-06-11 08:26:23Z INFO ProcessInvokerWrapper]   File name: 'C:\WINDOWS\system32\chcp.COM'
[2026-06-11 08:26:23Z INFO ProcessInvokerWrapper]   Arguments: '65001'
[2026-06-11 08:26:23Z INFO ProcessInvokerWrapper]   Working directory: 'C:\Users\highf\Downloads\hfs\actions-runner\actions-runner\_work'
[2026-06-11 08:26:23Z INFO ProcessInvokerWrapper]   Require exit code zero: 'False'
[2026-06-11 08:26:23Z INFO ProcessInvokerWrapper]   Encoding web name:  ; code page: ''
[2026-06-11 08:26:23Z INFO ProcessInvokerWrapper]   Force kill process on cancellation: 'False'
[2026-06-11 08:26:23Z INFO ProcessInvokerWrapper]   Redirected STDIN: 'False'
[2026-06-11 08:26:23Z INFO ProcessInvokerWrapper]   Persist current code page: 'True'
[2026-06-11 08:26:23Z INFO ProcessInvokerWrapper]   Keep redirected STDIN open: 'False'
[2026-06-11 08:26:23Z INFO ProcessInvokerWrapper]   High priority process: 'False'
[2026-06-11 08:26:23Z INFO ProcessInvokerWrapper] Process started with process id 10300, waiting for process exit.
[2026-06-11 08:26:23Z INFO ProcessInvokerWrapper] STDOUT/STDERR stream read finished.
[2026-06-11 08:26:23Z INFO ProcessInvokerWrapper] STDOUT/STDERR stream read finished.
[2026-06-11 08:26:23Z INFO ProcessInvokerWrapper] Finished process 10300 with exit code 0, and elapsed time 00:00:00.0100490.
[2026-06-11 08:26:23Z INFO StepsRunner] Successfully returned to code page 65001 (UTF8)
[2026-06-11 08:26:23Z INFO HostContext] Well known directory 'Bin': 'C:\Users\highf\Downloads\hfs\actions-runner\actions-runner\bin'
[2026-06-11 08:26:23Z INFO HostContext] Well known directory 'Root': 'C:\Users\highf\Downloads\hfs\actions-runner\actions-runner'
[2026-06-11 08:26:23Z INFO HostContext] Well known directory 'Work': 'C:\Users\highf\Downloads\hfs\actions-runner\actions-runner\_work'
[2026-06-11 08:26:23Z INFO HostContext] Well known directory 'Temp': 'C:\Users\highf\Downloads\hfs\actions-runner\actions-runner\_work\_temp'
[2026-06-11 08:26:23Z INFO ExecutionContext] Write event payload to C:\Users\highf\Downloads\hfs\actions-runner\actions-runner\_work\_temp\_github_workflow\event.json
[2026-06-11 08:26:23Z INFO HostContext] Well known directory 'Bin': 'C:\Users\highf\Downloads\hfs\actions-runner\actions-runner\bin'
[2026-06-11 08:26:23Z INFO HostContext] Well known directory 'Root': 'C:\Users\highf\Downloads\hfs\actions-runner\actions-runner'
[2026-06-11 08:26:23Z INFO HostContext] Well known directory 'Work': 'C:\Users\highf\Downloads\hfs\actions-runner\actions-runner\_work'
[2026-06-11 08:26:23Z INFO HostContext] Well known directory 'Temp': 'C:\Users\highf\Downloads\hfs\actions-runner\actions-runner\_work\_temp'
[2026-06-11 08:26:23Z INFO ExtensionManager] Getting extensions for interface: 'GitHub.Runner.Worker.IFileCommandExtension'
[2026-06-11 08:26:23Z INFO ExtensionManager] Getting extensions for interface: 'GitHub.Runner.Worker.IActionCommandExtension'
[2026-06-11 08:26:23Z INFO ActionCommandManager] Register action command extension for command internal-set-repo-path
[2026-06-11 08:26:23Z INFO ActionCommandManager] Register action command extension for command set-env
[2026-06-11 08:26:23Z INFO ActionCommandManager] Register action command extension for command set-output
[2026-06-11 08:26:23Z INFO ActionCommandManager] Register action command extension for command save-state
[2026-06-11 08:26:23Z INFO ActionCommandManager] Register action command extension for command add-path
[2026-06-11 08:26:23Z INFO ActionCommandManager] Register action command extension for command add-mask
[2026-06-11 08:26:23Z INFO ActionCommandManager] Register action command extension for command add-matcher
[2026-06-11 08:26:23Z INFO ActionCommandManager] Register action command extension for command remove-matcher
[2026-06-11 08:26:23Z INFO ActionCommandManager] Register action command extension for command warning
[2026-06-11 08:26:23Z INFO ActionCommandManager] Register action command extension for command error
[2026-06-11 08:26:23Z INFO ActionCommandManager] Register action command extension for command notice
[2026-06-11 08:26:23Z INFO ActionCommandManager] Register action command extension for command debug
[2026-06-11 08:26:23Z INFO ActionCommandManager] Register action command extension for command group
[2026-06-11 08:26:23Z INFO ActionCommandManager] Register action command extension for command endgroup
[2026-06-11 08:26:23Z INFO ActionCommandManager] Register action command extension for command echo
[2026-06-11 08:26:23Z INFO ScriptHandler] Which2: 'pwsh'
[2026-06-11 08:26:23Z INFO ScriptHandler] pwsh: command not found. Make sure 'pwsh' is installed and its location included in the 'Path' environment variable.
[2026-06-11 08:26:23Z INFO ScriptHandler] Defaulting to powershell
[2026-06-11 08:26:23Z INFO ScriptHandler] Which2: 'powershell'
[2026-06-11 08:26:23Z INFO ScriptHandler] Location: 'C:\WINDOWS\System32\WindowsPowerShell\v1.0\powershell.EXE'
[2026-06-11 08:26:23Z INFO HostContext] Well known directory 'Bin': 'C:\Users\highf\Downloads\hfs\actions-runner\actions-runner\bin'
[2026-06-11 08:26:23Z INFO HostContext] Well known directory 'Root': 'C:\Users\highf\Downloads\hfs\actions-runner\actions-runner'
[2026-06-11 08:26:23Z INFO HostContext] Well known directory 'Work': 'C:\Users\highf\Downloads\hfs\actions-runner\actions-runner\_work'
[2026-06-11 08:26:23Z INFO HostContext] Well known directory 'Temp': 'C:\Users\highf\Downloads\hfs\actions-runner\actions-runner\_work\_temp'
[2026-06-11 08:26:23Z INFO ScriptHandler] Which2: 'pwsh'
[2026-06-11 08:26:23Z INFO ScriptHandler] pwsh: command not found. Make sure 'pwsh' is installed and its location included in the 'Path' environment variable.
[2026-06-11 08:26:23Z INFO ScriptHandler] Defaulting to powershell
[2026-06-11 08:26:23Z INFO ScriptHandler] Which2: 'powershell'
[2026-06-11 08:26:23Z INFO ScriptHandler] Location: 'C:\WINDOWS\System32\WindowsPowerShell\v1.0\powershell.EXE'
[2026-06-11 08:26:23Z INFO ProcessInvokerWrapper] Starting process:
[2026-06-11 08:26:23Z INFO ProcessInvokerWrapper]   File name: 'C:\WINDOWS\System32\WindowsPowerShell\v1.0\powershell.EXE'
[2026-06-11 08:26:23Z INFO ProcessInvokerWrapper]   Arguments: '-command ". 'C:\Users\highf\Downloads\hfs\actions-runner\actions-runner\_work\_temp\9a683adb-0a46-4125-8c76-3b5f7559f2ac.ps1'"'
[2026-06-11 08:26:23Z INFO ProcessInvokerWrapper]   Working directory: 'C:\Users\highf\Downloads\hfs\actions-runner\actions-runner\_work\hfs-uber-sync\hfs-uber-sync'
[2026-06-11 08:26:23Z INFO ProcessInvokerWrapper]   Require exit code zero: 'False'
[2026-06-11 08:26:23Z INFO ProcessInvokerWrapper]   Encoding web name:  ; code page: ''
[2026-06-11 08:26:23Z INFO ProcessInvokerWrapper]   Force kill process on cancellation: 'False'
[2026-06-11 08:26:23Z INFO ProcessInvokerWrapper]   Redirected STDIN: 'False'
[2026-06-11 08:26:23Z INFO ProcessInvokerWrapper]   Persist current code page: 'True'
[2026-06-11 08:26:23Z INFO ProcessInvokerWrapper]   Keep redirected STDIN open: 'False'
[2026-06-11 08:26:23Z INFO ProcessInvokerWrapper]   High priority process: 'False'
[2026-06-11 08:26:23Z INFO ProcessInvokerWrapper] Process started with process id 21012, waiting for process exit.
[2026-06-11 08:26:23Z INFO JobServerQueue] Try to append 1 batches web console lines for record '180af272-e7d3-43b6-be7d-9b830decd821', success rate: 1/1.
[2026-06-11 08:26:23Z INFO JobServerQueue] Try to append 1 batches web console lines for record '0a5faad1-3460-42c3-b553-6363c617184b', success rate: 1/1.
[2026-06-11 08:26:23Z INFO ProcessInvokerWrapper] STDOUT/STDERR stream read finished.
[2026-06-11 08:26:23Z INFO ProcessInvokerWrapper] STDOUT/STDERR stream read finished.
[2026-06-11 08:26:23Z INFO ProcessInvokerWrapper] Finished process 21012 with exit code 1, and elapsed time 00:00:00.2868807.
[2026-06-11 08:26:23Z INFO CreateStepSummaryCommand] Step Summary file (C:\Users\highf\Downloads\hfs\actions-runner\actions-runner\_work\_temp\_runner_file_commands\step_summary_f52a95f9-075f-498e-9bbb-e9f981934221) is empty; skipping attachment upload
[2026-06-11 08:26:23Z INFO StepsRunner] Step result: Failed
[2026-06-11 08:26:23Z INFO ExecutionContext] Publish step telemetry for current step {
  "action": "powershell",
  "type": "run",
  "stage": "Main",
  "stepId": "0a5faad1-3460-42c3-b553-6363c617184b",
  "stepContextName": "__run_3",
  "result": "failed",
  "errorMessages": [
    "Process completed with exit code 1."
  ],
  "executionTimeInSeconds": 1,
  "startTime": "2026-06-11T08:26:23.375516Z",
  "finishTime": "2026-06-11T08:26:23.6921852Z"
}.
[2026-06-11 08:26:23Z INFO StepsRunner] Update job result with current step result 'Failed'.
[2026-06-11 08:26:23Z INFO StepsRunner] Current state: job state = 'Failed'
[2026-06-11 08:26:23Z INFO StepsRunner] Processing step: DisplayName='Push changes'
[2026-06-11 08:26:23Z INFO StepsRunner] Evaluating: success()
[2026-06-11 08:26:23Z INFO StepsRunner] Result: false
[2026-06-11 08:26:23Z INFO StepsRunner] Skipping step due to condition evaluation.
[2026-06-11 08:26:23Z INFO StepsRunner] No need for updating job result with current step result 'Skipped'.
[2026-06-11 08:26:23Z INFO StepsRunner] Current state: job state = 'Failed'
[2026-06-11 08:26:23Z INFO StepsRunner] Processing step: DisplayName='Post Run actions/setup-node@v4'
[2026-06-11 08:26:23Z INFO StepsRunner] Evaluating: success()
[2026-06-11 08:26:23Z INFO StepsRunner] Result: false
[2026-06-11 08:26:23Z INFO StepsRunner] Skipping step due to condition evaluation.
[2026-06-11 08:26:23Z INFO StepsRunner] No need for updating job result with current step result 'Skipped'.
[2026-06-11 08:26:23Z INFO StepsRunner] Current state: job state = 'Failed'
[2026-06-11 08:26:23Z INFO StepsRunner] Processing step: DisplayName='Post Run actions/checkout@v4'
[2026-06-11 08:26:23Z INFO StepsRunner] Evaluating: always()
[2026-06-11 08:26:23Z INFO StepsRunner] Result: true
[2026-06-11 08:26:23Z INFO StepsRunner] Starting the step.
[2026-06-11 08:26:23Z INFO HostContext] Well known directory 'Bin': 'C:\Users\highf\Downloads\hfs\actions-runner\actions-runner\bin'
[2026-06-11 08:26:23Z INFO HostContext] Well known directory 'Root': 'C:\Users\highf\Downloads\hfs\actions-runner\actions-runner'
[2026-06-11 08:26:23Z INFO HostContext] Well known directory 'Work': 'C:\Users\highf\Downloads\hfs\actions-runner\actions-runner\_work'
[2026-06-11 08:26:23Z INFO StepsRunner] Which2: 'chcp'
[2026-06-11 08:26:23Z INFO StepsRunner] Location: 'C:\WINDOWS\system32\chcp.COM'
[2026-06-11 08:26:23Z INFO ProcessInvokerWrapper] Starting process:
[2026-06-11 08:26:23Z INFO ProcessInvokerWrapper]   File name: 'C:\WINDOWS\system32\chcp.COM'
[2026-06-11 08:26:23Z INFO ProcessInvokerWrapper]   Arguments: '65001'
[2026-06-11 08:26:23Z INFO ProcessInvokerWrapper]   Working directory: 'C:\Users\highf\Downloads\hfs\actions-runner\actions-runner\_work'
[2026-06-11 08:26:23Z INFO ProcessInvokerWrapper]   Require exit code zero: 'False'
[2026-06-11 08:26:23Z INFO ProcessInvokerWrapper]   Encoding web name:  ; code page: ''
[2026-06-11 08:26:23Z INFO ProcessInvokerWrapper]   Force kill process on cancellation: 'False'
[2026-06-11 08:26:23Z INFO ProcessInvokerWrapper]   Redirected STDIN: 'False'
[2026-06-11 08:26:23Z INFO ProcessInvokerWrapper]   Persist current code page: 'True'
[2026-06-11 08:26:23Z INFO ProcessInvokerWrapper]   Keep redirected STDIN open: 'False'
[2026-06-11 08:26:23Z INFO ProcessInvokerWrapper]   High priority process: 'False'
[2026-06-11 08:26:23Z INFO ProcessInvokerWrapper] Process started with process id 21516, waiting for process exit.
[2026-06-11 08:26:23Z INFO ProcessInvokerWrapper] STDOUT/STDERR stream read finished.
[2026-06-11 08:26:23Z INFO ProcessInvokerWrapper] STDOUT/STDERR stream read finished.
[2026-06-11 08:26:23Z INFO ProcessInvokerWrapper] Finished process 21516 with exit code 0, and elapsed time 00:00:00.0107338.
[2026-06-11 08:26:23Z INFO StepsRunner] Successfully returned to code page 65001 (UTF8)
[2026-06-11 08:26:23Z INFO HostContext] Well known directory 'Bin': 'C:\Users\highf\Downloads\hfs\actions-runner\actions-runner\bin'
[2026-06-11 08:26:23Z INFO HostContext] Well known directory 'Root': 'C:\Users\highf\Downloads\hfs\actions-runner\actions-runner'
[2026-06-11 08:26:23Z INFO HostContext] Well known directory 'Work': 'C:\Users\highf\Downloads\hfs\actions-runner\actions-runner\_work'
[2026-06-11 08:26:23Z INFO HostContext] Well known directory 'Actions': 'C:\Users\highf\Downloads\hfs\actions-runner\actions-runner\_work\_actions'
[2026-06-11 08:26:23Z INFO ActionManager] Load action that reference repository from 'C:\Users\highf\Downloads\hfs\actions-runner\actions-runner\_work\_actions\actions\checkout\v4'
[2026-06-11 08:26:23Z INFO HostContext] Well known directory 'Bin': 'C:\Users\highf\Downloads\hfs\actions-runner\actions-runner\bin'
[2026-06-11 08:26:23Z INFO HostContext] Well known directory 'Root': 'C:\Users\highf\Downloads\hfs\actions-runner\actions-runner'
[2026-06-11 08:26:23Z INFO HostContext] Well known directory 'Work': 'C:\Users\highf\Downloads\hfs\actions-runner\actions-runner\_work'
[2026-06-11 08:26:23Z INFO HostContext] Well known directory 'Actions': 'C:\Users\highf\Downloads\hfs\actions-runner\actions-runner\_work\_actions'
[2026-06-11 08:26:23Z INFO ActionManifestManagerLegacy] Loaded action.yml file: {
  "name": "Checkout",
  "description": "Checkout a Git repository at a particular version",
  "inputs": {
    "type": 2,
    "map": [
      {
        "key": {
          "type": 0,
          "file": 2,
          "line": 4,
          "col": 3,
          "lit": "repository"
        },
        "value": {
          "type": 3,
          "file": 2,
          "line": 6,
          "col": 14,
          "expr": "github.repository"
        }
      },
      {
        "key": {
          "type": 0,
          "file": 2,
          "line": 7,
          "col": 3,
          "lit": "ref"
        },
        "value": ""
      },
      {
        "key": {
          "type": 0,
          "file": 2,
          "line": 12,
          "col": 3,
          "lit": "token"
        },
        "value": {
          "type": 3,
          "file": 2,
          "line": 24,
          "col": 14,
          "expr": "github.token"
        }
      },
      {
        "key": {
          "type": 0,
          "file": 2,
          "line": 25,
          "col": 3,
          "lit": "ssh-key"
        },
        "value": ""
      },
      {
        "key": {
          "type": 0,
          "file": 2,
          "line": 37,
          "col": 3,
          "lit": "ssh-known-hosts"
        },
        "value": ""
      },
      {
        "key": {
          "type": 0,
          "file": 2,
          "line": 42,
          "col": 3,
          "lit": "ssh-strict"
        },
        "value": {
          "type": 0,
          "file": 2,
          "line": 47,
          "col": 14,
          "lit": "true"
        }
      },
      {
        "key": {
          "type": 0,
          "file": 2,
          "line": 48,
          "col": 3,
          "lit": "ssh-user"
        },
        "value": {
          "type": 0,
          "file": 2,
          "line": 51,
          "col": 14,
          "lit": "git"
        }
      },
      {
        "key": {
          "type": 0,
          "file": 2,
          "line": 52,
          "col": 3,
          "lit": "persist-credentials"
        },
        "value": {
          "type": 0,
          "file": 2,
          "line": 54,
          "col": 14,
          "lit": "true"
        }
      },
      {
        "key": {
          "type": 0,
          "file": 2,
          "line": 55,
          "col": 3,
          "lit": "path"
        },
        "value": ""
      },
      {
        "key": {
          "type": 0,
          "file": 2,
          "line": 57,
          "col": 3,
          "lit": "clean"
        },
        "value": {
          "type": 0,
          "file": 2,
          "line": 59,
          "col": 14,
          "lit": "true"
        }
      },
      {
        "key": {
          "type": 0,
          "file": 2,
          "line": 60,
          "col": 3,
          "lit": "filter"
        },
        "value": {
          "type": 0,
          "file": 2,
          "line": 64,
          "col": 14,
          "lit": ""
        }
      },
      {
        "key": {
          "type": 0,
          "file": 2,
          "line": 65,
          "col": 3,
          "lit": "sparse-checkout"
        },
        "value": {
          "type": 0,
          "file": 2,
          "line": 69,
          "col": 14,
          "lit": ""
        }
      },
      {
        "key": {
          "type": 0,
          "file": 2,
          "line": 70,
          "col": 3,
          "lit": "sparse-checkout-cone-mode"
        },
        "value": {
          "type": 0,
          "file": 2,
          "line": 73,
          "col": 14,
          "lit": "true"
        }
      },
      {
        "key": {
          "type": 0,
          "file": 2,
          "line": 74,
          "col": 3,
          "lit": "fetch-depth"
        },
        "value": {
          "type": 0,
          "file": 2,
          "line": 76,
          "col": 14,
          "lit": "1"
        }
      },
      {
        "key": {
          "type": 0,
          "file": 2,
          "line": 77,
          "col": 3,
          "lit": "fetch-tags"
        },
        "value": {
          "type": 0,
          "file": 2,
          "line": 79,
          "col": 14,
          "lit": "false"
        }
      },
      {
        "key": {
          "type": 0,
          "file": 2,
          "line": 80,
          "col": 3,
          "lit": "show-progress"
        },
        "value": {
          "type": 0,
          "file": 2,
          "line": 82,
          "col": 14,
          "lit": "true"
        }
      },
      {
        "key": {
          "type": 0,
          "file": 2,
          "line": 83,
          "col": 3,
          "lit": "lfs"
        },
        "value": {
          "type": 0,
          "file": 2,
          "line": 85,
          "col": 14,
          "lit": "false"
        }
      },
      {
        "key": {
          "type": 0,
          "file": 2,
          "line": 86,
          "col": 3,
          "lit": "submodules"
        },
        "value": {
          "type": 0,
          "file": 2,
          "line": 94,
          "col": 14,
          "lit": "false"
        }
      },
      {
        "key": {
          "type": 0,
          "file": 2,
          "line": 95,
          "col": 3,
          "lit": "set-safe-directory"
        },
        "value": {
          "type": 0,
          "file": 2,
          "line": 97,
          "col": 14,
          "lit": "true"
        }
      },
      {
        "key": {
          "type": 0,
          "file": 2,
          "line": 98,
          "col": 3,
          "lit": "github-server-url"
        },
        "value": ""
      }
    ]
  },
  "execution": {
    "executionType": "nodeJS",
    "hasPre": false,
    "hasPost": true,
    "script": "dist/index.js",
    "pre": null,
    "post": "dist/index.js",
    "nodeVersion": "node20",
    "cleanupCondition": "always()",
    "initCondition": "always()"
  },
  "deprecated": null
}
[2026-06-11 08:26:23Z INFO ActionManager] Action pre node.js file: N/A.
[2026-06-11 08:26:23Z INFO ActionManager] Action node.js file: dist/index.js.
[2026-06-11 08:26:23Z INFO ActionManager] Action post node.js file: dist/index.js.
[2026-06-11 08:26:23Z INFO HostContext] Well known directory 'Bin': 'C:\Users\highf\Downloads\hfs\actions-runner\actions-runner\bin'
[2026-06-11 08:26:23Z INFO HostContext] Well known directory 'Root': 'C:\Users\highf\Downloads\hfs\actions-runner\actions-runner'
[2026-06-11 08:26:23Z INFO HostContext] Well known directory 'Work': 'C:\Users\highf\Downloads\hfs\actions-runner\actions-runner\_work'
[2026-06-11 08:26:23Z INFO HostContext] Well known directory 'Temp': 'C:\Users\highf\Downloads\hfs\actions-runner\actions-runner\_work\_temp'
[2026-06-11 08:26:23Z INFO ExecutionContext] Write event payload to C:\Users\highf\Downloads\hfs\actions-runner\actions-runner\_work\_temp\_github_workflow\event.json
[2026-06-11 08:26:23Z INFO HostContext] Well known directory 'Bin': 'C:\Users\highf\Downloads\hfs\actions-runner\actions-runner\bin'
[2026-06-11 08:26:23Z INFO HostContext] Well known directory 'Root': 'C:\Users\highf\Downloads\hfs\actions-runner\actions-runner'
[2026-06-11 08:26:23Z INFO HostContext] Well known directory 'Work': 'C:\Users\highf\Downloads\hfs\actions-runner\actions-runner\_work'
[2026-06-11 08:26:23Z INFO HostContext] Well known directory 'Temp': 'C:\Users\highf\Downloads\hfs\actions-runner\actions-runner\_work\_temp'
[2026-06-11 08:26:23Z INFO ExtensionManager] Getting extensions for interface: 'GitHub.Runner.Worker.IFileCommandExtension'
[2026-06-11 08:26:23Z INFO ActionManifestManagerLegacy] Input 'repository': default value evaluate result: {
  "type": 0,
  "file": 2,
  "line": 6,
  "col": 14,
  "lit": "sitaramm25/hfs-uber-sync"
}
[2026-06-11 08:26:23Z INFO ActionManifestManagerLegacy] Input 'ref': default value evaluate result: ""
[2026-06-11 08:26:23Z INFO ActionManifestManagerLegacy] Input 'token': default value evaluate result: {
  "type": 0,
  "file": 2,
  "line": 24,
  "col": 14,
  "lit": "***"
}
[2026-06-11 08:26:23Z INFO ActionManifestManagerLegacy] Input 'ssh-key': default value evaluate result: ""
[2026-06-11 08:26:23Z INFO ActionManifestManagerLegacy] Input 'ssh-known-hosts': default value evaluate result: ""
[2026-06-11 08:26:23Z INFO ActionManifestManagerLegacy] Input 'ssh-strict': default value evaluate result: {
  "type": 0,
  "file": 2,
  "line": 47,
  "col": 14,
  "lit": "true"
}
[2026-06-11 08:26:23Z INFO ActionManifestManagerLegacy] Input 'ssh-user': default value evaluate result: {
  "type": 0,
  "file": 2,
  "line": 51,
  "col": 14,
  "lit": "git"
}
[2026-06-11 08:26:23Z INFO ActionManifestManagerLegacy] Input 'persist-credentials': default value evaluate result: {
  "type": 0,
  "file": 2,
  "line": 54,
  "col": 14,
  "lit": "true"
}
[2026-06-11 08:26:23Z INFO ActionManifestManagerLegacy] Input 'path': default value evaluate result: ""
[2026-06-11 08:26:23Z INFO ActionManifestManagerLegacy] Input 'clean': default value evaluate result: {
  "type": 0,
  "file": 2,
  "line": 59,
  "col": 14,
  "lit": "true"
}
[2026-06-11 08:26:23Z INFO ActionManifestManagerLegacy] Input 'filter': default value evaluate result: {
  "type": 0,
  "file": 2,
  "line": 64,
  "col": 14,
  "lit": ""
}
[2026-06-11 08:26:23Z INFO ActionManifestManagerLegacy] Input 'sparse-checkout': default value evaluate result: {
  "type": 0,
  "file": 2,
  "line": 69,
  "col": 14,
  "lit": ""
}
[2026-06-11 08:26:23Z INFO ActionManifestManagerLegacy] Input 'sparse-checkout-cone-mode': default value evaluate result: {
  "type": 0,
  "file": 2,
  "line": 73,
  "col": 14,
  "lit": "true"
}
[2026-06-11 08:26:23Z INFO ActionManifestManagerLegacy] Input 'fetch-tags': default value evaluate result: {
  "type": 0,
  "file": 2,
  "line": 79,
  "col": 14,
  "lit": "false"
}
[2026-06-11 08:26:23Z INFO ActionManifestManagerLegacy] Input 'show-progress': default value evaluate result: {
  "type": 0,
  "file": 2,
  "line": 82,
  "col": 14,
  "lit": "true"
}
[2026-06-11 08:26:23Z INFO ActionManifestManagerLegacy] Input 'lfs': default value evaluate result: {
  "type": 0,
  "file": 2,
  "line": 85,
  "col": 14,
  "lit": "false"
}
[2026-06-11 08:26:23Z INFO ActionManifestManagerLegacy] Input 'submodules': default value evaluate result: {
  "type": 0,
  "file": 2,
  "line": 94,
  "col": 14,
  "lit": "false"
}
[2026-06-11 08:26:23Z INFO ActionManifestManagerLegacy] Input 'set-safe-directory': default value evaluate result: {
  "type": 0,
  "file": 2,
  "line": 97,
  "col": 14,
  "lit": "true"
}
[2026-06-11 08:26:23Z INFO ActionManifestManagerLegacy] Input 'github-server-url': default value evaluate result: ""
[2026-06-11 08:26:23Z INFO ExtensionManager] Getting extensions for interface: 'GitHub.Runner.Worker.IActionCommandExtension'
[2026-06-11 08:26:23Z INFO ActionCommandManager] Register action command extension for command internal-set-repo-path
[2026-06-11 08:26:23Z INFO ActionCommandManager] Register action command extension for command set-env
[2026-06-11 08:26:23Z INFO ActionCommandManager] Register action command extension for command set-output
[2026-06-11 08:26:23Z INFO ActionCommandManager] Register action command extension for command save-state
[2026-06-11 08:26:23Z INFO ActionCommandManager] Register action command extension for command add-path
[2026-06-11 08:26:23Z INFO ActionCommandManager] Register action command extension for command add-mask
[2026-06-11 08:26:23Z INFO ActionCommandManager] Register action command extension for command add-matcher
[2026-06-11 08:26:23Z INFO ActionCommandManager] Register action command extension for command remove-matcher
[2026-06-11 08:26:23Z INFO ActionCommandManager] Register action command extension for command warning
[2026-06-11 08:26:23Z INFO ActionCommandManager] Register action command extension for command error
[2026-06-11 08:26:23Z INFO ActionCommandManager] Register action command extension for command notice
[2026-06-11 08:26:23Z INFO ActionCommandManager] Register action command extension for command debug
[2026-06-11 08:26:23Z INFO ActionCommandManager] Register action command extension for command group
[2026-06-11 08:26:23Z INFO ActionCommandManager] Register action command extension for command endgroup
[2026-06-11 08:26:23Z INFO ActionCommandManager] Register action command extension for command echo
[2026-06-11 08:26:23Z INFO HostContext] Well known directory 'Bin': 'C:\Users\highf\Downloads\hfs\actions-runner\actions-runner\bin'
[2026-06-11 08:26:23Z INFO HostContext] Well known directory 'Root': 'C:\Users\highf\Downloads\hfs\actions-runner\actions-runner'
[2026-06-11 08:26:23Z INFO HostContext] Well known directory 'Externals': 'C:\Users\highf\Downloads\hfs\actions-runner\actions-runner\externals'
[2026-06-11 08:26:23Z INFO ProcessInvokerWrapper] Starting process:
[2026-06-11 08:26:23Z INFO ProcessInvokerWrapper]   File name: 'C:\Users\highf\Downloads\hfs\actions-runner\actions-runner\externals\node20\bin\node.exe'
[2026-06-11 08:26:23Z INFO ProcessInvokerWrapper]   Arguments: '"C:\Users\highf\Downloads\hfs\actions-runner\actions-runner\_work\_actions\actions\checkout\v4\dist/index.js"'
[2026-06-11 08:26:23Z INFO ProcessInvokerWrapper]   Working directory: 'C:\Users\highf\Downloads\hfs\actions-runner\actions-runner\_work\hfs-uber-sync\hfs-uber-sync'
[2026-06-11 08:26:23Z INFO ProcessInvokerWrapper]   Require exit code zero: 'False'
[2026-06-11 08:26:23Z INFO ProcessInvokerWrapper]   Encoding web name: utf-8 ; code page: '65001'
[2026-06-11 08:26:23Z INFO ProcessInvokerWrapper]   Force kill process on cancellation: 'False'
[2026-06-11 08:26:23Z INFO ProcessInvokerWrapper]   Redirected STDIN: 'False'
[2026-06-11 08:26:23Z INFO ProcessInvokerWrapper]   Persist current code page: 'True'
[2026-06-11 08:26:23Z INFO ProcessInvokerWrapper]   Keep redirected STDIN open: 'False'
[2026-06-11 08:26:23Z INFO ProcessInvokerWrapper]   High priority process: 'False'
[2026-06-11 08:26:23Z INFO ProcessInvokerWrapper] Process started with process id 15996, waiting for process exit.
[2026-06-11 08:26:23Z INFO JobServerQueue] Got a step log file to send to results service.
[2026-06-11 08:26:23Z INFO JobServerQueue] Starting upload of step log file to results service ResultsLog, C:\Users\highf\Downloads\hfs\actions-runner\actions-runner\_diag\blocks\4bd86fb4-e3a2-4683-91bc-714d9a1f627b_180af272-e7d3-43b6-be7d-9b830decd821.1
[2026-06-11 08:26:23Z INFO AddMaskCommandExtension] Add new secret mask with length of 32
[2026-06-11 08:26:23Z INFO JobServerQueue] Try to append 1 batches web console lines for record '0a5faad1-3460-42c3-b553-6363c617184b', success rate: 1/1.
[2026-06-11 08:26:23Z INFO JobServerQueue] Try to append 1 batches web console lines for record 'c33dfb75-bece-4bbc-97fd-f0ddc5aa5860', success rate: 1/1.
[2026-06-11 08:26:24Z INFO JobServerQueue] Try to upload 2 log files or attachments, success rate: 2/2.
[2026-06-11 08:26:24Z INFO JobServerQueue] Try to append 1 batches web console lines for record 'c33dfb75-bece-4bbc-97fd-f0ddc5aa5860', success rate: 1/1.
[2026-06-11 08:26:24Z INFO ProcessInvokerWrapper] STDOUT/STDERR stream read finished.
[2026-06-11 08:26:24Z INFO ProcessInvokerWrapper] STDOUT/STDERR stream read finished.
[2026-06-11 08:26:24Z INFO ProcessInvokerWrapper] Finished process 15996 with exit code 0, and elapsed time 00:00:01.1129488.
[2026-06-11 08:26:24Z INFO CreateStepSummaryCommand] Step Summary file (C:\Users\highf\Downloads\hfs\actions-runner\actions-runner\_work\_temp\_runner_file_commands\step_summary_626612dd-7227-4afe-b113-5e6ce4239bb0) is empty; skipping attachment upload
[2026-06-11 08:26:24Z INFO StepsRunner] Step result: 
[2026-06-11 08:26:24Z INFO ExecutionContext] Publish step telemetry for current step {
  "action": "actions/checkout",
  "ref": "v4",
  "type": "node20",
  "stage": "Post",
  "stepId": "c33dfb75-bece-4bbc-97fd-f0ddc5aa5860",
  "result": "succeeded",
  "errorMessages": [
    "The process 'C:\\Program Files\\Git\\cmd\\git.exe' failed with exit code 128"
  ],
  "executionTimeInSeconds": 2,
  "startTime": "2026-06-11T08:26:23.695133Z",
  "finishTime": "2026-06-11T08:26:24.8400169Z"
}.
[2026-06-11 08:26:24Z INFO StepsRunner] No need for updating job result with current step result 'Succeeded'.
[2026-06-11 08:26:24Z INFO StepsRunner] Current state: job state = 'Failed'
[2026-06-11 08:26:24Z INFO JobRunner] Finalize job.
[2026-06-11 08:26:24Z INFO HostContext] Well known directory 'Bin': 'C:\Users\highf\Downloads\hfs\actions-runner\actions-runner\bin'
[2026-06-11 08:26:24Z INFO HostContext] Well known directory 'Root': 'C:\Users\highf\Downloads\hfs\actions-runner\actions-runner'
[2026-06-11 08:26:24Z INFO HostContext] Well known directory 'Diag': 'C:\Users\highf\Downloads\hfs\actions-runner\actions-runner\_diag'
[2026-06-11 08:26:24Z INFO HostContext] Well known directory 'Bin': 'C:\Users\highf\Downloads\hfs\actions-runner\actions-runner\bin'
[2026-06-11 08:26:24Z INFO HostContext] Well known directory 'Root': 'C:\Users\highf\Downloads\hfs\actions-runner\actions-runner'
[2026-06-11 08:26:24Z INFO HostContext] Well known directory 'Diag': 'C:\Users\highf\Downloads\hfs\actions-runner\actions-runner\_diag'
[2026-06-11 08:26:24Z INFO JobExtension] Initialize Env context
[2026-06-11 08:26:24Z INFO JobExtension] Initialize steps context
[2026-06-11 08:26:24Z INFO JobExtension] Total accessible running process: 306.
[2026-06-11 08:26:24Z INFO JobExtension] Inspecting process environment variables. PID: 1544 (SearchProtocolHost)
[2026-06-11 08:26:24Z WARN JobExtension] Ignore exception during read process environment variables: アクセスが拒否されました。
[2026-06-11 08:26:24Z INFO JobExtension] Wait for all connectivity checks to finish.
[2026-06-11 08:26:24Z INFO JobExtension] Connectivity check result: GitHub.Runner.Worker.JobExtension+CheckResult
[2026-06-11 08:26:24Z INFO JobExtension] Connectivity check result: GitHub.Runner.Worker.JobExtension+CheckResult
[2026-06-11 08:26:24Z INFO JobExtension] Connectivity check result: GitHub.Runner.Worker.JobExtension+CheckResult
[2026-06-11 08:26:24Z INFO ExecutionContext] Publish step telemetry for current step {
  "action": "complete_job",
  "type": "runner",
  "stage": "Post",
  "stepId": "e5e11065-deb3-4afe-8329-4eab60f522de",
  "result": "succeeded",
  "errorMessages": [
    "Node.js 20 actions are deprecated. The following actions are running on Node.js 20 and may not work as expected: actions/checkout@v4, actions/setup-node@v4. Actions will be forced to run with Node.js 24 by default starting June 16th, 2026. Node.js 20 will "
  ],
  "executionTimeInSeconds": 1,
  "startTime": "2026-06-11T08:26:24.846017Z",
  "finishTime": "2026-06-11T08:26:24.8656345Z"
}.
[2026-06-11 08:26:24Z INFO JobRunner] Job result after all job steps finish: Failed
[2026-06-11 08:26:24Z INFO JobRunner] Completing the job execution context.
[2026-06-11 08:26:24Z INFO JobRunner] Shutting down the job server queue.
[2026-06-11 08:26:24Z INFO JobServerQueue] Fire signal to shutdown all queues.
[2026-06-11 08:26:25Z INFO JobServerQueue] Got a step log file to send to results service.
[2026-06-11 08:26:25Z INFO JobServerQueue] Starting upload of step log file to results service ResultsLog, C:\Users\highf\Downloads\hfs\actions-runner\actions-runner\_diag\blocks\4bd86fb4-e3a2-4683-91bc-714d9a1f627b_0a5faad1-3460-42c3-b553-6363c617184b.1
[2026-06-11 08:26:25Z INFO JobServerQueue] Tried to upload 2 file(s) to results, success rate: 2/2.
[2026-06-11 08:26:26Z INFO JobServerQueue] All queue process task stopped.
[2026-06-11 08:26:26Z INFO JobServerQueue] Try to append 1 batches web console lines for record 'c33dfb75-bece-4bbc-97fd-f0ddc5aa5860', success rate: 1/1.
[2026-06-11 08:26:26Z INFO JobServerQueue] Try to append 1 batches web console lines for record 'e5e11065-deb3-4afe-8329-4eab60f522de', success rate: 1/1.
[2026-06-11 08:26:26Z INFO JobServerQueue] Web console line queue drained.
[2026-06-11 08:26:26Z INFO JobServerQueue] Uploading 3 files in one shot.
[2026-06-11 08:26:26Z INFO JobServerQueue] Try to upload 3 log files or attachments, success rate: 3/3.
[2026-06-11 08:26:26Z INFO JobServerQueue] File upload queue drained.
[2026-06-11 08:26:26Z INFO JobServerQueue] Starting results-based upload queue...
[2026-06-11 08:26:26Z INFO JobServerQueue] Uploading 3 file(s) in one shot through results service.
[2026-06-11 08:26:26Z INFO JobServerQueue] Got a step log file to send to results service.
[2026-06-11 08:26:26Z INFO JobServerQueue] Starting upload of step log file to results service ResultsLog, C:\Users\highf\Downloads\hfs\actions-runner\actions-runner\_diag\blocks\4bd86fb4-e3a2-4683-91bc-714d9a1f627b_c33dfb75-bece-4bbc-97fd-f0ddc5aa5860.1
[2026-06-11 08:26:27Z INFO JobServerQueue] Got a step log file to send to results service.
[2026-06-11 08:26:27Z INFO JobServerQueue] Starting upload of step log file to results service ResultsLog, C:\Users\highf\Downloads\hfs\actions-runner\actions-runner\_diag\blocks\4bd86fb4-e3a2-4683-91bc-714d9a1f627b_e5e11065-deb3-4afe-8329-4eab60f522de.1
[2026-06-11 08:26:28Z INFO JobServerQueue] Got a job log file to send to results service.
[2026-06-11 08:26:28Z INFO JobServerQueue] Starting upload of job log file to results service ResultsLog, C:\Users\highf\Downloads\hfs\actions-runner\actions-runner\_diag\blocks\4bd86fb4-e3a2-4683-91bc-714d9a1f627b_15e56d65-c496-53c9-bd05-c7d0e6fb5dc0.1
[2026-06-11 08:26:29Z INFO JobServerQueue] Tried to upload 3 file(s) to results, success rate: 3/3.
[2026-06-11 08:26:29Z INFO JobServerQueue] Results upload queue drained.
[2026-06-11 08:26:29Z INFO JobServerQueue] Timeline update queue drained.
[2026-06-11 08:26:29Z INFO JobServerQueue] Disposing job server ...
[2026-06-11 08:26:29Z INFO JobServerQueue] Disposing results server ...
[2026-06-11 08:26:29Z INFO JobServerQueue] All queue process tasks have been stopped, and all queues are drained.
[2026-06-11 08:26:29Z INFO TempDirectoryManager] Cleaning runner temp folder: C:\Users\highf\Downloads\hfs\actions-runner\actions-runner\_work\_temp
[2026-06-11 08:26:29Z INFO HostContext] Well known directory 'Bin': 'C:\Users\highf\Downloads\hfs\actions-runner\actions-runner\bin'
[2026-06-11 08:26:29Z INFO HostContext] Well known directory 'Root': 'C:\Users\highf\Downloads\hfs\actions-runner\actions-runner'
[2026-06-11 08:26:29Z INFO HostContext] Well known directory 'Diag': 'C:\Users\highf\Downloads\hfs\actions-runner\actions-runner\_diag'
[2026-06-11 08:26:29Z INFO HostContext] Well known config file 'Telemetry': 'C:\Users\highf\Downloads\hfs\actions-runner\actions-runner\_diag\.telemetry'
[2026-06-11 08:26:29Z INFO JobRunner] Raising job completed against run service
[2026-06-11 08:26:30Z INFO Worker] Job completed.
